chr6	15222339	15222840	502	*	4.0	4.63	2.84	1.79	0.0295	0.0524	0.12767213114754097
chr6	162843932	162844915	984	*	4.48	3.37	5.1	-1.73	0.0315	0.0558	0.13588235294117648
chr6	130260239	130261354	1116	*	4.68	3.8	5.22	-1.42	0.0325	0.0576	0.13973941368078177
chr6	12287569	12287959	391	*	2.59	1.43	3.22	-1.79	0.0333	0.0591	0.14271428571428574
chr6	1429656	1432809	3154	*	3.86	4.44	2.86	1.59	0.0343	0.0608	0.1465242718446602
chr6	11414315	11415189	875	*	4.66	3.35	5.34	-1.99	0.0345	0.0611	0.14685530546623796
chr6	70301032	70302398	1367	*	3.03	3.68	1.83	1.85	0.0346	0.0612	0.14685530546623796
chr6	39314020	39317073	3054	*	5.02	5.63	3.97	1.66	0.0368	0.0651	0.15561661341853036
chr6	162446869	162448693	1825	*	3.9	4.54	2.72	1.82	0.0369	0.0651	0.15561661341853036
chr6	166790579	166791723	1145	*	3.27	3.9	2.12	1.78	0.0389	0.0685	0.16352866242038214
chr6	2972229	2972713	485	*	2.9	1.81	3.51	-1.7	0.0392	0.0691	0.16426666666666664
chr6	6295340	6299740	4401	*	4.2	4.84	3.04	1.8	0.0407	0.0716	0.1700126582278481
chr6	162444540	162445550	1011	*	2.43	3.03	1.36	1.67	0.0411	0.0723	0.17114195583596215
chr6	157981515	157982421	907	*	5.49	4.28	6.14	-1.85	0.0414	0.0727	0.1717241379310345
chr6	44584684	44589310	4627	*	4.58	5.17	3.58	1.59	0.0415	0.0729	0.1717241379310345
chr6	107847865	107848176	312	*	2.78	3.4	1.69	1.71	0.0418	0.0734	0.172425
chr6	80573271	80574004	734	*	5.5	4.35	6.13	-1.79	0.0435	0.0763	0.17887850467289718
chr6	75750327	75750673	347	*	1.66	0.5	2.29	-1.79	0.0465	0.0813	0.19062111801242237
chr6	107953397	107954032	636	*	2.97	3.53	2.04	1.49	0.0483	0.0845	0.19738699690402478
chr6	86665494	86666717	1224	*	2.81	3.36	1.92	1.44	0.051	0.0892	0.20777777777777776
chr6	40305203	40307234	2032	*	3.88	4.5	2.76	1.73	0.0517	0.0903	0.20998153846153847
chr6	169974848	169977645	2798	*	4.7	5.2	3.93	1.27	0.052000000000000005	0.0908	0.21055214723926383
chr6	60664919	60666241	1323	*	2.97	3.59	1.89	1.69	0.0584	0.102	0.23551367781155017
chr6	36423660	36424547	888	*	5.26	5.92	4.02	1.9	0.0587	0.102	0.23551367781155017
chr6	149928150	149928538	389	*	1.7	2.28	0.72	1.56	0.0587	0.102	0.23551367781155017
chr6	130403984	130405779	1796	*	3.49	4.03	2.6	1.43	0.059000000000000004	0.102	0.23600000000000002
chr6	142092837	142096804	3968	*	4.85	5.43	3.87	1.55	0.0601	0.10400000000000001	0.23967371601208462
chr6	11434185	11434936	752	*	3.7	2.65	4.3	-1.65	0.0642	0.111	0.25525301204819273
chr6	165929064	165930673	1610	*	3.67	4.25	2.67	1.58	0.0644	0.111	0.2552792792792793
chr6	130702802	130703289	488	*	2.58	3.13	1.68	1.45	0.0653	0.113	0.2580718562874251
chr6	96521361	96522266	906	*	5.44	6.07	4.29	1.78	0.0658	0.113	0.2592716417910448
chr6	96413310	96413641	332	*	1.23	1.77	0.36	1.41	0.0661	0.114	0.2596785714285715
chr6	2763412	2764181	770	*	5.43	4.31	6.05	-1.74	0.0674	0.11599999999999999	0.264
chr6	88252187	88259559	7373	*	4.95	4.06	5.49	-1.43	0.0682	0.11699999999999999	0.2655575221238938
chr6	57046570	57047038	469	*	4.83	3.76	5.44	-1.67	0.0682	0.11699999999999999	0.2655575221238938
chr6	167382802	167385357	2556	*	4.65	5.17	3.83	1.35	0.0685	0.11699999999999999	0.26594117647058824
chr6	76106982	76109887	2906	*	3.85	4.44	2.83	1.61	0.0688	0.11800000000000001	0.2663225806451613
chr6	6032374	6033466	1093	*	3.3	3.86	2.36	1.51	0.0691	0.11800000000000001	0.2667017543859649
chr6	20875994	20876685	692	*	3.92	2.8	4.55	-1.75	0.0732	0.125	0.2817026239067056
chr6	86645420	86646785	1366	*	2.84	3.43	1.82	1.61	0.0738	0.126	0.28318604651162793
chr6	76295069	76298068	3000	*	3.97	4.55	2.97	1.58	0.0744	0.127	0.28466086956521736
chr6	69517430	69519041	1612	*	2.66	1.79	3.2	-1.42	0.0759	0.13	0.28956069364161846
chr6	73837135	73841479	4345	*	6.09	5.44	6.54	-1.09	0.0772	0.132	0.293671469740634
chr6	167533551	167534098	548	*	2.78	3.3	1.96	1.35	0.0801	0.136	0.3038275862068966
chr6	110059646	110061322	1677	*	3.39	3.94	2.5	1.44	0.0823	0.14	0.3107657142857143
chr6	165776853	165777904	1052	*	2.82	1.98	3.35	-1.37	0.0824	0.14	0.3107657142857143
chr6	116058540	116059098	559	*	4.73	5.3	3.77	1.54	0.0839	0.142	0.31537499999999996
chr6	117262879	117264513	1635	*	3.11	3.68	2.15	1.52	0.0841	0.14300000000000002	0.31537499999999996
chr6	44755875	44760428	4554	*	4.75	5.28	3.9	1.38	0.0845	0.14300000000000002	0.31545762711864406
chr6	167376990	167381480	4491	*	5.67	6.12	5.02	1.1	0.0846	0.14300000000000002	0.31545762711864406
chr6	35506109	35506781	673	*	3.49	2.71	4.0	-1.29	0.0863	0.146	0.32089014084507045
chr6	18389418	18389770	353	*	3.38	3.97	2.36	1.62	0.0882	0.149	0.3268571428571429
chr6	70280234	70280898	665	*	3.55	2.81	4.03	-1.22	0.0884	0.149	0.3268571428571429
chr6	8100432	8100845	414	*	3.83	4.41	2.84	1.57	0.0889	0.15	0.3277877094972067
chr6	6211660	6214505	2846	*	5.06	5.5	4.41	1.09	0.0896	0.151	0.32853333333333334
chr6	170032439	170033756	1318	*	3.92	4.43	3.12	1.31	0.0896	0.151	0.32853333333333334
chr6	33623915	33624643	729	*	3.25	2.32	3.81	-1.5	0.0906	0.153	0.3310939226519337
chr6	12044454	12044932	479	*	3.33	2.43	3.88	-1.45	0.0908	0.153	0.3310939226519337
chr6	169174832	169175481	650	*	4.16	3.33	4.69	-1.36	0.09300000000000001	0.156	0.33761538461538465
chr6	69480206	69483623	3418	*	4.62	3.82	5.13	-1.31	0.0931	0.156	0.33761538461538465
chr6	170130258	170130798	541	*	3.51	4.06	2.62	1.44	0.0937	0.157	0.33773297002724795
chr6	115081764	115082886	1123	*	2.74	3.24	1.97	1.27	0.0939	0.157	0.33773297002724795
chr6	169968421	169969632	1212	*	3.53	4.06	2.67	1.39	0.0939	0.157	0.33773297002724795
chr6	149858763	149859234	472	*	3.65	4.24	2.63	1.62	0.096	0.161	0.3432
chr6	21987663	21987985	323	*	3.48	2.5	4.06	-1.57	0.096	0.161	0.3432
chr6	149988055	149989190	1136	*	2.96	3.52	2.04	1.48	0.0962	0.161	0.3432
chr6	37699327	37699765	439	*	3.41	3.95	2.56	1.38	0.1	0.16699999999999998	0.3557951482479785
chr6	6687041	6687217	177	*	0.98	0.25	1.47	-1.22	0.10099999999999999	0.16899999999999998	0.35838709677419356
chr6	40286824	40288250	1427	*	3.52	4.06	2.62	1.44	0.105	0.175	0.37058823529411766
chr6	169252101	169252557	457	*	2.68	3.21	1.82	1.39	0.105	0.17600000000000002	0.37058823529411766
chr6	6100028	6101558	1531	*	2.84	3.37	1.98	1.38	0.106	0.177	0.37311999999999995
chr6	109973849	109975674	1826	*	3.19	3.75	2.27	1.48	0.10800000000000001	0.18	0.37714285714285717
chr6	44218461	44219219	759	*	4.18	4.69	3.38	1.32	0.10800000000000001	0.18	0.37714285714285717
chr6	168083531	168085063	1533	*	3.59	4.13	2.72	1.41	0.10800000000000001	0.18	0.37714285714285717
chr6	166857792	166864025	6234	*	5.85	6.32	5.14	1.18	0.111	0.184	0.385578947368421
chr6	90623906	90625514	1609	*	3.22	3.74	2.42	1.31	0.111	0.184	0.385578947368421
chr6	166954937	166955462	526	*	4.0	4.6	2.98	1.62	0.114	0.18899999999999997	0.39496062992125985
chr6	44884347	44885264	918	*	4.95	4.15	5.46	-1.31	0.115	0.191	0.39738219895287963
chr6	80829405	80830196	792	*	2.3	2.8	1.53	1.26	0.11800000000000001	0.195	0.40562500000000007
chr6	82101447	82101979	533	*	4.08	4.58	3.31	1.27	0.11800000000000001	0.195	0.40562500000000007
chr6	27242608	27243058	451	*	2.62	3.12	1.85	1.27	0.12	0.19899999999999998	0.41142857142857137
chr6	168297201	168299161	1961	*	3.25	3.78	2.41	1.37	0.121	0.19899999999999998	0.4137823834196891
chr6	131385510	131387813	2304	*	3.35	3.85	2.57	1.28	0.127	0.21	0.43317829457364343
chr6	39035690	39036295	606	*	2.51	3.04	1.68	1.36	0.128	0.21	0.4354639175257732
chr6	41375049	41375861	813	*	2.15	2.62	1.44	1.17	0.133	0.21899999999999997	0.4513110539845759
chr6	152932452	152933166	715	*	2.2	2.69	1.46	1.24	0.135	0.221	0.45692307692307693
chr6	5336621	5337132	512	*	2.53	1.71	3.06	-1.35	0.136	0.223	0.45913043478260873
chr6	39328419	39328931	513	*	1.64	2.11	0.92	1.19	0.138	0.226	0.46469387755102043
chr6	154926456	154927207	752	*	2.41	2.88	1.7	1.17	0.14	0.22899999999999998	0.4702290076335878
chr6	14044143	14044438	296	*	3.59	4.11	2.75	1.36	0.146	0.23800000000000002	0.48913705583756345
chr6	70332011	70333292	1282	*	3.41	3.89	2.68	1.2	0.147	0.24100000000000002	0.49124050632911387
chr6	2478599	2479548	950	*	2.8	3.26	2.13	1.13	0.151	0.24600000000000002	0.502065491183879
chr6	168325288	168326978	1691	*	3.65	4.12	2.95	1.18	0.151	0.24600000000000002	0.502065491183879
chr6	151393444	151394103	660	*	4.09	3.3	4.59	-1.29	0.156	0.255	0.5173869346733668
chr6	33805828	33811039	5212	*	4.91	5.39	4.17	1.22	0.157	0.257	0.5193984962406015
chr6	160789549	160790354	806	*	4.12	4.61	3.37	1.23	0.158	0.258	0.5214
chr6	168560493	168562541	2049	*	2.65	2.13	3.02	-0.89	0.16	0.26	0.5253731343283582
chr6	70365028	70367625	2598	*	3.87	4.34	3.16	1.18	0.16	0.26	0.5253731343283582
chr6	166156771	166157274	504	*	4.05	4.54	3.29	1.25	0.16399999999999998	0.266	0.5371712158808932
chr6	18770111	18774129	4019	*	4.15	4.63	3.42	1.21	0.166	0.26899999999999996	0.5410370370370371
chr6	107114531	107115037	507	*	4.1	4.58	3.38	1.2	0.166	0.26899999999999996	0.5410370370370371
chr6	39065380	39066756	1377	*	3.27	3.73	2.61	1.12	0.16699999999999998	0.27	0.5416216216216215
chr6	39250538	39253839	3302	*	4.73	5.18	4.08	1.1	0.16699999999999998	0.271	0.5416216216216215
chr6	10134175	10134739	565	*	4.06	4.53	3.34	1.19	0.171	0.27699999999999997	0.5532352941176472
chr6	86394395	86397194	2800	*	3.7	4.18	2.98	1.21	0.17600000000000002	0.285	0.5666341463414635
chr6	451851	453430	1580	*	4.04	4.5	3.38	1.12	0.17600000000000002	0.285	0.5666341463414635
chr6	86639397	86640436	1040	*	2.95	3.44	2.21	1.22	0.179	0.289	0.5748905109489051
chr6	104873419	104874364	946	*	2.63	3.06	2.02	1.05	0.18100000000000002	0.292	0.5799029126213593
chr6	130332333	130332712	380	*	1.97	2.45	1.26	1.19	0.183	0.294	0.5848910411622276
chr6	110000244	110001540	1297	*	3.19	3.67	2.46	1.2	0.185	0.297	0.5898550724637681
chr6	115959625	115960703	1079	*	6.07	5.28	6.58	-1.29	0.18600000000000003	0.299	0.5916144578313254
chr6	150892511	150893204	694	*	3.64	4.14	2.88	1.26	0.187	0.3	0.5933653846153847
chr6	40518893	40521024	2132	*	3.48	3.93	2.81	1.12	0.188	0.302	0.5951079136690647
chr6	16015879	16016709	831	*	5.24	5.68	4.61	1.07	0.19	0.304	0.5985680190930788
chr6	168355817	168356241	425	*	4.61	5.07	3.93	1.15	0.19	0.305	0.5985680190930788
chr6	5995150	5995718	569	*	3.55	3.93	3.05	0.87	0.192	0.307	0.6034285714285714
chr6	168295874	168296614	741	*	2.6	3.05	1.94	1.11	0.193	0.308	0.6051306413301663
chr6	52256131	52257162	1032	*	2.82	3.26	2.17	1.09	0.195	0.312	0.6099526066350711
chr6	324965	326153	1189	*	4.18	4.59	3.6	0.99	0.19699999999999998	0.314	0.6147517730496453
chr6	8868540	8870593	2054	*	3.34	3.8	2.64	1.17	0.198	0.315	0.6164150943396226
chr6	106911513	106912332	820	*	3.82	3.17	4.26	-1.09	0.19899999999999998	0.317	0.618070588235294
chr6	98299350	98299989	640	*	1.87	2.32	1.2	1.12	0.2	0.317	0.6182669789227166
chr6	6825411	6826303	893	*	3.96	4.39	3.35	1.04	0.2	0.318	0.6182669789227166
chr6	11227352	11228362	1011	*	4.57	5.04	3.88	1.16	0.20199999999999999	0.32	0.6229906542056075
chr6	158470015	158471275	1261	*	3.21	3.63	2.62	1.01	0.204	0.322	0.6276923076923077
chr6	165805751	165807095	1345	*	2.57	1.94	3.0	-1.06	0.205	0.324	0.6293023255813953
chr6	167420138	167420902	765	*	4.44	3.83	4.87	-1.03	0.20600000000000002	0.326	0.6309048723897912
chr6	3156185	3157460	1276	*	5.98	5.37	6.4	-1.04	0.207	0.327	0.6325
chr6	60579887	60582325	2439	*	3.64	3.01	4.07	-1.06	0.209	0.33	0.634324942791762
chr6	151374772	151375067	296	*	2.91	2.21	3.38	-1.17	0.209	0.33	0.634324942791762
chr6	90593643	90594720	1078	*	2.6	3.06	1.91	1.14	0.21	0.33	0.634324942791762
chr6	119350513	119350934	422	*	3.81	3.12	4.28	-1.16	0.21	0.33	0.634324942791762
chr6	80497481	80498158	678	*	5.02	5.49	4.33	1.16	0.21	0.33	0.634324942791762
chr6	90712088	90713254	1167	*	2.44	2.9	1.77	1.13	0.213	0.33399999999999996	0.641917808219178
chr6	124712013	124713119	1107	*	4.16	4.6	3.52	1.09	0.21600000000000003	0.33899999999999997	0.6494760820045559
chr6	465440	467711	2272	*	3.99	4.42	3.37	1.06	0.218	0.34299999999999997	0.654
chr6	37694823	37696003	1181	*	2.92	3.32	2.35	0.97	0.223	0.35	0.6674829931972789
chr6	52253460	52254119	660	*	3.38	3.79	2.81	0.97	0.225	0.35200000000000004	0.6719457013574661
chr6	157382318	157383152	835	*	4.65	5.08	4.04	1.04	0.22699999999999998	0.355	0.6763882618510156
chr6	70954810	70957247	2438	*	6.64	7.05	6.05	1.0	0.228	0.35600000000000004	0.6778378378378379
chr6	170016379	170017461	1083	*	2.97	3.41	2.33	1.07	0.23	0.36	0.6807174887892377
chr6	88219285	88219739	455	*	2.07	2.51	1.44	1.07	0.23	0.36	0.6807174887892377
chr6	18788467	18793270	4804	*	4.62	5.07	3.97	1.1	0.231	0.361	0.6821476510067115
chr6	167715011	167716990	1980	*	4.16	4.6	3.53	1.06	0.23199999999999998	0.36200000000000004	0.6835714285714285
chr6	96520547	96520867	321	*	2.78	3.2	2.17	1.04	0.23399999999999999	0.365	0.6879287305122495
chr6	109568957	109570456	1500	*	3.11	3.52	2.52	1.01	0.235	0.36700000000000005	0.6893333333333334
chr6	110815492	110815866	375	*	3.91	4.35	3.26	1.1	0.23600000000000002	0.368	0.6907317073170732
chr6	35765498	35767057	1560	*	3.81	4.19	3.28	0.91	0.239	0.37200000000000005	0.6979646017699115
chr6	168284738	168286383	1646	*	3.21	3.65	2.57	1.08	0.24	0.373	0.6993377483443708
chr6	40283957	40286029	2073	*	3.92	4.36	3.28	1.08	0.245	0.381	0.7123348017621145
chr6	76114166	76116551	2386	*	3.86	4.27	3.3	0.97	0.247	0.38299999999999995	0.715
chr6	168071439	168071905	467	*	3.52	3.95	2.91	1.05	0.247	0.38299999999999995	0.715
chr6	130348306	130352589	4284	*	4.51	4.96	3.87	1.08	0.249	0.386	0.7176419213973799
chr6	159286433	159287795	1363	*	3.29	3.73	2.66	1.06	0.249	0.386	0.7176419213973799
chr6	110981243	110982013	771	*	6.25	6.73	5.54	1.19	0.25	0.387	0.7189542483660131
chr6	52577116	52578377	1262	*	6.37	6.84	5.66	1.17	0.252	0.389	0.7215618221258134
chr6	24122666	24123240	575	*	2.11	2.52	1.53	0.99	0.252	0.389	0.7215618221258134
chr6	24494592	24495032	441	*	4.74	5.15	4.15	1.0	0.253	0.391	0.7228571428571429
chr6	39018473	39020257	1785	*	3.77	4.2	3.16	1.04	0.254	0.392	0.72414686825054
chr6	116100846	116102335	1490	*	6.63	5.94	7.09	-1.14	0.255	0.39399999999999996	0.7251502145922747
chr6	16752121	16753220	1100	*	3.39	2.75	3.83	-1.08	0.256	0.39399999999999996	0.7251502145922747
chr6	164927536	164927839	304	*	4.34	4.82	3.6	1.23	0.256	0.39399999999999996	0.7251502145922747
chr6	52330260	52331450	1191	*	4.63	5.07	4.0	1.07	0.257	0.395	0.726423982869379
chr6	150167650	150168499	850	*	5.57	5.98	5.0	0.98	0.259	0.397	0.7265546218487395
chr6	7057845	7058302	458	*	3.47	3.9	2.84	1.07	0.259	0.39799999999999996	0.7265546218487395
chr6	166773442	166775227	1786	*	4.4	4.76	3.9	0.86	0.26	0.39899999999999997	0.7265546218487395
chr6	168130993	168135166	4174	*	6.21	6.53	5.79	0.74	0.26	0.39899999999999997	0.7265546218487395
chr6	167545822	167547386	1565	*	4.28	4.62	3.82	0.81	0.26	0.39899999999999997	0.7265546218487395
chr6	37597154	37598842	1689	*	2.9	3.29	2.38	0.92	0.261	0.39899999999999997	0.7265546218487395
chr6	6007507	6009477	1971	*	6.26	5.65	6.69	-1.04	0.261	0.39899999999999997	0.7265546218487395
chr6	117892654	117893916	1263	*	2.82	3.22	2.28	0.93	0.262	0.4	0.7265546218487395
chr6	44291379	44291981	603	*	2.72	3.13	2.15	0.98	0.262	0.4	0.7265546218487395
chr6	129706942	129707281	340	*	2.56	2.0	2.96	-0.96	0.266	0.406	0.7361006289308176
chr6	98843456	98844504	1049	*	3.2	2.61	3.61	-1.0	0.268	0.408	0.7400836820083683
chr6	168570174	168573312	3139	*	3.65	4.02	3.15	0.87	0.27399999999999997	0.41700000000000004	0.7534999999999998
chr6	90674784	90675393	610	*	2.67	3.03	2.18	0.85	0.27399999999999997	0.41700000000000004	0.7534999999999998
chr6	6189161	6194784	5624	*	4.95	5.36	4.37	0.98	0.275	0.419	0.7546777546777548
chr6	39142139	39144888	2750	*	4.15	4.6	3.5	1.1	0.276	0.419	0.755850622406639
chr6	37424015	37424701	687	*	4.82	4.23	5.24	-1.01	0.27699999999999997	0.42100000000000004	0.756618556701031
chr6	10517840	10518471	632	*	4.44	3.74	4.91	-1.17	0.278	0.42200000000000004	0.756618556701031
chr6	16724166	16724531	366	*	3.0	2.4	3.42	-1.02	0.278	0.42200000000000004	0.756618556701031
chr6	6678705	6679036	332	*	3.49	3.89	2.93	0.97	0.27899999999999997	0.423	0.7577777777777778
chr6	7504706	7505867	1162	*	4.57	4.06	4.95	-0.89	0.28300000000000003	0.429	0.7670636550308009
chr6	40226209	40227093	885	*	2.6	3.0	2.06	0.94	0.28800000000000003	0.436	0.7790163934426231
chr6	22036461	22036983	523	*	3.22	2.72	3.59	-0.87	0.289	0.436	0.7801226993865029
chr6	37559084	37565414	6331	*	5.41	5.78	4.92	0.86	0.29	0.43799999999999994	0.7812244897959183
chr6	158804076	158804608	533	*	3.46	3.86	2.92	0.93	0.292	0.44	0.785010183299389
chr6	160684967	160685546	580	*	4.18	4.54	3.69	0.85	0.293	0.442	0.7860975609756097
chr6	39002143	39004157	2015	*	3.5	3.88	2.96	0.92	0.294	0.44299999999999995	0.7871805273833671
chr6	40737064	40738817	1754	*	4.14	4.47	3.72	0.75	0.29600000000000004	0.445	0.7893333333333334
chr6	97382053	97382775	723	*	5.54	5.94	5.0	0.94	0.29600000000000004	0.445	0.7893333333333334
chr6	157690009	157692628	2620	*	4.28	4.58	3.92	0.66	0.297	0.447	0.7904032258064516
chr6	6047528	6049569	2042	*	3.79	4.2	3.21	1.0	0.3	0.45	0.7962324649298597
chr6	40342794	40343741	948	*	3.05	3.45	2.51	0.94	0.301	0.451	0.7962324649298597
chr6	167175770	167178181	2412	*	4.77	4.34	5.1	-0.75	0.301	0.451	0.7962324649298597
chr6	90688552	90690166	1615	*	3.56	3.97	3.0	0.97	0.304	0.455	0.8019920318725099
chr6	157822518	157823435	918	*	5.48	5.87	4.93	0.94	0.305	0.457	0.8019920318725099
chr6	157311601	157312185	585	*	0.98	1.29	0.6	0.68	0.305	0.457	0.8019920318725099
chr6	1450198	1451441	1244	*	3.5	3.89	2.96	0.94	0.307	0.45799999999999996	0.8056461232604374
chr6	109184443	109186331	1889	*	3.59	3.92	3.17	0.76	0.31	0.46299999999999997	0.808695652173913
chr6	165821055	165822216	1162	*	3.18	2.72	3.54	-0.82	0.31	0.46299999999999997	0.808695652173913
chr6	52326127	52326565	439	*	2.56	2.93	2.06	0.88	0.31	0.46299999999999997	0.808695652173913
chr6	168595124	168596794	1671	*	4.72	5.04	4.31	0.73	0.312	0.465	0.8123076923076923
chr6	82365986	82366320	335	*	3.43	3.81	2.91	0.9	0.314	0.46799999999999997	0.8159055118110237
chr6	117244985	117245585	601	*	4.14	3.68	4.48	-0.8	0.315	0.469	0.8168958742632613
chr6	2970747	2971686	940	*	6.14	5.49	6.58	-1.1	0.319	0.473	0.8240313111545988
chr6	117853179	117855162	1984	*	2.98	3.32	2.53	0.8	0.319	0.474	0.8240313111545988
chr6	157147146	157148024	879	*	5.16	5.6	4.52	1.08	0.321	0.47600000000000003	0.827578125
chr6	118244131	118245480	1350	*	2.82	3.2	2.31	0.9	0.322	0.47700000000000004	0.8285380116959065
chr6	106360087	106360368	282	*	3.73	3.23	4.1	-0.87	0.32299999999999995	0.478	0.8294941634241244
chr6	40234829	40240448	5620	*	4.79	5.17	4.27	0.9	0.324	0.479	0.8304466019417476
chr6	160208905	160211027	2123	*	4.32	4.66	3.88	0.78	0.325	0.48100000000000004	0.8313953488372093
chr6	43769654	43770118	465	*	5.39	5.77	4.88	0.9	0.326	0.48200000000000004	0.8323404255319149
chr6	118934566	118936070	1505	*	7.22	7.63	6.64	0.99	0.327	0.483	0.8332818532818533
chr6	159303540	159305456	1917	*	3.62	3.99	3.12	0.87	0.32799999999999996	0.484	0.8342196531791907
chr6	11172597	11173045	449	*	4.14	4.53	3.6	0.93	0.32899999999999996	0.486	0.8351538461538461
chr6	167501584	167502220	637	*	2.82	2.39	3.15	-0.76	0.331	0.48700000000000004	0.8370114942528736
chr6	40608826	40609991	1166	*	2.92	3.28	2.45	0.83	0.331	0.48700000000000004	0.8370114942528736
chr6	70884432	70884749	318	*	3.8	4.21	3.23	0.98	0.332	0.488	0.8379349904397706
chr6	106690756	106691303	548	*	2.26	1.75	2.64	-0.89	0.33399999999999996	0.491	0.8406844106463879
chr6	39083749	39085591	1843	*	3.37	3.74	2.86	0.88	0.335	0.49200000000000005	0.8406844106463879
chr6	132812748	132813327	580	*	4.64	4.07	5.05	-0.98	0.335	0.49200000000000005	0.8406844106463879
chr6	38996416	38998909	2494	*	3.98	4.34	3.48	0.86	0.336	0.49200000000000005	0.8415939278937382
chr6	41236204	41245965	9762	*	5.91	6.26	5.44	0.82	0.33799999999999997	0.495	0.8449999999999999
chr6	7544743	7545037	295	*	3.35	3.72	2.83	0.89	0.341	0.499	0.8492830188679247
chr6	7241696	7242304	609	*	4.64	5.03	4.1	0.93	0.341	0.5	0.8492830188679247
chr6	22887569	22888027	459	*	2.94	3.32	2.42	0.9	0.342	0.501	0.8494559099437147
chr6	170265550	170266115	566	*	4.2	4.52	3.79	0.73	0.34299999999999997	0.501	0.8494559099437147
chr6	52328633	52328914	282	*	2.25	2.58	1.81	0.76	0.34299999999999997	0.502	0.8494559099437147
chr6	11209886	11210279	394	*	2.44	2.79	1.98	0.8	0.35100000000000003	0.511	0.8676404494382023
chr6	39009034	39010445	1412	*	3.29	3.66	2.81	0.85	0.35200000000000004	0.512	0.8677777777777776
chr6	112033332	112033606	275	*	1.86	1.49	2.15	-0.66	0.353	0.514	0.8677777777777776
chr6	44329844	44330259	416	*	2.1	2.43	1.67	0.77	0.354	0.514	0.8677777777777776
chr6	161375395	161375696	302	*	4.21	4.56	3.74	0.82	0.355	0.516	0.8677777777777776
chr6	41194159	41198118	3960	*	4.5	4.86	4.01	0.86	0.355	0.516	0.8677777777777776
chr6	76299065	76299425	361	*	2.17	2.48	1.77	0.71	0.355	0.516	0.8677777777777776
chr6	167168818	167175156	6339	*	5.92	6.21	5.56	0.65	0.35600000000000004	0.516	0.8686136783733828
chr6	22826337	22827180	844	*	4.0	4.38	3.48	0.9	0.359	0.521	0.8743173431734318
chr6	80800663	80803967	3305	*	3.48	3.81	3.04	0.77	0.363	0.526	0.8808088235294118
chr6	57091465	57091796	332	*	2.84	2.42	3.17	-0.76	0.363	0.526	0.8808088235294118
chr6	170125056	170126143	1088	*	4.09	4.37	3.75	0.62	0.368	0.532	0.8896174863387978
chr6	166805123	166806646	1524	*	2.92	3.27	2.46	0.82	0.368	0.532	0.8896174863387978
chr6	41787686	41788680	995	*	5.11	5.49	4.6	0.88	0.369	0.5329999999999999	0.8896174863387978
chr6	149982781	149983265	485	*	2.63	2.93	2.24	0.69	0.37	0.534	0.8896174863387978
chr6	159289274	159290958	1685	*	3.86	4.21	3.41	0.8	0.37	0.534	0.8896174863387978
chr6	33579164	33580046	883	*	6.08	5.52	6.49	-0.97	0.373	0.537	0.8952
chr6	34094234	34095379	1146	*	2.38	1.99	2.68	-0.69	0.375	0.54	0.8967391304347827
chr6	170026668	170027512	845	*	5.06	4.59	5.41	-0.82	0.375	0.54	0.8967391304347827
chr6	1433757	1436277	2521	*	6.45	6.72	6.12	0.6	0.376	0.54	0.8974100719424459
chr6	60662147	60663501	1355	*	3.02	3.37	2.58	0.79	0.377	0.542	0.8974100719424459
chr6	41191686	41192300	615	*	3.81	3.44	4.1	-0.66	0.37799999999999995	0.542	0.8974100719424459
chr6	37530082	37534026	3945	*	4.42	4.77	3.96	0.81	0.37799999999999995	0.542	0.8974100719424459
chr6	167535563	167536684	1122	*	2.48	2.8	2.05	0.75	0.38	0.545	0.8989247311827957
chr6	6685387	6685710	324	*	3.11	2.67	3.44	-0.77	0.38	0.545	0.8989247311827957
chr6	103558255	103559481	1227	*	2.69	2.34	2.97	-0.64	0.381	0.546	0.8996779964221825
chr6	168359657	168360116	460	*	2.34	2.67	1.91	0.76	0.382	0.547	0.9004285714285715
chr6	16409676	16410113	438	*	4.19	4.51	3.76	0.75	0.384	0.5489999999999999	0.9035294117647059
chr6	47785928	47787721	1794	*	3.9	4.19	3.53	0.66	0.385	0.5489999999999999	0.9042704626334519
chr6	104888458	104890061	1604	*	2.66	2.22	2.99	-0.77	0.386	0.551	0.9050088809946715
chr6	4647337	4647838	502	*	3.41	3.71	3.03	0.68	0.38799999999999996	0.5539999999999999	0.9080851063829787
chr6	88293901	88294274	374	*	1.5	1.13	1.8	-0.67	0.395	0.563	0.9228318584070797
chr6	1604067	1604437	371	*	4.0	4.3	3.62	0.68	0.402	0.573	0.9358730158730159
chr6	127593167	127594084	918	*	4.84	5.17	4.41	0.76	0.402	0.573	0.9358730158730159
chr6	37524007	37528895	4889	*	4.95	5.28	4.52	0.76	0.405	0.5760000000000001	0.9395430579964852
chr6	52504164	52504509	346	*	4.19	4.51	3.8	0.71	0.405	0.5760000000000001	0.9395430579964852
chr6	115121204	115121869	666	*	5.76	6.1	5.32	0.78	0.408	0.58	0.9441666666666668
chr6	12864581	12865242	662	*	2.25	1.87	2.55	-0.67	0.41	0.5820000000000001	0.9441666666666668
chr6	70194298	70194725	428	*	1.89	2.23	1.46	0.77	0.41	0.5820000000000001	0.9441666666666668
chr6	8083095	8083951	857	*	3.66	3.97	3.27	0.7	0.41100000000000003	0.583	0.9441666666666668
chr6	165308777	165309364	588	*	4.58	4.9	4.16	0.74	0.41100000000000003	0.583	0.9441666666666668
chr6	35182192	35182434	243	*	4.09	4.38	3.72	0.66	0.41200000000000003	0.583	0.9441666666666668
chr6	27893382	27894302	921	*	6.68	6.17	7.05	-0.88	0.41200000000000003	0.583	0.9441666666666668
chr6	168999582	168999902	321	*	3.39	3.71	2.99	0.72	0.41600000000000004	0.588	0.951681109185442
chr6	106325918	106326815	898	*	5.41	4.96	5.76	-0.8	0.419	0.591	0.956885813148789
chr6	160213794	160215551	1758	*	4.04	4.31	3.71	0.61	0.42100000000000004	0.594	0.9597927461139897
chr6	151628029	151628760	732	*	4.24	4.55	3.84	0.71	0.423	0.596	0.9626896551724138
chr6	17815398	17815614	217	*	4.0	4.37	3.5	0.87	0.424	0.597	0.9633046471600689
chr6	47043147	47043693	547	*	2.72	2.31	3.04	-0.73	0.42700000000000005	0.601	0.9684536082474228
chr6	150895415	150895890	476	*	2.79	3.1	2.38	0.72	0.428	0.602	0.9687457627118644
chr6	152737053	152737971	919	*	2.19	2.51	1.79	0.72	0.429	0.603	0.9687457627118644
chr6	130335789	130336468	680	*	2.14	2.43	1.78	0.65	0.431	0.606	0.9687457627118644
chr6	89080148	89080684	537	*	5.23	4.78	5.57	-0.79	0.431	0.606	0.9687457627118644
chr6	3363640	3364028	389	*	3.79	4.06	3.46	0.6	0.43200000000000005	0.606	0.9687457627118644
chr6	169722376	169723684	1309	*	5.95	5.47	6.32	-0.84	0.433	0.606	0.9687457627118644
chr6	40308163	40309006	844	*	4.56	4.82	4.24	0.58	0.433	0.606	0.9687457627118644
chr6	167796573	167797006	434	*	4.0	3.59	4.31	-0.72	0.433	0.606	0.9687457627118644
chr6	7142367	7143686	1320	*	4.3	3.91	4.61	-0.7	0.435	0.608	0.9715736040609136
chr6	109977070	109978464	1395	*	2.79	3.11	2.39	0.71	0.436	0.61	0.9721621621621621
chr6	155313394	155313680	287	*	3.62	3.2	3.94	-0.74	0.43799999999999994	0.612	0.9749747048903877
chr6	167421374	167424277	2904	*	6.65	6.93	6.29	0.64	0.441	0.615	0.98
chr6	22886014	22887058	1045	*	4.08	4.39	3.69	0.71	0.44299999999999995	0.618	0.9827899159663864
chr6	136526068	136526376	309	*	3.17	3.45	2.82	0.63	0.445	0.619	0.9855704697986577
chr6	53829374	53830030	657	*	4.52	4.83	4.13	0.71	0.447	0.623	0.9883417085427136
chr6	25138351	25138845	495	*	4.59	4.93	4.15	0.77	0.44799999999999995	0.623	0.9888963210702341
chr6	17988388	17988885	498	*	4.26	3.85	4.58	-0.73	0.45	0.625	0.9900000000000001
chr6	152637104	152639060	1957	*	4.03	4.33	3.64	0.69	0.45	0.625	0.9900000000000001
chr6	24085591	24086565	975	*	2.43	2.72	2.08	0.64	0.455	0.632	0.9993344425956738
chr6	28597536	28598225	690	*	5.26	5.59	4.84	0.75	0.457	0.634	1.0
chr6	166817091	166819586	2496	*	4.55	4.83	4.2	0.63	0.45899999999999996	0.636	1.0
chr6	25089671	25090158	488	*	1.84	1.52	2.11	-0.58	0.46799999999999997	0.648	1.0
chr6	88353648	88355273	1626	*	3.1	2.78	3.36	-0.58	0.46799999999999997	0.649	1.0
chr6	168015504	168017187	1684	*	4.17	3.86	4.43	-0.57	0.47	0.65	1.0
chr6	165816092	165819044	2953	*	4.05	4.33	3.69	0.64	0.473	0.654	1.0
chr6	33932776	33933578	803	*	2.48	2.77	2.13	0.64	0.478	0.66	1.0
chr6	42928491	42929083	593	*	5.22	5.56	4.78	0.77	0.479	0.6609999999999999	1.0
chr6	86667751	86672234	4484	*	5.25	5.49	4.95	0.54	0.484	0.667	1.0
chr6	70317340	70318425	1086	*	5.56	5.83	5.24	0.58	0.485	0.6679999999999999	1.0
chr6	18649679	18650627	949	*	2.13	1.84	2.37	-0.52	0.486	0.6679999999999999	1.0
chr6	98703088	98708244	5157	*	5.35	5.54	5.12	0.41	0.48700000000000004	0.669	1.0
chr6	109990828	109992209	1382	*	2.89	3.17	2.53	0.64	0.48700000000000004	0.669	1.0
chr6	33781448	33782375	928	*	4.77	5.06	4.42	0.64	0.491	0.6729999999999999	1.0
chr6	47146974	47147483	510	*	3.55	3.21	3.82	-0.61	0.495	0.679	1.0
chr6	124804525	124805130	606	*	4.74	5.0	4.43	0.56	0.496	0.679	1.0
chr6	53542458	53543106	649	*	5.45	5.76	5.05	0.71	0.496	0.679	1.0
chr6	47128756	47129182	427	*	3.24	3.52	2.88	0.64	0.496	0.679	1.0
chr6	40611943	40621490	9548	*	5.74	6.02	5.41	0.61	0.498	0.6809999999999999	1.0
chr6	2984785	2985935	1151	*	4.59	4.26	4.86	-0.6	0.498	0.6809999999999999	1.0
chr6	168708019	168709662	1644	*	3.67	3.94	3.35	0.59	0.499	0.6809999999999999	1.0
chr6	157240346	157240774	429	*	4.2	4.48	3.84	0.64	0.501	0.6829999999999999	1.0
chr6	2839387	2843306	3920	*	7.78	8.09	7.39	0.7	0.502	0.684	1.0
chr6	18758967	18759773	807	*	2.32	2.05	2.55	-0.51	0.503	0.6859999999999999	1.0
chr6	83428579	83429460	882	*	4.46	4.12	4.73	-0.61	0.504	0.687	1.0
chr6	160950313	160950804	492	*	3.84	4.12	3.49	0.63	0.505	0.687	1.0
chr6	166999417	167000934	1518	*	6.56	6.16	6.87	-0.71	0.506	0.688	1.0
chr6	168142318	168144885	2568	*	3.78	4.03	3.46	0.57	0.509	0.6920000000000001	1.0
chr6	43774665	43775035	371	*	4.1	4.37	3.77	0.59	0.51	0.6920000000000001	1.0
chr6	151871530	151872884	1355	*	2.49	2.22	2.73	-0.51	0.51	0.6920000000000001	1.0
chr6	170129354	170129617	264	*	2.14	1.85	2.39	-0.53	0.51	0.6920000000000001	1.0
chr6	41786374	41787092	719	*	4.82	5.09	4.49	0.6	0.511	0.6920000000000001	1.0
chr6	112042980	112043303	324	*	4.62	4.91	4.26	0.64	0.511	0.6920000000000001	1.0
chr6	2791298	2791717	420	*	3.03	2.72	3.28	-0.56	0.511	0.6920000000000001	1.0
chr6	159279598	159281167	1570	*	4.22	4.48	3.9	0.58	0.511	0.6920000000000001	1.0
chr6	86570962	86573752	2791	*	4.17	4.42	3.86	0.56	0.512	0.693	1.0
chr6	53496784	53497285	502	*	3.0	3.25	2.69	0.56	0.512	0.693	1.0
chr6	6066617	6068151	1535	*	3.44	3.69	3.14	0.54	0.513	0.6940000000000001	1.0
chr6	6684537	6684985	449	*	3.4	3.66	3.07	0.59	0.514	0.6940000000000001	1.0
chr6	44355861	44357207	1347	*	2.94	3.19	2.62	0.58	0.515	0.695	1.0
chr6	18122080	18122473	394	*	3.49	3.18	3.74	-0.55	0.516	0.695	1.0
chr6	151324328	151325427	1100	*	5.8	5.46	6.07	-0.6	0.517	0.6970000000000001	1.0
chr6	60965370	60967925	2556	*	3.93	3.65	4.17	-0.52	0.518	0.698	1.0
chr6	150931254	150931691	438	*	2.66	2.94	2.31	0.63	0.52	0.6990000000000001	1.0
chr6	106339573	106339966	394	*	4.11	4.36	3.82	0.54	0.524	0.703	1.0
chr6	168149165	168150617	1453	*	4.22	4.45	3.94	0.51	0.527	0.706	1.0
chr6	55175415	55176253	839	*	2.83	3.1	2.5	0.6	0.527	0.706	1.0
chr6	7086566	7086931	366	*	3.43	3.14	3.67	-0.53	0.529	0.708	1.0
chr6	158802905	158803240	336	*	2.45	2.67	2.18	0.49	0.532	0.711	1.0
chr6	160991790	160992682	893	*	6.24	6.54	5.86	0.69	0.532	0.711	1.0
chr6	89312083	89312634	552	*	3.05	2.73	3.31	-0.58	0.5329999999999999	0.7120000000000001	1.0
chr6	106913997	106914594	598	*	2.95	2.66	3.2	-0.55	0.535	0.7120000000000001	1.0
chr6	170152778	170153414	637	*	4.27	4.5	4.01	0.49	0.535	0.7120000000000001	1.0
chr6	167704222	167704566	345	*	3.41	3.63	3.15	0.48	0.535	0.7120000000000001	1.0
chr6	53854514	53856571	2058	*	4.83	5.08	4.53	0.55	0.535	0.7120000000000001	1.0
chr6	150981235	150981567	333	*	3.16	2.83	3.43	-0.6	0.536	0.7140000000000001	1.0
chr6	10734409	10734766	358	*	2.91	3.15	2.61	0.54	0.537	0.715	1.0
chr6	89148091	89148465	375	*	3.7	3.37	3.98	-0.61	0.541	0.7190000000000001	1.0
chr6	44170182	44170884	703	*	3.16	3.4	2.88	0.52	0.542	0.72	1.0
chr6	133837560	133838412	853	*	6.12	6.38	5.81	0.57	0.542	0.72	1.0
chr6	75849954	75850391	438	*	3.41	3.1	3.66	-0.56	0.545	0.723	1.0
chr6	158475102	158475969	868	*	4.54	4.28	4.77	-0.49	0.5479999999999999	0.727	1.0
chr6	159436134	159440044	3911	*	4.48	4.73	4.18	0.55	0.55	0.7290000000000001	1.0
chr6	137661031	137661883	853	*	3.83	4.06	3.55	0.51	0.55	0.7290000000000001	1.0
chr6	149831171	149832081	911	*	4.69	4.38	4.95	-0.57	0.552	0.731	1.0
chr6	150600305	150600834	530	*	5.28	4.96	5.54	-0.58	0.5529999999999999	0.731	1.0
chr6	13988478	13990638	2161	*	4.14	4.38	3.86	0.53	0.555	0.7340000000000001	1.0
chr6	52920804	52921825	1022	*	3.36	3.58	3.09	0.5	0.555	0.7340000000000001	1.0
chr6	86650934	86652107	1174	*	2.66	2.91	2.37	0.54	0.557	0.736	1.0
chr6	157310452	157310931	480	*	4.76	4.98	4.49	0.5	0.5579999999999999	0.736	1.0
chr6	159262682	159266957	4276	*	4.67	4.89	4.41	0.48	0.561	0.74	1.0
chr6	12773643	12774553	911	*	2.47	2.71	2.19	0.52	0.564	0.7440000000000001	1.0
chr6	6053801	6055984	2184	*	3.33	3.57	3.04	0.53	0.5660000000000001	0.745	1.0
chr6	168289323	168291242	1920	*	3.96	4.18	3.69	0.5	0.5660000000000001	0.745	1.0
chr6	45377262	45377855	594	*	5.35	5.03	5.61	-0.58	0.5670000000000001	0.746	1.0
chr6	129765098	129767332	2235	*	4.64	4.85	4.4	0.45	0.569	0.7490000000000001	1.0
chr6	24101050	24101398	349	*	2.2	2.43	1.92	0.5	0.5710000000000001	0.7509999999999999	1.0
chr6	9810383	9812129	1747	*	5.16	4.96	5.33	-0.36	0.5720000000000001	0.7509999999999999	1.0
chr6	88433209	88433694	486	*	1.6	1.37	1.8	-0.43	0.5720000000000001	0.7509999999999999	1.0
chr6	116682859	116683213	355	*	3.1	3.33	2.83	0.5	0.575	0.755	1.0
chr6	57089494	57089922	429	*	4.44	4.13	4.69	-0.56	0.5760000000000001	0.7559999999999999	1.0
chr6	53617093	53617462	370	*	2.77	3.0	2.5	0.49	0.5770000000000001	0.7559999999999999	1.0
chr6	166822512	166823897	1386	*	3.07	3.3	2.8	0.51	0.578	0.757	1.0
chr6	40319250	40319825	576	*	2.07	2.3	1.8	0.5	0.578	0.757	1.0
chr6	82248088	82249655	1568	*	5.87	6.11	5.57	0.54	0.578	0.757	1.0
chr6	11222841	11223315	475	*	3.51	3.72	3.26	0.47	0.58	0.758	1.0
chr6	8064837	8065129	293	*	3.23	3.45	2.97	0.47	0.581	0.759	1.0
chr6	104859199	104859791	593	*	5.84	6.09	5.55	0.54	0.5820000000000001	0.76	1.0
chr6	166956134	166956637	504	*	6.06	6.32	5.75	0.57	0.583	0.76	1.0
chr6	44272029	44272304	276	*	1.56	1.77	1.32	0.45	0.583	0.76	1.0
chr6	138104549	138106421	1873	*	6.8	6.48	7.06	-0.58	0.584	0.762	1.0
chr6	4525281	4527257	1977	*	3.24	3.46	2.99	0.47	0.584	0.762	1.0
chr6	41683374	41683899	526	*	5.4	5.62	5.13	0.48	0.585	0.762	1.0
chr6	3355560	3356043	484	*	4.52	4.23	4.76	-0.53	0.586	0.763	1.0
chr6	362937	368364	5428	*	6.03	6.24	5.79	0.45	0.5870000000000001	0.763	1.0
chr6	70166214	70166643	430	*	5.05	4.78	5.28	-0.51	0.589	0.765	1.0
chr6	109526807	109527014	208	*	2.16	2.37	1.92	0.44	0.591	0.768	1.0
chr6	7137846	7138221	376	*	3.31	3.54	3.03	0.5	0.5920000000000001	0.768	1.0
chr6	129643674	129644232	559	*	3.99	4.24	3.7	0.54	0.595	0.772	1.0
chr6	112919346	112920495	1150	*	5.87	5.63	6.07	-0.45	0.595	0.772	1.0
chr6	40997652	40998157	506	*	4.2	3.9	4.46	-0.56	0.596	0.772	1.0
chr6	129693667	129694535	869	*	3.42	3.16	3.64	-0.48	0.596	0.772	1.0
chr6	116100137	116100679	543	*	4.96	5.21	4.66	0.56	0.597	0.772	1.0
chr6	88203155	88204012	858	*	2.69	2.9	2.45	0.45	0.598	0.774	1.0
chr6	149646763	149647623	861	*	4.75	4.99	4.45	0.54	0.599	0.774	1.0
chr6	125245870	125246494	625	*	4.92	4.63	5.17	-0.54	0.6	0.7759999999999999	1.0
chr6	16132059	16132354	296	*	2.85	3.07	2.6	0.47	0.601	0.777	1.0
chr6	60623185	60625037	1853	*	2.99	2.75	3.19	-0.44	0.603	0.778	1.0
chr6	149923321	149924860	1540	*	5.42	5.62	5.18	0.44	0.603	0.778	1.0
chr6	109986112	109988206	2095	*	3.95	4.18	3.67	0.51	0.604	0.778	1.0
chr6	6820145	6821102	958	*	4.48	4.73	4.18	0.54	0.606	0.78	1.0
chr6	18122962	18123633	672	*	4.14	3.88	4.36	-0.48	0.607	0.78	1.0
chr6	41231202	41232850	1649	*	3.84	4.04	3.59	0.45	0.607	0.78	1.0
chr6	159355439	159357027	1589	*	2.97	3.19	2.72	0.47	0.607	0.78	1.0
chr6	31364790	31367475	2686	*	6.15	6.31	5.98	0.33	0.609	0.7829999999999999	1.0
chr6	24389048	24389385	338	*	4.43	4.2	4.62	-0.43	0.609	0.7829999999999999	1.0
chr6	76043194	76043652	459	*	2.42	2.62	2.19	0.44	0.61	0.784	1.0
chr6	22828316	22829303	988	*	4.67	4.4	4.9	-0.5	0.612	0.785	1.0
chr6	7152681	7153073	393	*	2.61	2.82	2.37	0.45	0.612	0.785	1.0
chr6	41388834	41390135	1302	*	2.97	3.18	2.72	0.47	0.612	0.785	1.0
chr6	7791043	7792421	1379	*	2.88	3.09	2.63	0.46	0.613	0.785	1.0
chr6	11536909	11537381	473	*	4.43	4.15	4.66	-0.51	0.617	0.7909999999999999	1.0
chr6	113530917	113531964	1048	*	5.77	5.52	5.98	-0.47	0.618	0.7909999999999999	1.0
chr6	167997273	167998098	826	*	2.63	2.78	2.46	0.33	0.618	0.7909999999999999	1.0
chr6	6689692	6689972	281	*	1.92	2.11	1.71	0.4	0.619	0.7909999999999999	1.0
chr6	44475279	44475647	369	*	3.61	3.79	3.4	0.4	0.62	0.792	1.0
chr6	110957685	110958181	497	*	3.43	3.65	3.18	0.47	0.621	0.7929999999999999	1.0
chr6	11202195	11203159	965	*	4.56	4.77	4.31	0.46	0.621	0.7929999999999999	1.0
chr6	167402675	167406164	3490	*	4.77	4.95	4.56	0.4	0.622	0.7929999999999999	1.0
chr6	6037889	6044682	6794	*	5.56	5.76	5.33	0.43	0.626	0.7979999999999999	1.0
chr6	160212265	160213174	910	*	2.73	2.93	2.49	0.43	0.629	0.8009999999999999	1.0
chr6	109983109	109984766	1658	*	2.63	2.84	2.39	0.44	0.629	0.8009999999999999	1.0
chr6	10523098	10524266	1169	*	6.14	5.85	6.37	-0.52	0.629	0.8009999999999999	1.0
chr6	163417849	163418079	231	*	3.62	3.83	3.38	0.45	0.63	0.8009999999999999	1.0
chr6	38988986	38991205	2220	*	3.74	3.94	3.5	0.44	0.631	0.802	1.0
chr6	157274088	157275057	970	*	6.21	6.42	5.97	0.45	0.632	0.8029999999999999	1.0
chr6	107820428	107821013	586	*	4.14	4.34	3.91	0.43	0.633	0.804	1.0
chr6	7144835	7146455	1621	*	6.15	5.87	6.39	-0.51	0.634	0.805	1.0
chr6	25326921	25327386	466	*	4.44	4.64	4.21	0.43	0.634	0.805	1.0
chr6	40874791	40876851	2061	*	3.37	3.56	3.14	0.43	0.635	0.805	1.0
chr6	12797201	12798310	1110	*	2.69	2.9	2.46	0.44	0.636	0.8059999999999999	1.0
chr6	39146618	39147061	444	*	1.94	2.14	1.71	0.43	0.636	0.8059999999999999	1.0
chr6	41895745	41896573	829	*	5.12	5.33	4.86	0.47	0.638	0.807	1.0
chr6	149129870	149130232	363	*	2.18	1.96	2.36	-0.4	0.638	0.807	1.0
chr6	27280822	27281410	589	*	4.29	4.04	4.51	-0.47	0.639	0.8079999999999999	1.0
chr6	111057265	111057703	439	*	4.51	4.73	4.25	0.48	0.643	0.812	1.0
chr6	160348205	160350870	2666	*	5.98	6.16	5.78	0.38	0.643	0.812	1.0
chr6	71402749	71403110	362	*	2.96	3.16	2.72	0.45	0.644	0.812	1.0
chr6	16974130	16974527	398	*	2.73	2.91	2.52	0.39	0.644	0.812	1.0
chr6	33768557	33768956	400	*	4.72	4.92	4.5	0.42	0.6459999999999999	0.8140000000000001	1.0
chr6	45674552	45675341	790	*	5.53	5.73	5.31	0.42	0.6459999999999999	0.8140000000000001	1.0
chr6	86642741	86643785	1045	*	2.41	2.6	2.19	0.41	0.6509999999999999	0.8190000000000001	1.0
chr6	35497138	35498022	885	*	6.01	5.76	6.21	-0.45	0.653	0.821	1.0
chr6	158861152	158862231	1080	*	5.01	4.78	5.21	-0.42	0.654	0.8220000000000001	1.0
chr6	166697250	166697679	430	*	2.57	2.75	2.36	0.39	0.655	0.823	1.0
chr6	129708311	129709351	1041	*	6.02	5.76	6.24	-0.48	0.6559999999999999	0.823	1.0
chr6	80823374	80825002	1629	*	3.08	3.26	2.87	0.39	0.6559999999999999	0.823	1.0
chr6	12879471	12880009	539	*	2.0	2.18	1.79	0.39	0.6559999999999999	0.823	1.0
chr6	107860188	107860882	695	*	5.57	5.36	5.76	-0.41	0.657	0.8240000000000001	1.0
chr6	106630812	106631209	398	*	3.8	4.0	3.57	0.44	0.659	0.825	1.0
chr6	28080966	28081506	541	*	5.24	5.44	5.0	0.45	0.659	0.825	1.0
chr6	138088466	138089299	834	*	3.18	2.96	3.36	-0.41	0.66	0.826	1.0
chr6	6689135	6689464	330	*	3.07	2.85	3.25	-0.4	0.662	0.828	1.0
chr6	11204446	11204794	349	*	2.92	2.7	3.11	-0.41	0.6629999999999999	0.828	1.0
chr6	149565119	149565679	561	*	3.88	3.64	4.08	-0.44	0.664	0.8290000000000001	1.0
chr6	21110357	21111533	1177	*	5.12	4.87	5.33	-0.46	0.664	0.8290000000000001	1.0
chr6	89117269	89118376	1108	*	5.83	5.61	6.02	-0.41	0.665	0.83	1.0
chr6	87302731	87304232	1502	*	3.11	3.28	2.92	0.36	0.665	0.83	1.0
chr6	134174028	134174276	249	*	3.96	4.15	3.74	0.41	0.6659999999999999	0.83	1.0
chr6	28218586	28219457	872	*	6.12	5.87	6.33	-0.46	0.667	0.831	1.0
chr6	88356122	88357707	1586	*	2.55	2.37	2.72	-0.35	0.6679999999999999	0.831	1.0
chr6	75749411	75750128	718	*	5.88	6.1	5.63	0.47	0.6679999999999999	0.831	1.0
chr6	14210405	14211470	1066	*	5.96	6.13	5.76	0.37	0.669	0.831	1.0
chr6	69255929	69257104	1176	*	2.77	2.95	2.57	0.39	0.67	0.8320000000000001	1.0
chr6	125300327	125302294	1968	*	7.09	6.86	7.29	-0.43	0.6709999999999999	0.8320000000000001	1.0
chr6	12765026	12765484	459	*	2.24	2.42	2.04	0.39	0.6709999999999999	0.8320000000000001	1.0
chr6	73516904	73517407	504	*	4.22	3.99	4.42	-0.43	0.6729999999999999	0.8340000000000001	1.0
chr6	6105233	6107408	2176	*	3.2	3.38	2.98	0.4	0.6729999999999999	0.8340000000000001	1.0
chr6	43274857	43275852	996	*	5.39	5.2	5.55	-0.35	0.6729999999999999	0.8340000000000001	1.0
chr6	136791276	136792311	1036	*	6.25	6.44	6.02	0.43	0.674	0.8340000000000001	1.0
chr6	159218449	159224268	5820	*	5.18	5.34	5.0	0.34	0.675	0.835	1.0
chr6	145963213	145963743	531	*	4.29	4.06	4.48	-0.42	0.6759999999999999	0.835	1.0
chr6	152960164	152960706	543	*	1.95	1.77	2.11	-0.35	0.6759999999999999	0.836	1.0
chr6	11228640	11229518	879	*	5.33	5.53	5.11	0.42	0.6779999999999999	0.8370000000000001	1.0
chr6	116280140	116280665	526	*	4.64	4.84	4.42	0.43	0.679	0.8370000000000001	1.0
chr6	86704387	86704921	535	*	1.84	1.68	1.99	-0.31	0.679	0.8370000000000001	1.0
chr6	37693009	37693808	800	*	3.14	3.31	2.95	0.36	0.682	0.84	1.0
chr6	24855888	24856249	362	*	3.72	3.89	3.52	0.37	0.682	0.84	1.0
chr6	149851764	149852203	440	*	2.89	2.7	3.06	-0.36	0.6829999999999999	0.841	1.0
chr6	169213276	169213946	671	*	5.27	5.04	5.46	-0.41	0.685	0.8420000000000001	1.0
chr6	116679581	116679910	330	*	3.33	3.15	3.5	-0.35	0.688	0.845	1.0
chr6	118796073	118796740	668	*	5.07	4.89	5.23	-0.34	0.688	0.845	1.0
chr6	26102794	26103234	441	*	3.47	3.65	3.26	0.39	0.6890000000000001	0.846	1.0
chr6	149750675	149751772	1098	*	5.25	5.42	5.06	0.37	0.6890000000000001	0.846	1.0
chr6	83512280	83512708	429	*	4.43	4.22	4.6	-0.38	0.69	0.847	1.0
chr6	52389734	52390149	416	*	3.78	3.94	3.61	0.33	0.691	0.847	1.0
chr6	53359177	53360572	1396	*	5.86	6.05	5.65	0.39	0.691	0.847	1.0
chr6	167109735	167111471	1737	*	2.92	3.08	2.73	0.35	0.6920000000000001	0.848	1.0
chr6	12757841	12759165	1325	*	3.25	3.42	3.05	0.37	0.6920000000000001	0.848	1.0
chr6	160334562	160335132	571	*	2.09	2.25	1.91	0.34	0.693	0.848	1.0
chr6	165795866	165798505	2640	*	4.03	4.18	3.86	0.33	0.693	0.848	1.0
chr6	5083862	5084857	996	*	5.61	5.44	5.77	-0.33	0.6940000000000001	0.848	1.0
chr6	106324660	106325322	663	*	5.4	5.59	5.18	0.41	0.695	0.8490000000000001	1.0
chr6	40180050	40181866	1817	*	3.63	3.78	3.45	0.33	0.696	0.85	1.0
chr6	82362935	82365559	2625	*	7.78	7.96	7.57	0.38	0.696	0.85	1.0
chr6	37585392	37587291	1900	*	3.93	4.09	3.75	0.35	0.6990000000000001	0.851	1.0
chr6	28335571	28335953	383	*	4.88	5.07	4.67	0.39	0.6990000000000001	0.851	1.0
chr6	82247103	82247752	650	*	6.45	6.65	6.22	0.43	0.7	0.852	1.0
chr6	152940425	152942311	1887	*	2.9	2.73	3.06	-0.33	0.7	0.852	1.0
chr6	159228949	159230937	1989	*	3.5	3.66	3.32	0.34	0.701	0.852	1.0
chr6	47041998	47042382	385	*	4.48	4.66	4.26	0.4	0.703	0.853	1.0
chr6	52200079	52202226	2148	*	4.14	4.3	3.95	0.35	0.703	0.853	1.0
chr6	132816687	132817404	718	*	4.1	3.92	4.26	-0.34	0.703	0.853	1.0
chr6	2988555	2989086	532	*	5.55	5.72	5.34	0.38	0.703	0.853	1.0
chr6	164707868	164708698	831	*	4.96	4.78	5.12	-0.34	0.7070000000000001	0.857	1.0
chr6	6758492	6759112	621	*	3.38	3.53	3.2	0.33	0.708	0.857	1.0
chr6	152980261	152980647	387	*	3.74	3.9	3.55	0.34	0.71	0.8590000000000001	1.0
chr6	14117600	14118702	1103	*	6.25	6.42	6.07	0.34	0.71	0.8590000000000001	1.0
chr6	43927165	43928893	1729	*	4.58	4.74	4.4	0.34	0.71	0.8590000000000001	1.0
chr6	79233722	79234567	846	*	5.37	5.16	5.55	-0.39	0.711	0.86	1.0
chr6	40605552	40607169	1618	*	3.39	3.21	3.55	-0.34	0.7120000000000001	0.86	1.0
chr6	162726813	162727473	661	*	4.54	4.71	4.34	0.37	0.7120000000000001	0.86	1.0
chr6	31359749	31362117	2369	*	4.28	4.41	4.13	0.29	0.713	0.86	1.0
chr6	6248812	6250269	1458	*	3.49	3.64	3.33	0.31	0.7140000000000001	0.861	1.0
chr6	110179225	110179716	492	*	5.61	5.79	5.41	0.38	0.715	0.862	1.0
chr6	21104290	21104706	417	*	3.5	3.31	3.66	-0.35	0.718	0.8640000000000001	1.0
chr6	103496608	103497224	617	*	3.84	3.99	3.67	0.33	0.718	0.8640000000000001	1.0
chr6	142871438	142872312	875	*	3.61	3.75	3.46	0.29	0.7190000000000001	0.8640000000000001	1.0
chr6	159270472	159277879	7408	*	5.5	5.65	5.34	0.31	0.72	0.865	1.0
chr6	18387422	18388530	1109	*	5.92	6.1	5.72	0.38	0.721	0.867	1.0
chr6	73919277	73921622	2346	*	3.82	3.66	3.96	-0.31	0.725	0.871	1.0
chr6	1040375	1040760	386	*	3.13	3.27	2.97	0.3	0.726	0.871	1.0
chr6	142820096	142820732	637	*	3.75	3.9	3.58	0.32	0.727	0.872	1.0
chr6	10723049	10723643	595	*	5.92	5.71	6.1	-0.38	0.728	0.873	1.0
chr6	2837527	2838307	781	*	4.8	4.96	4.63	0.33	0.73	0.8740000000000001	1.0
chr6	149925764	149926356	593	*	6.05	6.2	5.88	0.31	0.73	0.8740000000000001	1.0
chr6	166224766	166225661	896	*	2.62	2.47	2.76	-0.28	0.731	0.8740000000000001	1.0
chr6	85308504	85312894	4391	*	4.68	4.83	4.52	0.32	0.732	0.875	1.0
chr6	150893769	150894564	796	*	3.71	3.87	3.54	0.32	0.7340000000000001	0.877	1.0
chr6	125789994	125791275	1282	*	6.59	6.75	6.4	0.35	0.7390000000000001	0.882	1.0
chr6	40976357	40977105	749	*	2.46	2.6	2.32	0.28	0.741	0.884	1.0
chr6	153001249	153003272	2024	*	7.62	7.78	7.43	0.35	0.741	0.884	1.0
chr6	26120591	26121165	575	*	4.77	4.93	4.59	0.34	0.742	0.884	1.0
chr6	39362088	39362442	355	*	4.35	4.19	4.49	-0.31	0.742	0.884	1.0
chr6	127342375	127342838	464	*	4.79	4.61	4.95	-0.34	0.745	0.887	1.0
chr6	7201897	7202211	315	*	2.39	2.51	2.26	0.25	0.745	0.887	1.0
chr6	89145544	89145941	398	*	4.67	4.82	4.49	0.33	0.746	0.887	1.0
chr6	2853930	2854385	456	*	4.47	4.31	4.62	-0.31	0.748	0.889	1.0
chr6	71270758	71271191	434	*	4.35	4.48	4.21	0.28	0.7490000000000001	0.89	1.0
chr6	52995342	52995691	350	*	3.35	3.2	3.49	-0.3	0.75	0.89	1.0
chr6	151390764	151393213	2450	*	7.71	7.5	7.89	-0.39	0.75	0.89	1.0
chr6	42121842	42122781	940	*	3.98	4.13	3.82	0.3	0.7509999999999999	0.89	1.0
chr6	130322453	130323015	563	*	3.31	3.46	3.14	0.32	0.7509999999999999	0.89	1.0
chr6	116874899	116875458	560	*	2.2	2.33	2.06	0.28	0.7509999999999999	0.89	1.0
chr6	2961275	2962209	935	*	4.46	4.6	4.3	0.3	0.7509999999999999	0.89	1.0
chr6	106360390	106360762	373	*	4.99	5.15	4.82	0.33	0.753	0.8909999999999999	1.0
chr6	7947144	7947797	654	*	2.02	1.89	2.14	-0.25	0.753	0.8909999999999999	1.0
chr6	40686551	40689334	2784	*	4.35	4.47	4.21	0.26	0.754	0.8909999999999999	1.0
chr6	165889487	165890676	1190	*	5.14	5.01	5.25	-0.25	0.757	0.894	1.0
chr6	107028896	107029389	494	*	2.64	2.5	2.76	-0.27	0.758	0.894	1.0
chr6	142322962	142323333	372	*	3.08	3.21	2.94	0.28	0.758	0.894	1.0
chr6	41780205	41780966	762	*	5.21	5.36	5.04	0.32	0.759	0.895	1.0
chr6	165254610	165255597	988	*	2.64	2.77	2.5	0.27	0.76	0.8959999999999999	1.0
chr6	60633188	60635970	2783	*	3.79	3.68	3.9	-0.23	0.7609999999999999	0.897	1.0
chr6	33804499	33805447	949	*	2.8	2.92	2.67	0.25	0.764	0.898	1.0
chr6	39050189	39051223	1035	*	3.17	3.29	3.03	0.26	0.764	0.898	1.0
chr6	6016968	6018003	1036	*	2.64	2.76	2.5	0.27	0.765	0.898	1.0
chr6	7236027	7237032	1006	*	4.75	4.9	4.6	0.3	0.765	0.898	1.0
chr6	116252979	116253518	540	*	3.69	3.54	3.83	-0.29	0.765	0.898	1.0
chr6	13614796	13615242	447	*	4.39	4.51	4.26	0.25	0.7659999999999999	0.898	1.0
chr6	53796719	53797243	525	*	4.38	4.52	4.23	0.3	0.7659999999999999	0.898	1.0
chr6	149748616	149749693	1078	*	5.73	5.87	5.56	0.31	0.7659999999999999	0.898	1.0
chr6	157825181	157825596	416	*	4.57	4.71	4.42	0.29	0.767	0.898	1.0
chr6	167530174	167531455	1282	*	3.29	3.42	3.16	0.26	0.767	0.898	1.0
chr6	13383091	13384152	1062	*	4.18	4.04	4.3	-0.25	0.768	0.899	1.0
chr6	109441149	109441607	459	*	5.09	4.93	5.22	-0.29	0.768	0.899	1.0
chr6	7260754	7261047	294	*	3.67	3.8	3.53	0.26	0.769	0.899	1.0
chr6	118932871	118934105	1235	*	5.96	6.1	5.82	0.28	0.772	0.903	1.0
chr6	369690	373927	4238	*	6.79	6.9	6.66	0.24	0.774	0.903	1.0
chr6	44263988	44264710	723	*	4.93	5.07	4.78	0.29	0.774	0.903	1.0
chr6	89083257	89083716	460	*	3.8	3.65	3.94	-0.29	0.78	0.909	1.0
chr6	28334937	28335287	351	*	3.08	2.94	3.2	-0.27	0.7809999999999999	0.91	1.0
chr6	40164773	40165211	439	*	2.12	2.23	1.99	0.24	0.782	0.91	1.0
chr6	31368304	31370871	2568	*	4.3	4.2	4.4	-0.21	0.782	0.91	1.0
chr6	87588533	87589252	720	*	4.91	5.05	4.75	0.3	0.782	0.91	1.0
chr6	125748934	125749247	314	*	4.51	4.36	4.64	-0.28	0.7829999999999999	0.9109999999999999	1.0
chr6	5891566	5892273	708	*	4.9	4.8	5.0	-0.21	0.785	0.9109999999999999	1.0
chr6	41376389	41377920	1532	*	3.02	3.14	2.89	0.25	0.785	0.9109999999999999	1.0
chr6	37594860	37595853	994	*	3.09	3.21	2.97	0.24	0.785	0.9109999999999999	1.0
chr6	90585842	90587576	1735	*	7.06	7.2	6.91	0.29	0.7859999999999999	0.912	1.0
chr6	160331383	160333729	2347	*	4.0	4.12	3.86	0.25	0.7859999999999999	0.912	1.0
chr6	157380375	157381053	679	*	6.09	5.93	6.23	-0.3	0.787	0.9129999999999999	1.0
chr6	13712251	13713244	994	*	5.62	5.47	5.75	-0.29	0.789	0.914	1.0
chr6	53541371	53541848	478	*	3.61	3.73	3.47	0.26	0.7929999999999999	0.9179999999999999	1.0
chr6	501827	502149	323	*	3.68	3.8	3.56	0.24	0.794	0.9179999999999999	1.0
chr6	105400913	105403441	2529	*	7.63	7.76	7.49	0.27	0.794	0.9179999999999999	1.0
chr6	166792692	166794623	1932	*	3.11	3.0	3.22	-0.22	0.795	0.9179999999999999	1.0
chr6	153230984	153231295	312	*	2.72	2.85	2.58	0.27	0.795	0.9179999999999999	1.0
chr6	148341740	148342259	520	*	4.71	4.57	4.84	-0.27	0.795	0.9179999999999999	1.0
chr6	16575960	16577153	1194	*	4.77	4.89	4.64	0.24	0.795	0.9179999999999999	1.0
chr6	166997324	166998918	1595	*	7.0	6.87	7.12	-0.25	0.7959999999999999	0.9179999999999999	1.0
chr6	79630438	79631168	731	*	4.93	5.05	4.79	0.26	0.7959999999999999	0.9179999999999999	1.0
chr6	35165200	35166300	1101	*	3.68	3.55	3.81	-0.26	0.7979999999999999	0.92	1.0
chr6	167751370	167751657	288	*	2.86	2.75	2.97	-0.22	0.799	0.92	1.0
chr6	10837678	10838666	989	*	6.44	6.56	6.31	0.25	0.8	0.9209999999999999	1.0
chr6	116055541	116055994	454	*	4.09	3.96	4.21	-0.25	0.8	0.9209999999999999	1.0
chr6	2932052	2932314	263	*	3.66	3.76	3.55	0.21	0.8009999999999999	0.9209999999999999	1.0
chr6	141562612	141563083	472	*	4.21	4.32	4.09	0.22	0.8009999999999999	0.9209999999999999	1.0
chr6	54846145	54848018	1874	*	7.13	6.99	7.25	-0.26	0.805	0.924	1.0
chr6	11473058	11473795	738	*	4.3	4.19	4.41	-0.23	0.805	0.925	1.0
chr6	53548246	53548740	495	*	4.93	5.05	4.81	0.25	0.8059999999999999	0.925	1.0
chr6	11233047	11233603	557	*	4.69	4.8	4.56	0.24	0.807	0.925	1.0
chr6	26103584	26105304	1721	*	6.88	7.0	6.75	0.25	0.807	0.925	1.0
chr6	108074780	108076041	1262	*	6.78	6.9	6.66	0.25	0.807	0.925	1.0
chr6	125749517	125750558	1042	*	4.88	4.98	4.76	0.22	0.8079999999999999	0.925	1.0
chr6	170555136	170555779	644	*	5.03	4.9	5.15	-0.25	0.812	0.929	1.0
chr6	52351751	52352517	767	*	5.38	5.5	5.26	0.24	0.813	0.929	1.0
chr6	6050803	6051612	810	*	2.63	2.73	2.52	0.21	0.813	0.929	1.0
chr6	88389936	88396584	6649	*	5.37	5.46	5.28	0.19	0.813	0.929	1.0
chr6	111259210	111259972	763	*	4.43	4.52	4.32	0.2	0.813	0.929	1.0
chr6	25174266	25174681	416	*	3.45	3.33	3.56	-0.23	0.816	0.9309999999999999	1.0
chr6	110816215	110816621	407	*	3.83	3.93	3.72	0.21	0.816	0.9309999999999999	1.0
chr6	75602775	75603374	600	*	5.23	5.36	5.1	0.26	0.8170000000000001	0.9309999999999999	1.0
chr6	86692804	86695479	2676	*	3.96	3.86	4.05	-0.19	0.8170000000000001	0.9309999999999999	1.0
chr6	143744438	143745918	1481	*	6.0	6.1	5.88	0.22	0.8170000000000001	0.9309999999999999	1.0
chr6	47126257	47127028	772	*	5.14	5.26	5.02	0.24	0.818	0.9309999999999999	1.0
chr6	34244617	34245078	462	*	3.47	3.58	3.36	0.21	0.818	0.9309999999999999	1.0
chr6	150641468	150641734	267	*	3.64	3.52	3.76	-0.23	0.8190000000000001	0.932	1.0
chr6	41942110	41942496	387	*	4.07	3.95	4.17	-0.22	0.8190000000000001	0.932	1.0
chr6	116277412	116278040	629	*	4.91	4.78	5.03	-0.25	0.82	0.932	1.0
chr6	47787813	47788188	376	*	4.47	4.56	4.38	0.18	0.821	0.932	1.0
chr6	24359906	24361419	1514	*	5.93	5.82	6.04	-0.22	0.8220000000000001	0.9329999999999999	1.0
chr6	33633116	33634297	1182	*	5.21	5.31	5.1	0.21	0.8240000000000001	0.935	1.0
chr6	42878996	42879502	507	*	4.61	4.5	4.72	-0.22	0.8240000000000001	0.935	1.0
chr6	44655588	44655924	337	*	4.53	4.63	4.42	0.21	0.825	0.935	1.0
chr6	110874187	110874748	562	*	5.28	5.17	5.39	-0.22	0.828	0.938	1.0
chr6	53613843	53614948	1106	*	5.49	5.37	5.6	-0.23	0.8290000000000001	0.938	1.0
chr6	24667896	24668548	653	*	5.44	5.33	5.55	-0.21	0.8290000000000001	0.9390000000000001	1.0
chr6	3022818	3024951	2134	*	7.14	7.25	7.02	0.23	0.831	0.9390000000000001	1.0
chr6	162417538	162417853	316	*	3.83	3.91	3.73	0.18	0.831	0.9390000000000001	1.0
chr6	42747204	42748278	1075	*	6.23	6.12	6.34	-0.22	0.831	0.9390000000000001	1.0
chr6	12343510	12344558	1049	*	4.71	4.8	4.61	0.19	0.8320000000000001	0.9390000000000001	1.0
chr6	40230759	40231537	779	*	2.45	2.36	2.54	-0.18	0.8320000000000001	0.9390000000000001	1.0
chr6	17987791	17988231	441	*	5.17	5.28	5.06	0.22	0.8320000000000001	0.9390000000000001	1.0
chr6	135770624	135771497	874	*	6.21	6.12	6.31	-0.19	0.833	0.94	1.0
chr6	125781642	125782063	422	*	4.07	3.96	4.16	-0.2	0.836	0.9420000000000001	1.0
chr6	710242	711431	1190	*	6.44	6.33	6.55	-0.22	0.836	0.9420000000000001	1.0
chr6	11092983	11093537	555	*	4.67	4.76	4.56	0.2	0.8370000000000001	0.943	1.0
chr6	39970653	39971812	1160	*	2.79	2.89	2.68	0.2	0.838	0.943	1.0
chr6	165783019	165786129	3111	*	4.25	4.15	4.34	-0.18	0.8390000000000001	0.9440000000000001	1.0
chr6	150865789	150867853	2065	*	7.73	7.84	7.62	0.22	0.8390000000000001	0.9440000000000001	1.0
chr6	7261538	7262200	663	*	5.2	5.09	5.29	-0.2	0.841	0.945	1.0
chr6	136550915	136551687	773	*	4.66	4.55	4.75	-0.2	0.8420000000000001	0.946	1.0
chr6	170133645	170133908	264	*	3.1	3.0	3.19	-0.18	0.843	0.946	1.0
chr6	7139401	7139799	399	*	2.49	2.57	2.39	0.18	0.843	0.946	1.0
chr6	6292102	6293031	930	*	2.82	2.74	2.9	-0.17	0.843	0.946	1.0
chr6	136792795	136794034	1240	*	6.26	6.17	6.35	-0.18	0.8440000000000001	0.946	1.0
chr6	6269922	6271554	1633	*	2.95	3.03	2.86	0.17	0.845	0.9470000000000001	1.0
chr6	87322450	87323114	665	*	5.65	5.55	5.73	-0.18	0.845	0.9470000000000001	1.0
chr6	83431141	83431957	817	*	7.03	6.91	7.13	-0.22	0.846	0.9470000000000001	1.0
chr6	116059417	116060025	609	*	4.91	5.0	4.81	0.2	0.846	0.9470000000000001	1.0
chr6	118892578	118893168	591	*	4.66	4.55	4.76	-0.2	0.847	0.948	1.0
chr6	106972362	106973053	692	*	5.4	5.3	5.5	-0.2	0.848	0.948	1.0
chr6	135496679	135497307	629	*	4.66	4.56	4.76	-0.2	0.848	0.948	1.0
chr6	158816271	158817009	739	*	5.72	5.82	5.61	0.21	0.85	0.948	1.0
chr6	34697051	34697569	519	*	5.08	4.97	5.17	-0.2	0.851	0.948	1.0
chr6	35452605	35453422	818	*	5.55	5.63	5.46	0.18	0.851	0.948	1.0
chr6	1381468	1382038	571	*	5.56	5.64	5.48	0.17	0.851	0.948	1.0
chr6	36546526	36547245	720	*	6.0	6.1	5.89	0.21	0.851	0.948	1.0
chr6	6299968	6300872	905	*	5.95	5.87	6.02	-0.16	0.851	0.948	1.0
chr6	167710107	167712488	2382	*	3.57	3.64	3.48	0.16	0.853	0.95	1.0
chr6	159694158	159694772	615	*	4.57	4.65	4.48	0.17	0.8540000000000001	0.95	1.0
chr6	6372655	6374683	2029	*	3.45	3.54	3.36	0.18	0.855	0.95	1.0
chr6	28161721	28162252	532	*	5.98	6.07	5.88	0.2	0.855	0.95	1.0
chr6	53651392	53652192	801	*	6.1	6.0	6.19	-0.18	0.855	0.95	1.0
chr6	89146391	89147836	1446	*	6.12	6.02	6.21	-0.2	0.855	0.95	1.0
chr6	27312403	27312842	440	*	5.03	5.11	4.94	0.17	0.856	0.95	1.0
chr6	15247964	15248551	588	*	5.06	4.97	5.14	-0.17	0.857	0.951	1.0
chr6	152984515	152985709	1195	*	5.74	5.83	5.65	0.18	0.8590000000000001	0.951	1.0
chr6	146543066	146543755	690	*	6.07	5.98	6.15	-0.17	0.8590000000000001	0.951	1.0
chr6	136790002	136790686	685	*	3.81	3.73	3.89	-0.17	0.86	0.951	1.0
chr6	11215786	11216959	1174	*	4.9	4.99	4.82	0.17	0.861	0.951	1.0
chr6	35727466	35728644	1179	*	5.76	5.68	5.84	-0.16	0.861	0.9520000000000001	1.0
chr6	52503405	52503736	332	*	3.45	3.52	3.38	0.15	0.863	0.9520000000000001	1.0
chr6	116278970	116279688	719	*	5.6	5.5	5.68	-0.18	0.863	0.9520000000000001	1.0
chr6	73523799	73524457	659	*	4.71	4.8	4.62	0.18	0.8640000000000001	0.953	1.0
chr6	149895062	149895631	570	*	3.54	3.46	3.61	-0.16	0.865	0.9540000000000001	1.0
chr6	137873695	137874556	862	*	4.29	4.2	4.37	-0.16	0.865	0.9540000000000001	1.0
chr6	126326782	126327262	481	*	3.43	3.36	3.5	-0.14	0.866	0.9540000000000001	1.0
chr6	15949458	15949865	408	*	3.14	3.06	3.21	-0.15	0.867	0.955	1.0
chr6	158168317	158168978	662	*	5.74	5.65	5.83	-0.18	0.868	0.955	1.0
chr6	6306099	6310363	4265	*	4.65	4.72	4.57	0.16	0.868	0.955	1.0
chr6	109381767	109384129	2363	*	8.11	8.02	8.19	-0.17	0.871	0.9570000000000001	1.0
chr6	53794120	53794704	585	*	5.8	5.72	5.88	-0.16	0.871	0.9570000000000001	1.0
chr6	38639135	38639689	555	*	5.5	5.41	5.58	-0.17	0.872	0.9570000000000001	1.0
chr6	71419378	71420079	702	*	5.44	5.52	5.35	0.17	0.8740000000000001	0.9590000000000001	1.0
chr6	87407994	87409599	1606	*	6.99	6.92	7.06	-0.15	0.875	0.9590000000000001	1.0
chr6	39280791	39281141	351	*	2.91	2.97	2.85	0.12	0.8759999999999999	0.96	1.0
chr6	87590014	87590779	766	*	6.78	6.69	6.86	-0.17	0.878	0.961	1.0
chr6	129689256	129689716	461	*	3.47	3.54	3.39	0.15	0.878	0.9620000000000001	1.0
chr6	6163749	6164683	935	*	2.31	2.39	2.23	0.15	0.879	0.9620000000000001	1.0
chr6	13710681	13711288	608	*	5.99	5.91	6.07	-0.16	0.8809999999999999	0.963	1.0
chr6	40784366	40785170	805	*	2.1	2.16	2.03	0.13	0.884	0.966	1.0
chr6	110039943	110040353	411	*	5.05	5.12	4.98	0.13	0.884	0.966	1.0
chr6	166812737	166814797	2061	*	3.74	3.67	3.8	-0.13	0.8859999999999999	0.966	1.0
chr6	44312408	44313387	980	*	6.16	6.08	6.23	-0.15	0.8859999999999999	0.966	1.0
chr6	7542454	7544412	1959	*	7.66	7.74	7.58	0.16	0.8859999999999999	0.966	1.0
chr6	33593109	33593694	586	*	5.2	5.13	5.27	-0.14	0.8859999999999999	0.966	1.0
chr6	127561928	127563641	1714	*	3.13	3.19	3.06	0.13	0.887	0.966	1.0
chr6	10482530	10483175	646	*	6.54	6.61	6.46	0.15	0.89	0.9690000000000001	1.0
chr6	41223113	41224759	1647	*	3.37	3.43	3.3	0.12	0.89	0.9690000000000001	1.0
chr6	110813973	110814478	506	*	4.93	4.85	5.0	-0.15	0.89	0.9690000000000001	1.0
chr6	87700046	87700714	669	*	5.57	5.64	5.49	0.15	0.8909999999999999	0.9690000000000001	1.0
chr6	53358411	53358747	337	*	3.1	3.15	3.04	0.11	0.8909999999999999	0.9690000000000001	1.0
chr6	118895716	118896995	1280	*	5.53	5.46	5.6	-0.14	0.893	0.97	1.0
chr6	17986397	17987203	807	*	5.29	5.36	5.23	0.13	0.893	0.97	1.0
chr6	692030	692474	445	*	4.47	4.54	4.4	0.14	0.894	0.97	1.0
chr6	149746249	149746588	340	*	4.28	4.34	4.23	0.11	0.894	0.97	1.0
chr6	7974615	7975960	1346	*	5.27	5.32	5.22	0.1	0.894	0.97	1.0
chr6	6197917	6198660	744	*	2.51	2.57	2.45	0.13	0.894	0.97	1.0
chr6	149316394	149317460	1067	*	6.72	6.65	6.8	-0.14	0.895	0.97	1.0
chr6	692622	693899	1278	*	6.59	6.66	6.51	0.14	0.8959999999999999	0.97	1.0
chr6	132814029	132814317	289	*	3.78	3.72	3.84	-0.12	0.897	0.971	1.0
chr6	24719671	24721623	1953	*	7.1	7.03	7.17	-0.14	0.897	0.971	1.0
chr6	46085914	46086598	685	*	5.24	5.29	5.19	0.09	0.897	0.971	1.0
chr6	170552449	170553340	892	*	7.44	7.37	7.51	-0.14	0.899	0.972	1.0
chr6	1111030	1111382	353	*	3.51	3.45	3.57	-0.13	0.9	0.972	1.0
chr6	107115617	107116139	523	*	4.96	5.03	4.9	0.12	0.9	0.972	1.0
chr6	26121777	26128681	6905	*	9.43	9.37	9.5	-0.13	0.9009999999999999	0.972	1.0
chr6	44236742	44237370	629	*	3.29	3.34	3.23	0.1	0.9009999999999999	0.972	1.0
chr6	24382328	24382868	541	*	3.67	3.72	3.61	0.1	0.902	0.972	1.0
chr6	159788407	159789397	991	*	5.64	5.57	5.71	-0.14	0.902	0.972	1.0
chr6	42139654	42140804	1151	*	4.64	4.69	4.58	0.1	0.903	0.972	1.0
chr6	10520161	10521294	1134	*	5.41	5.47	5.34	0.13	0.904	0.972	1.0
chr6	153003485	153003955	471	*	3.63	3.57	3.7	-0.13	0.904	0.972	1.0
chr6	7107151	7107625	475	*	5.16	5.09	5.22	-0.13	0.904	0.972	1.0
chr6	42118025	42118602	578	*	4.57	4.63	4.51	0.12	0.904	0.972	1.0
chr6	52724728	52725217	490	*	3.36	3.31	3.42	-0.12	0.905	0.972	1.0
chr6	149716140	149717026	887	*	5.59	5.53	5.65	-0.13	0.905	0.972	1.0
chr6	167509985	167510895	911	*	2.42	2.38	2.46	-0.08	0.9059999999999999	0.972	1.0
chr6	11188406	11189422	1017	*	4.4	4.45	4.35	0.11	0.9059999999999999	0.972	1.0
chr6	73135573	73136170	598	*	1.99	2.05	1.94	0.11	0.9059999999999999	0.972	1.0
chr6	116060459	116061695	1237	*	5.18	5.12	5.23	-0.11	0.907	0.972	1.0
chr6	25369561	25370519	959	*	4.99	4.93	5.05	-0.12	0.907	0.972	1.0
chr6	166957135	166957823	689	*	5.02	5.07	4.96	0.1	0.907	0.972	1.0
chr6	75748494	75749048	555	*	5.52	5.45	5.58	-0.13	0.9079999999999999	0.972	1.0
chr6	735901	737161	1261	*	6.12	6.17	6.06	0.1	0.909	0.973	1.0
chr6	35688018	35688916	899	*	6.41	6.35	6.47	-0.13	0.91	0.9740000000000001	1.0
chr6	43771204	43773425	2222	*	8.68	8.75	8.61	0.14	0.91	0.9740000000000001	1.0
chr6	142885505	142885960	456	*	3.41	3.35	3.46	-0.11	0.9109999999999999	0.9740000000000001	1.0
chr6	28398283	28400447	2165	*	7.19	7.24	7.13	0.11	0.912	0.9740000000000001	1.0
chr6	106973787	106975539	1753	*	7.52	7.46	7.58	-0.12	0.912	0.9740000000000001	1.0
chr6	25963393	25964008	616	*	5.05	5.11	4.99	0.11	0.9129999999999999	0.9740000000000001	1.0
chr6	46876504	46876985	482	*	3.39	3.43	3.34	0.1	0.9129999999999999	0.9740000000000001	1.0
chr6	41372304	41373745	1442	*	5.47	5.51	5.43	0.09	0.914	0.9740000000000001	1.0
chr6	5259966	5262958	2993	*	8.52	8.58	8.47	0.11	0.915	0.9740000000000001	1.0
chr6	104447160	104447514	355	*	3.96	3.9	4.01	-0.11	0.915	0.9740000000000001	1.0
chr6	125920362	125920729	368	*	3.35	3.29	3.41	-0.11	0.9159999999999999	0.975	1.0
chr6	129707435	129707893	459	*	4.27	4.32	4.22	0.1	0.917	0.976	1.0
chr6	42564499	42565040	542	*	5.05	4.99	5.1	-0.11	0.92	0.977	1.0
chr6	8063586	8064445	860	*	6.79	6.84	6.73	0.11	0.9209999999999999	0.977	1.0
chr6	149566809	149567320	512	*	4.72	4.77	4.68	0.09	0.9209999999999999	0.977	1.0
chr6	42782664	42784355	1692	*	7.87	7.93	7.81	0.12	0.922	0.977	1.0
chr6	70668182	70668737	556	*	5.45	5.4	5.5	-0.1	0.922	0.977	1.0
chr6	160299978	160300433	456	*	3.74	3.69	3.79	-0.09	0.9229999999999999	0.977	1.0
chr6	159253842	159256946	3105	*	4.18	4.22	4.13	0.09	0.9229999999999999	0.977	1.0
chr6	159725973	159728237	2265	*	8.17	8.23	8.11	0.12	0.924	0.977	1.0
chr6	2765340	2766802	1463	*	7.78	7.73	7.83	-0.1	0.924	0.977	1.0
chr6	4835138	4836159	1022	*	5.89	5.85	5.93	-0.09	0.925	0.977	1.0
chr6	143537697	143538270	574	*	5.05	5.0	5.1	-0.1	0.925	0.977	1.0
chr6	106975792	106976552	761	*	4.1	4.14	4.06	0.08	0.925	0.977	1.0
chr6	27824508	27825304	797	*	5.23	5.28	5.19	0.1	0.9259999999999999	0.977	1.0
chr6	159978852	159979253	402	*	3.22	3.26	3.18	0.07	0.9259999999999999	0.977	1.0
chr6	52665844	52666401	558	*	4.12	4.07	4.16	-0.09	0.9259999999999999	0.977	1.0
chr6	14105445	14106013	569	*	2.75	2.79	2.71	0.08	0.9259999999999999	0.977	1.0
chr6	33585733	33586011	279	*	4.12	4.16	4.07	0.09	0.9259999999999999	0.977	1.0
chr6	110959312	110959816	505	*	3.88	3.84	3.92	-0.09	0.927	0.977	1.0
chr6	26056187	26057236	1050	*	6.35	6.3	6.4	-0.1	0.927	0.977	1.0
chr6	35687305	35687688	384	*	3.77	3.73	3.82	-0.1	0.9279999999999999	0.978	1.0
chr6	165809494	165810816	1323	*	3.08	3.05	3.12	-0.07	0.929	0.978	1.0
chr6	109482702	109483581	880	*	5.44	5.39	5.48	-0.1	0.929	0.978	1.0
chr6	127343281	127343796	516	*	5.69	5.64	5.73	-0.1	0.93	0.978	1.0
chr6	149862424	149864469	2046	*	7.39	7.43	7.34	0.09	0.93	0.978	1.0
chr6	7050616	7050872	257	*	3.18	3.13	3.23	-0.09	0.9309999999999999	0.9790000000000001	1.0
chr6	170583550	170585201	1652	*	6.9	6.95	6.86	0.09	0.932	0.9790000000000001	1.0
chr6	87281365	87281832	468	*	1.72	1.76	1.67	0.09	0.932	0.9790000000000001	1.0
chr6	12010320	12010946	627	*	4.53	4.48	4.57	-0.09	0.9329999999999999	0.98	1.0
chr6	142845731	142846361	631	*	4.77	4.81	4.73	0.07	0.934	0.98	1.0
chr6	158852598	158853356	759	*	5.63	5.58	5.68	-0.1	0.934	0.98	1.0
chr6	132768144	132768498	355	*	3.54	3.51	3.58	-0.07	0.935	0.98	1.0
chr6	150118568	150119448	881	*	4.93	4.97	4.89	0.08	0.935	0.98	1.0
chr6	12011363	12012145	783	*	5.64	5.68	5.59	0.08	0.9359999999999999	0.98	1.0
chr6	7560881	7561544	664	*	4.46	4.5	4.42	0.07	0.9359999999999999	0.98	1.0
chr6	45886276	45887024	749	*	3.13	3.17	3.1	0.08	0.9359999999999999	0.98	1.0
chr6	36444247	36444969	723	*	4.43	4.46	4.39	0.07	0.937	0.98	1.0
chr6	44256790	44257471	682	*	6.03	6.07	5.98	0.08	0.938	0.98	1.0
chr6	6686114	6686926	813	*	5.51	5.47	5.56	-0.08	0.9390000000000001	0.98	1.0
chr6	111087080	111087416	337	*	4.4	4.44	4.37	0.07	0.9390000000000001	0.98	1.0
chr6	7541167	7541540	374	*	4.74	4.7	4.77	-0.08	0.94	0.98	1.0
chr6	118894153	118895285	1133	*	6.87	6.83	6.91	-0.08	0.941	0.98	1.0
chr6	159252864	159253202	339	*	3.53	3.57	3.49	0.08	0.941	0.98	1.0
chr6	108847994	108848339	346	*	4.37	4.41	4.34	0.07	0.941	0.98	1.0
chr6	47134056	47135437	1382	*	5.23	5.27	5.2	0.07	0.9420000000000001	0.98	1.0
chr6	12007738	12009141	1404	*	5.82	5.86	5.78	0.08	0.9420000000000001	0.98	1.0
chr6	21107469	21108821	1353	*	4.74	4.71	4.78	-0.07	0.9420000000000001	0.98	1.0
chr6	7589708	7591798	2091	*	7.61	7.57	7.65	-0.08	0.943	0.98	1.0
chr6	16130659	16131241	583	*	5.57	5.54	5.61	-0.07	0.943	0.98	1.0
chr6	146545308	146545807	500	*	4.16	4.2	4.13	0.07	0.943	0.98	1.0
chr6	11217552	11219496	1945	*	6.76	6.79	6.72	0.08	0.9440000000000001	0.98	1.0
chr6	152982419	152983678	1260	*	6.37	6.4	6.33	0.07	0.945	0.98	1.0
chr6	6676984	6678106	1123	*	4.76	4.79	4.73	0.06	0.945	0.98	1.0
chr6	119400213	119400567	355	*	3.97	3.99	3.95	0.05	0.946	0.98	1.0
chr6	157312833	157313368	536	*	4.35	4.38	4.32	0.06	0.946	0.98	1.0
chr6	79312896	79313283	388	*	3.32	3.35	3.29	0.06	0.946	0.98	1.0
chr6	7140365	7141432	1068	*	5.37	5.41	5.34	0.07	0.946	0.98	1.0
chr6	158998247	158999774	1528	*	7.57	7.61	7.53	0.07	0.9470000000000001	0.98	1.0
chr6	159316785	159317819	1035	*	2.86	2.89	2.82	0.07	0.9470000000000001	0.98	1.0
chr6	6273783	6274501	719	*	2.99	3.02	2.95	0.07	0.9470000000000001	0.98	1.0
chr6	169172019	169172984	966	*	4.2	4.17	4.22	-0.06	0.948	0.98	1.0
chr6	118651189	118652167	979	*	5.93	5.96	5.89	0.07	0.948	0.98	1.0
chr6	159760624	159762446	1823	*	7.23	7.2	7.26	-0.07	0.95	0.98	1.0
chr6	153978831	153979938	1108	*	6.22	6.24	6.19	0.05	0.951	0.98	1.0
chr6	35730958	35731544	587	*	4.37	4.4	4.35	0.05	0.951	0.98	1.0
chr6	159789863	159792162	2300	*	7.53	7.56	7.5	0.06	0.951	0.98	1.0
chr6	13814428	13814905	478	*	3.86	3.83	3.89	-0.06	0.9520000000000001	0.98	1.0
chr6	53734086	53735237	1152	*	4.8	4.83	4.77	0.05	0.9520000000000001	0.98	1.0
chr6	87700870	87702285	1416	*	7.34	7.37	7.31	0.06	0.953	0.98	1.0
chr6	109690071	109691173	1103	*	6.84	6.87	6.81	0.06	0.953	0.98	1.0
chr6	6683303	6684261	959	*	4.45	4.48	4.43	0.05	0.953	0.98	1.0
chr6	41920740	41921753	1014	*	6.07	6.05	6.1	-0.06	0.953	0.98	1.0
chr6	7108510	7109714	1205	*	7.28	7.31	7.24	0.06	0.9540000000000001	0.981	1.0
chr6	10527929	10528970	1042	*	6.02	5.99	6.05	-0.06	0.9540000000000001	0.981	1.0
chr6	37443041	37443294	254	*	2.95	2.97	2.94	0.03	0.9540000000000001	0.981	1.0
chr6	45378151	45378602	452	*	5.61	5.64	5.58	0.06	0.955	0.981	1.0
chr6	169701487	169702573	1087	*	6.34	6.31	6.37	-0.06	0.955	0.981	1.0
chr6	52881882	52882470	589	*	5.16	5.13	5.18	-0.05	0.9570000000000001	0.982	1.0
chr6	2989795	2991405	1611	*	8.06	8.03	8.08	-0.06	0.9590000000000001	0.9840000000000001	1.0
chr6	154732568	154733231	664	*	5.04	5.01	5.06	-0.05	0.9620000000000001	0.986	1.0
chr6	47047054	47047592	539	*	4.04	4.07	4.02	0.04	0.9620000000000001	0.986	1.0
chr6	57316793	57317598	806	*	6.68	6.7	6.65	0.05	0.965	0.988	1.0
chr6	96924809	96925762	954	*	4.99	5.01	4.97	0.04	0.9670000000000001	0.99	1.0
chr6	170551229	170551876	648	*	4.26	4.24	4.28	-0.04	0.9690000000000001	0.991	1.0
chr6	149717577	149719102	1526	*	7.66	7.64	7.68	-0.04	0.9690000000000001	0.991	1.0
chr6	70667108	70667732	625	*	4.3	4.28	4.32	-0.04	0.97	0.991	1.0
chr6	117917864	117918887	1024	*	2.43	2.45	2.41	0.04	0.97	0.992	1.0
chr6	34886873	34888151	1279	*	6.48	6.5	6.46	0.04	0.971	0.992	1.0
chr6	165813255	165814526	1272	*	2.49	2.51	2.48	0.03	0.971	0.992	1.0
chr6	42780666	42781767	1102	*	5.67	5.65	5.69	-0.04	0.972	0.992	1.0
chr6	130682154	130683891	1738	*	3.02	3.04	3.0	0.04	0.973	0.992	1.0
chr6	34694907	34695269	363	*	3.43	3.41	3.45	-0.04	0.973	0.992	1.0
chr6	25992622	25993204	583	*	5.59	5.61	5.58	0.03	0.9740000000000001	0.992	1.0
chr6	109250231	109251450	1220	*	6.95	6.96	6.93	0.03	0.9740000000000001	0.992	1.0
chr6	28225696	28226229	534	*	4.59	4.57	4.6	-0.04	0.9740000000000001	0.992	1.0
chr6	88277838	88278413	576	*	2.27	2.25	2.28	-0.02	0.976	0.993	1.0
chr6	106628692	106629119	428	*	4.53	4.54	4.52	0.02	0.9790000000000001	0.996	1.0
chr6	150418261	150419001	741	*	4.81	4.8	4.82	-0.02	0.98	0.996	1.0
chr6	96923812	96924681	870	*	5.85	5.86	5.84	0.02	0.982	0.997	1.0
chr6	3067526	3069038	1513	*	6.53	6.54	6.51	0.02	0.983	0.997	1.0
chr6	158817988	158819120	1133	*	8.17	8.16	8.18	-0.03	0.983	0.997	1.0
chr6	35468788	35469595	808	*	6.44	6.45	6.42	0.02	0.983	0.997	1.0
chr6	32664122	32665261	1140	*	6.41	6.4	6.42	-0.02	0.983	0.997	1.0
chr6	36442126	36443573	1448	*	6.67	6.68	6.66	0.02	0.9840000000000001	0.997	1.0
chr6	11232088	11232599	512	*	5.99	5.98	6.0	-0.02	0.9840000000000001	0.997	1.0
chr6	155314092	155315440	1349	*	6.24	6.25	6.23	0.02	0.985	0.997	1.0
chr6	53543374	53544379	1006	*	5.6	5.59	5.61	-0.02	0.985	0.997	1.0
chr6	110982149	110983062	914	*	6.19	6.2	6.18	0.02	0.986	0.997	1.0
chr6	15691384	15691905	522	*	4.98	4.99	4.98	0.02	0.986	0.997	1.0
chr6	35762167	35763993	1827	*	4.67	4.66	4.67	-0.01	0.986	0.997	1.0
chr6	75601662	75602505	844	*	6.09	6.08	6.1	-0.02	0.987	0.997	1.0
chr6	3063817	3065191	1375	*	6.93	6.93	6.94	-0.01	0.9890000000000001	0.9990000000000001	1.0
chr6	10530735	10531192	458	*	4.27	4.27	4.28	-0.02	0.99	1.0	1.0
chr6	27235376	27235816	441	*	3.34	3.34	3.34	-0.01	0.991	1.0	1.0
chr6	109440090	109440553	464	*	5.16	5.16	5.17	-0.01	0.992	1.0	1.0
chr6	158939142	158940144	1003	*	5.22	5.22	5.23	-0.01	0.993	1.0	1.0
chr6	70412623	70413146	524	*	5.08	5.07	5.08	-0.01	0.9940000000000001	1.0	1.0
chr6	5996300	5997586	1287	*	6.93	6.93	6.94	-0.01	0.9940000000000001	1.0	1.0
chr6	28251780	28252278	499	*	5.51	5.51	5.51	0.01	0.995	1.0	1.0
chr6	152981644	152982002	359	*	3.33	3.33	3.33	0.0	0.995	1.0	1.0
chr6	7239006	7239900	895	*	4.18	4.17	4.18	-0.01	0.996	1.0	1.0
chr6	159691386	159693819	2434	*	7.08	7.09	7.08	0.01	0.996	1.0	1.0
chr6	39326105	39327212	1108	*	3.24	3.24	3.23	0.01	0.996	1.0	1.0
chr6	11094159	11095740	1582	*	7.34	7.34	7.34	0.0	0.996	1.0	1.0
chr6	132814535	132816329	1795	*	7.97	7.97	7.97	-0.01	0.997	1.0	1.0
chr6	52419573	52420889	1317	*	6.59	6.59	6.59	-0.01	0.997	1.0	1.0
chr6	111481617	111482241	625	*	5.19	5.19	5.19	0.0	0.998	1.0	1.0
chr6	28355826	28356891	1066	*	6.14	6.14	6.13	0.0	0.998	1.0	1.0
chr6	52664638	52665263	626	*	5.3	5.3	5.3	0.0	0.9990000000000001	1.0	1.0
chr6	159969286	159969912	627	*	5.43	5.43	5.43	0.0	0.9990000000000001	1.0	1.0
chr6	138107462	138107958	497	*	5.99	5.98	5.99	0.0	0.9990000000000001	1.0	1.0
chr6	6687293	6687982	690	*	5.83	5.83	5.84	0.0	0.9990000000000001	1.0	1.0
chr6	33619734	33622276	2543	*	7.2	7.2	7.2	0.0	1.0	1.0	1.0
chr6	1180251	1180631	381	*	3.14	3.18	3.1	0.08	1.0	1.0	1.0
chr6	2507070	2507689	620	*	2.63	3.12	1.87	1.25	1.0	1.0	1.0
chr6	2920192	2920875	684	*	4.48	5.19	3.0	2.19	1.0	1.0	1.0
chr6	2986262	2986894	633	*	4.34	3.99	4.62	-0.63	1.0	1.0	1.0
chr6	6153732	6154784	1053	*	2.41	2.61	2.19	0.42	1.0	1.0	1.0
chr6	6186205	6188249	2045	*	3.14	3.85	1.69	2.15	1.0	1.0	1.0
chr6	6375635	6376726	1092	*	2.64	2.54	2.73	-0.18	1.0	1.0	1.0
chr6	6810131	6810500	370	*	2.52	2.41	2.61	-0.2	1.0	1.0	1.0
chr6	7238082	7238575	494	*	2.49	2.06	2.83	-0.77	1.0	1.0	1.0
chr6	11207774	11209131	1358	*	4.59	4.56	4.62	-0.07	1.0	1.0	1.0
chr6	12365930	12366524	595	*	3.12	3.34	2.85	0.5	1.0	1.0	1.0
chr6	12549326	12549826	501	*	3.9	4.74	1.62	3.12	1.0	1.0	1.0
chr6	12767736	12771155	3420	*	4.66	4.98	4.25	0.72	1.0	1.0	1.0
chr6	12844687	12845089	403	*	3.62	3.95	3.2	0.74	1.0	1.0	1.0
chr6	18491955	18493546	1592	*	5.45	5.97	4.63	1.34	1.0	1.0	1.0
chr6	20877744	20879065	1322	*	4.6	3.4	5.24	-1.85	1.0	1.0	1.0
chr6	21003906	21005204	1299	*	4.13	3.65	4.48	-0.83	1.0	1.0	1.0
chr6	24443161	24443499	339	*	3.86	4.68	1.79	2.89	1.0	1.0	1.0
chr6	24980256	24980563	308	*	2.2	1.12	2.82	-1.7	1.0	1.0	1.0
chr6	24981222	24981648	427	*	3.56	2.61	4.12	-1.51	1.0	1.0	1.0
chr6	25070836	25071078	243	*	3.61	4.0	3.08	0.92	1.0	1.0	1.0
chr6	27230728	27231122	395	*	3.56	3.47	3.64	-0.17	1.0	1.0	1.0
chr6	28142451	28142904	454	*	3.85	3.61	4.06	-0.45	1.0	1.0	1.0
chr6	28480058	28480478	421	*	3.98	3.73	4.2	-0.47	1.0	1.0	1.0
chr6	32665901	32666307	407	*	3.76	3.42	4.03	-0.61	1.0	1.0	1.0
chr6	33590364	33591331	968	*	5.61	5.64	5.58	0.06	1.0	1.0	1.0
chr6	33762240	33762467	228	*	3.03	3.31	2.7	0.61	1.0	1.0	1.0
chr6	34658217	34658781	565	*	2.31	3.24	-1.13	4.37	1.0	1.0	1.0
chr6	35044362	35044724	363	*	3.08	3.24	2.89	0.36	1.0	1.0	1.0
chr6	35736699	35736905	207	*	1.95	2.08	1.81	0.26	1.0	1.0	1.0
chr6	35764298	35764572	275	*	3.78	3.48	4.03	-0.55	1.0	1.0	1.0
chr6	37325528	37326191	664	*	4.47	4.74	4.14	0.6	1.0	1.0	1.0
chr6	37353325	37353602	278	*	2.66	2.68	2.64	0.04	1.0	1.0	1.0
chr6	37696909	37698535	1627	*	5.95	6.45	5.2	1.25	1.0	1.0	1.0
chr6	38773472	38773944	473	*	3.58	3.93	3.11	0.82	1.0	1.0	1.0
chr6	39000068	39001135	1068	*	2.96	3.35	2.43	0.92	1.0	1.0	1.0
chr6	39148632	39153024	4393	*	4.86	5.07	4.63	0.44	1.0	1.0	1.0
chr6	39189858	39190227	370	*	3.26	3.48	3.01	0.47	1.0	1.0	1.0
chr6	39309918	39310353	436	*	4.74	5.07	4.31	0.76	1.0	1.0	1.0
chr6	39347808	39348185	378	*	4.39	4.7	3.98	0.72	1.0	1.0	1.0
chr6	40995857	40997150	1294	*	5.07	5.35	4.72	0.63	1.0	1.0	1.0
chr6	42137496	42137909	414	*	1.71	1.51	1.89	-0.38	1.0	1.0	1.0
chr6	43686418	43687218	801	*	4.79	4.93	4.62	0.31	1.0	1.0	1.0
chr6	44223955	44224421	467	*	4.35	4.14	4.52	-0.38	1.0	1.0	1.0
chr6	44593251	44593858	608	*	3.2	3.65	2.55	1.1	1.0	1.0	1.0
chr6	46925278	46925793	516	*	3.91	3.85	3.96	-0.11	1.0	1.0	1.0
chr6	47044619	47045048	430	*	3.62	3.46	3.76	-0.31	1.0	1.0	1.0
chr6	47415705	47416386	682	*	4.71	4.93	4.46	0.48	1.0	1.0	1.0
chr6	53171593	53172467	875	*	6.57	-0.7	7.57	-8.27	1.0	1.0	1.0
chr6	53437671	53437930	260	*	3.54	3.99	2.88	1.11	1.0	1.0	1.0
chr6	53718814	53719128	315	*	3.83	4.11	3.48	0.63	1.0	1.0	1.0
chr6	53956122	53956506	385	*	4.04	3.54	4.42	-0.87	1.0	1.0	1.0
chr6	55365663	55368039	2377	*	2.41	2.96	1.51	1.45	1.0	1.0	1.0
chr6	76347896	76348685	790	*	2.16	2.54	1.64	0.9	1.0	1.0	1.0
chr6	83514943	83515292	350	*	4.05	4.46	3.47	0.99	1.0	1.0	1.0
chr6	85323398	85323730	333	*	3.79	4.03	3.49	0.54	1.0	1.0	1.0
chr6	85784314	85784948	635	*	2.39	3.08	1.02	2.06	1.0	1.0	1.0
chr6	86647771	86649347	1577	*	2.21	2.67	1.52	1.15	1.0	1.0	1.0
chr6	87393039	87393435	397	*	3.69	4.12	3.07	1.05	1.0	1.0	1.0
chr6	87455760	87458348	2589	*	3.41	3.69	3.08	0.61	1.0	1.0	1.0
chr6	96646479	96646853	375	*	1.92	2.67	0.27	2.4	1.0	1.0	1.0
chr6	105179063	105179387	325	*	3.04	2.87	3.2	-0.32	1.0	1.0	1.0
chr6	105373242	105373905	664	*	3.97	4.11	3.82	0.29	1.0	1.0	1.0
chr6	106103445	106103763	319	*	2.47	2.59	2.34	0.25	1.0	1.0	1.0
chr6	106799094	106799353	260	*	2.22	2.13	2.3	-0.18	1.0	1.0	1.0
chr6	106799982	106800493	512	*	3.0	3.13	2.86	0.28	1.0	1.0	1.0
chr6	106885863	106886273	411	*	3.1	2.98	3.22	-0.24	1.0	1.0	1.0
chr6	111552926	111554014	1089	*	5.01	4.95	5.08	-0.13	1.0	1.0	1.0
chr6	113306537	113306867	331	*	2.6	-0.14	3.49	-3.63	1.0	1.0	1.0
chr6	115250014	115250821	808	*	5.1	4.92	5.25	-0.33	1.0	1.0	1.0
chr6	116111997	116112291	295	*	3.38	3.69	2.97	0.72	1.0	1.0	1.0
chr6	116276430	116276703	274	*	3.07	1.91	3.71	-1.8	1.0	1.0	1.0
chr6	116876498	116877450	953	*	5.53	5.42	5.64	-0.22	1.0	1.0	1.0
chr6	117600176	117600458	283	*	3.9	4.24	3.47	0.77	1.0	1.0	1.0
chr6	118650519	118651005	487	*	4.75	4.72	4.77	-0.06	1.0	1.0	1.0
chr6	123570667	123571214	548	*	4.4	4.2	4.58	-0.38	1.0	1.0	1.0
chr6	125202595	125203012	418	*	2.3	0.71	3.04	-2.33	1.0	1.0	1.0
chr6	127516754	127517042	289	*	2.93	3.7	1.17	2.52	1.0	1.0	1.0
chr6	130354839	130355702	864	*	2.34	2.68	1.89	0.79	1.0	1.0	1.0
chr6	130356777	130357759	983	*	3.55	4.0	2.88	1.12	1.0	1.0	1.0
chr6	130358740	130361270	2531	*	3.89	4.14	3.6	0.54	1.0	1.0	1.0
chr6	131061530	131061910	381	*	3.92	4.04	3.8	0.24	1.0	1.0	1.0
chr6	133123361	133123852	492	*	4.61	5.15	3.74	1.41	1.0	1.0	1.0
chr6	135506216	135506666	451	*	3.45	3.65	3.21	0.44	1.0	1.0	1.0
chr6	141969303	141970217	915	*	4.98	5.17	4.76	0.41	1.0	1.0	1.0
chr6	142148320	142148574	255	*	2.99	3.05	2.92	0.13	1.0	1.0	1.0
chr6	142692789	142693315	527	*	4.06	4.35	3.71	0.64	1.0	1.0	1.0
chr6	143575208	143575650	443	*	4.48	4.75	4.15	0.6	1.0	1.0	1.0
chr6	143675728	143676218	491	*	3.39	3.23	3.54	-0.31	1.0	1.0	1.0
chr6	144094109	144094653	545	*	3.42	2.52	3.97	-1.45	1.0	1.0	1.0
chr6	144150224	144150634	411	*	4.52	4.52	4.51	0.01	1.0	1.0	1.0
chr6	150115416	150116260	845	*	4.93	4.94	4.92	0.01	1.0	1.0	1.0
chr6	150117088	150117827	740	*	4.01	3.68	4.29	-0.61	1.0	1.0	1.0
chr6	150812723	150813311	589	*	3.37	4.09	1.88	2.21	1.0	1.0	1.0
chr6	150980523	150980975	453	*	3.13	3.48	2.66	0.82	1.0	1.0	1.0
chr6	151006130	151006856	727	*	3.95	4.57	2.81	1.76	1.0	1.0	1.0
chr6	151062940	151063488	549	*	3.3	3.61	2.9	0.71	1.0	1.0	1.0
chr6	151067427	151068368	942	*	5.91	6.0	5.82	0.19	1.0	1.0	1.0
chr6	151070259	151072599	2341	*	6.73	6.95	6.47	0.48	1.0	1.0	1.0
chr6	151494702	151495057	356	*	4.27	4.19	4.35	-0.17	1.0	1.0	1.0
chr6	151803960	151804362	403	*	1.44	-0.7	2.27	-2.97	1.0	1.0	1.0
chr6	151834420	151835148	729	*	1.66	1.44	1.86	-0.42	1.0	1.0	1.0
chr6	153150121	153151636	1516	*	5.04	4.83	5.22	-0.39	1.0	1.0	1.0
chr6	154246523	154247174	652	*	3.88	3.87	3.89	-0.02	1.0	1.0	1.0
chr6	158848728	158850773	2046	*	6.58	6.51	6.64	-0.14	1.0	1.0	1.0
chr6	158854535	158855166	632	*	4.11	-0.7	5.08	-5.79	1.0	1.0	1.0
chr6	158893546	158893847	302	*	1.9	1.93	1.86	0.07	1.0	1.0	1.0
chr6	159296204	159297967	1764	*	3.19	3.22	3.16	0.06	1.0	1.0	1.0
chr6	160217962	160219092	1131	*	3.74	3.94	3.51	0.43	1.0	1.0	1.0
chr6	160732846	160733340	495	*	4.21	4.41	3.97	0.44	1.0	1.0	1.0
chr6	160918719	160919480	762	*	4.06	4.19	3.92	0.28	1.0	1.0	1.0
chr6	161748854	161749186	333	*	3.59	3.94	3.14	0.81	1.0	1.0	1.0
chr6	165600010	165600880	871	*	3.7	4.41	2.24	2.17	1.0	1.0	1.0
chr6	165873405	165875703	2299	*	3.16	3.41	2.86	0.55	1.0	1.0	1.0
chr6	165878646	165879021	376	*	2.35	2.79	1.73	1.06	1.0	1.0	1.0
chr6	165884811	165885199	389	*	4.63	4.95	4.22	0.74	1.0	1.0	1.0
chr6	165935642	165936013	372	*	1.88	2.35	1.17	1.18	1.0	1.0	1.0
chr6	166788651	166789108	458	*	3.62	3.58	3.66	-0.08	1.0	1.0	1.0
chr6	167182889	167183213	325	*	1.65	2.54	-1.13	3.67	1.0	1.0	1.0
chr6	167224417	167224773	357	*	3.48	3.9	2.88	1.01	1.0	1.0	1.0
chr6	167418059	167418636	578	*	1.74	1.98	1.46	0.52	1.0	1.0	1.0
chr6	167532096	167532533	438	*	4.02	3.54	4.38	-0.85	1.0	1.0	1.0
chr6	168350736	168352064	1329	*	2.54	2.99	1.9	1.08	1.0	1.0	1.0
chr6	168581688	168582436	749	*	2.69	3.27	1.69	1.59	1.0	1.0	1.0
chr6	168597548	168598358	811	*	2.88	3.09	2.63	0.46	1.0	1.0	1.0
chr6	168990558	168991116	559	*	2.74	2.97	2.46	0.51	1.0	1.0	1.0
chr6	168991177	168991935	759	*	4.12	4.14	4.1	0.04	1.0	1.0	1.0
chr6	170025334	170026310	977	*	4.66	4.66	4.67	-0.01	1.0	1.0	1.0
