117_1	117_2	152_1	152_2
LAP3	0	0.445197917598215	0	0
ALS2	0	0.445197917598215	0	0
CFLAR	0	0	0.659743599265028	0
RBM5	1.25830969563092	0	0	0
FAM214B	59.5413552220615	53.1929090436568	53.7694159028913	55.5801347399123
GCFC2	0	0.445197917598215	0	0
ZFX	0.62915484781546	0	0	0
REX1BD	0	0.445197917598215	0	0
BAIAP2L1	0	0.890395835196429	0	0.66930987946728
KDM7A	0	0.445197917598215	0	0
ALDH3B1	0	0	1.31948719853006	0
ARSD	0	0	0	0.66930987946728
ADIPOR2	0	0.445197917598215	0	0
E2F2	0	0.445197917598215	0	0
PSMB1	0.735704618598439	0	0	0
SPAG9	0	0.36005573134165	0	0
MGST1	0	0.36005573134165	0	0
RPS20	0	0.36005573134165	0	0
CSDE1	0.62915484781546	0	0	0
IYD	0.735704618598439	0	0	0
ZNF207	0.62915484781546	0	0	0
CD9	0	0	0	0.669893171895536
NCAPD2	0.735704618598439	0	0	0
FUZ	0.735704618598439	0	0	0
PRSS3	17.1038744386828	4.21603960352784	70.3113255473108	11.3841008752263
HFE	0	0.36005573134165	0	0
RNF216	0	0.445197917598215	0	0
RABGAP1	57.9329648834344	374.722958806447	103.564263655928	186.80803475519
QPCTL	0	0	0	0.66930987946728
LDAF1	0	0.36005573134165	0	0
EXTL3	0.62915484781546	0	0	0
MVP	0	0	0	0.669893171895536
CLK1	0	0.36005573134165	0	0
ANGEL1	0.62915484781546	0	0	0
GPRC5A	0.735704618598439	0.36005573134165	0.667796876397322	2.00792963840184
CAPN1	0	0	0	0.66930987946728
MATR3	0	0	0.667796876397322	0
ZFP64	0	0	0.659743599265028	0
SERPINB1	1.47140923719688	0.445197917598215	0	0
GRAMD1B	0.62915484781546	0	0	0
RB1CC1	0	0.445197917598215	0	0
ERP44	0	10.4026422362771	0	21.4313318688029
GCLM	0	0.445197917598215	0	0
UBR2	0	0	0.659743599265028	0
PHF20	0.62915484781546	0	0	0
TYMP	0	0	0.659743599265028	0
KPNA6	0	0.36005573134165	0	0
CD44	0.735704618598439	0	0	0
BTN3A1	0	0	0	0.669893171895536
VEZT	0	0	0	0.66930987946728
SNX1	0	0	0.667796876397322	0
MUSK	0	0	0	0.669893171895536
ARID4A	0	0.36005573134165	0	0
IFT88	0	0	0	0.669893171895536
PIAS1	0	0	0.659743599265028	0
TRIO	0.62915484781546	0	0	0
CDH1	0	1.16530938028151	0	0
TNC	4.20112817002468	2.24547657430646	1.99533735205967	4.68808561841224
ADAM28	0	0.445197917598215	0	0
CNTLN	3.25232400986028	0	5.29405534838481	0
HSPA5	253.84357319922	200.075253413748	31.9656640186162	12.0516608774088
DSG2	0	0.445197917598215	0	0
CTPS2	0	0	0	0.669893171895536
TPR	0	0.36005573134165	0	0
MRPS10	0	0.890395835196429	0	0
FAM120A	0	10.2323578637639	0	31.470980060812
H6PD	0.735704618598439	0	0	0
MSMO1	0	1.33559375279464	0	0
TRAPPC3	0	0	0	0.669893171895536
ENTPD2	0	11.3781802577301	0	11.3858507525111
LY75	1.3648594664139	0	0	0
SDCCAG8	0	0.445197917598215	0	0
SYNE2	0	0.36005573134165	0	0
ATP9A	0	0.36005573134165	0	0
GALC	0	0	0	0.669893171895536
NOP58	0	0.445197917598215	0	0
SZRD1	0	0.445197917598215	0	0
CUL1	0	0.445197917598215	0	0
ZFR	0	0	0	0.66930987946728
TRAF1	0.62915484781546	0.805253648939864	0	1.33920305136282
RC3H2	72.8500130200867	60.7468851608365	67.0206608281179	68.2981890346471
IL17RB	0.735704618598439	0	0	0
POLR3E	0	0.36005573134165	0	0
DNAJC25	1.3648594664139	1.16530938028151	0.659743599265028	2.0085129308301
YBX3	0	0	0.667796876397322	0
TNK2	0.735704618598439	0.36005573134165	0	0
EIF4B	0	0	0.659743599265028	0
TNPO3	0	0	0	0.669893171895536
LPAR2	0	0.445197917598215	0	0
SLC12A2	0.62915484781546	0.805253648939864	0	0
HMG20B	0	0.445197917598215	0	0
GNAI3	0.62915484781546	0	0	0
OAT	0	0.36005573134165	0	0
ERBB3	0	0.445197917598215	0	0
ADAT1	0	0.805253648939864	0	0
CYB5R4	0	0.445197917598215	0	0
CDK13	0	0	0.667796876397322	0
ELAVL1	0	0	0	0.669893171895536
NFYC	0	0.36005573134165	0	0
CLDN18	0	0.445197917598215	0	0
ATXN3	0	0.36005573134165	0	0
MSANTD3	0	1.25045156653808	0	4.01702586166019
MTFR1	0	0	0.667796876397322	0
SP100	0	0.36005573134165	0	0
PKM	0	0.445197917598215	0	0.669893171895536
IARS2	0	0.445197917598215	0	0
ROCK1	0.735704618598439	0	0	0
IFI35	0.62915484781546	0	0	0
PRR11	0	0.445197917598215	0	0
POLR1A	0.62915484781546	0	0	0
DNAJA2	0.62915484781546	0	0	0
LRP6	0.62915484781546	0.36005573134165	0	0
ELP1	365.345913911875	315.770346767008	100.772276993354	93.0760703007863
PTPN3	34.2280364311304	47.4515043285058	66.3528639517206	62.9413768291958
SLC44A1	0	12.078804734098	0	38.1687451949109
POLB	0	0	0.659743599265028	0
WIPI1	0	0	1.31948719853006	0
FRMPD1	0	0	0	1.33861975893456
GBA2	17.6366232925977	22.1408782253488	31.2092810937637	25.4454412683218
PABPC1	0	0.36005573134165	0	0
OSBPL3	0	0.445197917598215	0	0
BUD23	0	0.805253648939864	0	0
RDH11	0	0.36005573134165	0	0
ZFYVE26	0	0	0	0.66930987946728
PTPN18	0	0	0	0.66930987946728
ALDH3A2	0	0.890395835196429	0	0
DERL2	0	0.445197917598215	0	0
TMEM38A	0	0	0	0.669893171895536
KDM5A	0	0	0	1.33861975893456
IGF2BP2	0	0.445197917598215	0	0
MAP3K13	0	0	1.33559375279464	0
CLASP1	0	0.445197917598215	0	0
NTN4	0	0	0	0.669893171895536
TIPIN	0	0.445197917598215	0	0
SRI	0	0	0	0.66930987946728
SEMA3A	0	0	0	0.66930987946728
SEMA3C	0	0.36005573134165	0	0
ZNF37A	0.735704618598439	0	0	0
FSCN1	0.62915484781546	0	0	0
ACTB	0	0.36005573134165	0	0
PLD1	0.62915484781546	0	0	0
RBMS2	0	0.445197917598215	0.667796876397322	0
MLH1	0	0	0	0.66930987946728
ACACB	0	0.36005573134165	0	0
NT5C2	0	0.445197917598215	0	0
ARHGEF1	0	0.445197917598215	0	0
MAP2K7	0	0	0.667796876397322	0
RARB	0.62915484781546	0	0	0
USP33	0.62915484781546	0	0	0
UBE2A	0	0.36005573134165	0	0
SYNJ2	0	0	0	0.66930987946728
ADCY2	0	0	0	0.669893171895536
GNB1	0.735704618598439	0	0	0
PCM1	0.62915484781546	0	0	0
BRINP1	0	0.36005573134165	0	0
XRCC5	0	0	0	0.66930987946728
LXN	0	0	0	0.669893171895536
MKNK1	0	0.36005573134165	0	0
CEACAM1	0	0	0	1.33978634379107
FDFT1	0	0.445197917598215	0.659743599265028	0
PTPRH	0	0	0.667796876397322	0
RFX3	2.10056408501234	1.80027865670825	5.3101619026494	6.69426537952931
RIF1	0	0	0	0.669893171895536
RAB21	0.62915484781546	0	0	0
SMARCA2	29.3876096364079	33.6042006693354	19.8808940264061	24.7732149267132
PUM3	209.746983192803	198.421580669899	143.366318094401	125.214027071353
PSEN1	0	0.36005573134165	0	0
HSP90AA1	0.62915484781546	0.36005573134165	0	0
CDC14B	0	3.94112605844276	0	8.03696818546166
ZNF510	0	0.720111462683299	0	5.35681220545126
ATP8B1	0	0	1.33559375279464	0
ME2	0.735704618598439	0	0	0
TRAF5	0	0.36005573134165	0	0
XPO1	0.735704618598439	0.36005573134165	0	0
TUT7	0	23.2015584330583	0	42.1886875187124
PLOD1	1.47140923719688	0	0	0
FAT1	0	0.36005573134165	0	0
CHMP2B	0	0	0	0.66930987946728
SSH1	0.735704618598439	0	0	0
RAB10	0	0	0	0.66930987946728
HADHA	0	0	0.659743599265028	0.66930987946728
CD59	0	0	0.667796876397322	0.66930987946728
MAP3K4	0	0	0.659743599265028	0
CTTN	0	0.445197917598215	0	0
EPS15	0	0	0	0.66930987946728
DNAJA1	508.36206858278	311.240137971066	262.144950919086	172.07971765234
B4GALT1	19.6407813837095	81.3695925155571	23.8635154533931	38.1664120251979
CHMP5	1.25830969563092	2.77581667816124	7.9652428539741	8.03521830817689
NFX1	19.4276818421435	20.9755688450673	15.2868486629478	18.7476761342229
DIMT1	0	0.445197917598215	0	0
RBM22	0	0	0.659743599265028	0
ZFAND6	0	0.445197917598215	0	0
PPP1R15A	0.735704618598439	0	0	0
FTL	0.735704618598439	0	0	0
GMCL1	0	0.36005573134165	0	0.669893171895536
FER1L4	1.3648594664139	0	0	0
SLC15A1	0.735704618598439	0	0	0
TGDS	0.62915484781546	0	0	0
MAVS	0	0	0	0.66930987946728
SNX5	0	0	0	0.669893171895536
MAPKAPK5	0	0	0	0.669893171895536
SLC23A2	0	0.36005573134165	0	0
SLC8B1	0.735704618598439	0	0	0
TMEM230	0	0	0	0.669893171895536
TASP1	0	0.445197917598215	0	0
RPLP0	0	0	0.667796876397322	0
NECAP1	0.62915484781546	0	0	0
SPTLC1	0	11.8233781753283	0	37.4982687305871
NUDC	0.735704618598439	0	0	0
LYZ	0	1.16530938028151	0	0
GOLGA3	0	0.36005573134165	0	0
USP48	0	0	0.659743599265028	0
AARS1	0	0.36005573134165	0	0
GLG1	0	0.445197917598215	0	0
TXNL1	0	0.445197917598215	0	0
MAP3K20	0	0.445197917598215	0	0
SNAP23	0	0.36005573134165	0	0
CLSPN	0	0.445197917598215	0	0
MFSD11	0	0.445197917598215	0	0
GPATCH2	0	0.36005573134165	0	0
LRRFIP2	0	0.445197917598215	0	0
HOOK2	0.62915484781546	0.36005573134165	0	1.33861975893456
EPB41L4B	8.81831164629885	14.3242813084044	11.972024112358	11.3817677055133
TMEM38B	0	6.73642972291939	0	4.68808561841224
PSMD5	181.292921937718	173.560343957679	68.340148026648	57.5863145010293
PTGS1	0	2.67118750558929	0	0
CRAT	0.735704618598439	0.36005573134165	0	0
SH2D3C	1.88746454344638	1.69564948413629	3.33093110485432	1.33861975893456
NANS	0	4.66123752112606	0	6.69659854924234
TBC1D2	0	7.41756721297191	0	12.7233039265891
WHRN	34.1417742141123	38.3188006450822	12.5915013259616	12.7209707568761
BTAF1	0	0	0	0.669893171895536
WAC	0	0.445197917598215	0	0
IFT74	14.9069043597699	57.2047888063661	31.2012278166314	38.1658287327696
JAK2	97.1282654338352	73.7499611984363	125.521027805717	115.182544973339
ABL1	1.3648594664139	0.445197917598215	1.31948719853006	2.00909622325835
PCSK5	289.421213317924	254.737162346752	9.29278332963645	10.7118745336178
ERMP1	240.037629652851	282.676999215212	159.803535136101	180.794161811265
KCNK6	0	0	0.659743599265028	0
CATSPERG	0	0.445197917598215	0	0
HNRNPM	0	0.36005573134165	0	0
TECR	0	0.36005573134165	0	0
MTAP	0	34.068885573249	0	41.5158778846755
PPIL2	0	0	0.667796876397322	0
MAPK1	0	0	0	0.66930987946728
RAB36	0	0.445197917598215	0	0
PPP6R2	0	0.36005573134165	0	0
PACSIN2	0	0.36005573134165	0	0
BIK	0	0.445197917598215	0	0
MYH9	0.62915484781546	0	0	0
TNRC6B	0.62915484781546	0	0	0
SGSM3	0	0.36005573134165	0	0
EP300	0	0.445197917598215	0.667796876397322	0
RANGAP1	0	0	0	0.66930987946728
ZC3H7B	0	0.445197917598215	0	0
AP4S1	0	0	0	0.66930987946728
PYGL	0.735704618598439	0	0	0
PSMA3	0	0	0.667796876397322	0.66930987946728
AHSA1	0	0.445197917598215	0	0
LGMN	0	0.720111462683299	0	0
EIF5	0	0	0.659743599265028	0
PSMC1	0.735704618598439	0	0	0
PPP4R3A	0	0	0	0.66930987946728
SRP54	0	0	0.667796876397322	0
DCAF11	0	0.445197917598215	0	0
ABHD12	0	0	0	0.66930987946728
HNF4A	0	0	0	0.669893171895536
STK4	0.62915484781546	0	0	0.669893171895536
RAE1	0	0	0	0.669893171895536
TPD52L2	0	0	0.659743599265028	0
C20orf27	0	0.445197917598215	0	0
CSNK2A1	0	0.805253648939864	0	0
HM13	0.735704618598439	0	0	0
SEC23B	0	0.36005573134165	0	0
FERMT1	0	0	0.667796876397322	0
PLCB4	0	0	0.659743599265028	0
POFUT1	0	0	0	0.66930987946728
SAMHD1	0	0	1.31948719853006	0.66930987946728
MAPRE1	0	0	0	0.66930987946728
FAM83D	0	0.36005573134165	0	0
VAPA	0	0.36005573134165	0	0
SMCHD1	0	0	0	0.669893171895536
MYL12A	0.62915484781546	0	0	0
LIPG	0	0.36005573134165	0	0
RIOK3	0.735704618598439	0	0.659743599265028	2.0085129308301
ALG13	0	0	0	0.669893171895536
MOSPD1	0.735704618598439	0	0	0
XIAP	0	0.445197917598215	0	0.66930987946728
SMARCA1	0	0.36005573134165	0	0
PGK1	1.47140923719688	0	0	0
RP2	0	0.36005573134165	0	0
RBM3	0	0.36005573134165	0.667796876397322	0
SYTL4	0	0.445197917598215	0	0
GLA	0	0	0	0.669893171895536
KLF5	0.735704618598439	0	0	2.0085129308301
STK24	0	0.445197917598215	0	0
DNAJC3	0	0	0	0.66930987946728
PARP4	0	0	0.659743599265028	0
NFAT5	0	0.445197917598215	0	0
LONP2	0	0.445197917598215	0	0
CYB5B	0	0	0.667796876397322	0
SLC7A6	0	0.36005573134165	0	0
WDR59	0.735704618598439	0	0.667796876397322	0
AXIN1	0	0.36005573134165	0	0
EARS2	0	0.36005573134165	0	0
STX4	0	0.36005573134165	0	0
KAT8	0.735704618598439	0	0	0
AAGAB	0	0.36005573134165	0	0
HERC1	0	0	0.659743599265028	0
MTFMT	1.3648594664139	0.445197917598215	0	0
SPG11	0	0.805253648939864	0	0
BLOC1S6	0	0.445197917598215	0	0
BPNT2	0	0.36005573134165	0	0
RAB2A	0.62915484781546	0	0	0
NDRG1	0	0.805253648939864	0	0
CHRAC1	0.62915484781546	0.445197917598215	0	0
UBR5	0	0.36005573134165	0	0
MTMR9	0	0.36005573134165	0	0
ARHGEF10	0	0	0.667796876397322	0
MCM4	0	0	0	0.669893171895536
BNIP3L	0	0.445197917598215	0	0
HNRNPL	0.735704618598439	0	0	0
RELB	0.62915484781546	0	0	0.669893171895536
PDCD5	0	0.36005573134165	0	0
TIMM50	0	0.36005573134165	0	0
GPI	0	1.08016719402495	0	0
CCDC9	0.62915484781546	0	0	0
MYH14	0	0	0.667796876397322	0
CEACAM5	2.83626870361078	2.58604531933272	0	1.33920305136282
NAPA	0	0	0.667796876397322	0
CYTH2	0.735704618598439	0	0	0
FAM83E	0.62915484781546	0	0	0
PLEKHA4	0	0	0.667796876397322	0
DNASE2	0.62915484781546	0	0	0
LSR	0	0	0	0.66930987946728
PBX4	0	0	0.659743599265028	0
SIPA1L3	0	0	0.659743599265028	0
AVL9	0	0.445197917598215	0	0
GTPBP10	0	0.445197917598215	0	0
NAMPT	0	0.36005573134165	0	0
ZC3HAV1	0	0.36005573134165	0	0.669893171895536
MET	0.735704618598439	0.890395835196429	0	0.66930987946728
LMBR1	0.735704618598439	0	0	0
DNAJB6	0.62915484781546	0.36005573134165	0	0
ABHD11	2.10056408501234	0.445197917598215	1.33559375279464	2.00909622325835
FKBP14	0.735704618598439	0.445197917598215	0	0
CASP2	0.735704618598439	0	0	0
BUD31	0	0.36005573134165	0	0
CYP3A5	0	0.445197917598215	0	0
ZKSCAN1	2.10056408501234	0.445197917598215	0	0
RBM28	0.735704618598439	0	0	0
PLOD3	0	0	0.659743599265028	0
AGR2	0	0.805253648939864	0	0
AHR	0	0.36005573134165	0	0.66930987946728
SPATA6L	49.4343025494845	47.1816892877461	46.4155969853885	14.7324001498475
SLC1A1	64.0012700431406	60.5232383337025	144.00190186227	156.016863837554
FKTN	0	17.4601537179073	0	14.7306502725627
FSD1L	0	9.51224640108063	0	2.00967951568661
CNTNAP3	20.4627482193261	59.7467616487427	0	0
SPIN1	0	9.74818597353494	0	8.03580160060515
NMRK1	41.3516955217841	24.5176651995376	58.3634612663496	32.1356236008533
TMEM245	535.84679744283	606.580833184535	105.471014959532	117.179392055604
PRUNE2	1.25830969563092	2.86095886441781	1.31948719853006	2.0085129308301
MEGF9	0	0.445197917598215	0.659743599265028	0
TRIM14	0	22.8609896880321	0	33.4783264067856
CORO2A	0	135.70832395318	0	32.1408732327076
TGFBR1	0	0.445197917598215	0	0.66930987946728
SEC61B	0	0.36005573134165	0	0.66930987946728
C5	0	1.16530938028151	0	1.33861975893456
OGN	0	0.445197917598215	0	1.33861975893456
ASPN	0	0.890395835196429	0	0.66930987946728
ECM2	0	1.16530938028151	0	1.33861975893456
TLE4	73.2000936630829	92.7621612552771	52.3452361016414	44.1890343555469
LHX6	0.62915484781546	0	0.659743599265028	0
PTGR1	28.6519050178095	27.6730245953559	30.5173243859695	36.158482386796
SUSD1	4.5106337054912	0.890395835196429	9.94447365176918	11.3835175827981
AMBP	0	0	0.659743599265028	0
AKNA	0.62915484781546	0.805253648939864	1.99533735205967	0.669893171895536
TNFSF8	0	0.36005573134165	0	2.67723951786912
DNM1	28.5656428007913	11.4633224439866	15.2868486629478	10.04606440872
CDC37L1	5.24633832408964	7.28625681308956	9.95252692890148	13.3914472211999
RLN1	0	0	0.659743599265028	0
PLGRKT	1.3648594664139	1.52536511162316	7.9652428539741	1.33920305136282
RIC1	28.5453552470265	20.7201422862976	75.0181167906212	83.7010656488184
KDM4C	189.172573200735	393.985486917733	163.343851446395	253.118126093996
DOCK8	18.5854274527621	14.2196521358325	16.6304956928747	14.7318168574192
KANK1	169.536823591949	186.227042723592	67.7448306444413	55.5766349853427
NCS1	6.61119779050354	6.01631826023609	3.97456814985475	2.00909622325835
KCNT1	0	0	2.63897439706011	4.01702586166019
CA9	0.62915484781546	0.805253648939864	0	0
FUBP3	12.1771854269421	19.070661015787	19.8889473035384	22.0971419937006
CREB3	1.47140923719688	0	0	0
DDX58	17.7228855096159	14.6381688261203	117.47525218042	103.787361541976
EDF1	0	0.805253648939864	0	0
PIP5K1B	11.2385250436601	7.69248075805699	5.3101619026494	8.03638489303341
GLIS3	51.5247228576144	52.0132111813853	15.2626888315509	12.0534107546936
BAG1	5.4594378656556	2.05570521547794	0.659743599265028	7.36590842870962
RAPGEF1	54.4776851088906	57.8469523237879	41.789338513401	56.9158380367056
NPDC1	0	0	0	1.33861975893456
APBA1	0	0	0.667796876397322	0
SETX	140.504406600496	291.282365562436	113.508737307697	307.345642056696
SH3GL2	0.735704618598439	0	0	0
ABCA2	83.1600214573473	84.7752799658197	37.1389202100166	56.9105884048512
SHB	2.10056408501234	1.61050729787973	1.32754047566235	0
UBE2R2	21.3050026087075	23.5349329370896	31.1529081538376	36.1532327549417
ABHD17B	11.1319752728771	21.7418485213763	3.97456814985475	9.37675452925274
ZFAND5	65.0667677509704	54.7890278595465	75.6134341728279	97.0855133608792
GBF1	0.735704618598439	0	0	0
ACBD5	0.735704618598439	0	0	0
MAP3K8	0	0	0	1.33978634379107
GLRX3	0.62915484781546	0	0	0
SHOC2	0	0.36005573134165	0	0
RAD51C	0	0.445197917598215	0	0
TRIM16L	0.735704618598439	0	0	0
RECQL5	0	0	0	1.33861975893456
CPD	0	0	0	2.00792963840184
UTP6	0	0.36005573134165	0	0
LGALS3BP	0	0	1.31948719853006	0
LUC7L3	0.62915484781546	0	0	0.669893171895536
WSB1	1.25830969563092	0.890395835196429	0	0
TMEM97	0	0.890395835196429	0	0
SUPT6H	0	0	0.667796876397322	0
ANXA10	0	0.36005573134165	0	0
CLCN3	0	0	0	0.669893171895536
MTCH2	0	0	0.659743599265028	0
FNBP4	0.735704618598439	0	0	0
CHORDC1	0	0.36005573134165	0	0
EIF4G2	0.62915484781546	0.445197917598215	0	0.669893171895536
UBE4A	0	0	0.667796876397322	0
PDHX	0	0	0.667796876397322	0
NUP98	0.735704618598439	0	0	0
CHKA	0	0.720111462683299	0	0
PTGES3	0.735704618598439	0.805253648939864	0	0.66930987946728
RSRC2	0.62915484781546	0	0	0
PARP11	0	0.445197917598215	0	0
MANSC1	0	0.445197917598215	0	0
SCNN1A	0	0	0.659743599265028	0
OAS3	0	0	0.659743599265028	0
VDR	0	0.445197917598215	0	0
CPSF6	0	0.445197917598215	0	0
GAPDH	0	0	0.667796876397322	0
SERINC1	0.735704618598439	0.445197917598215	0	0
NCOA7	0.735704618598439	0.36005573134165	0.667796876397322	0
KCTD20	0	0.890395835196429	0	0
MRPL18	0	0.445197917598215	0	0
MDN1	0.735704618598439	0	0	0
E2F3	0	0.445197917598215	0	0
CRYBG1	0	0.445197917598215	0	0
TRIM38	0	0	0	0.669893171895536
PDE10A	0	0	0.667796876397322	0
ERBIN	0	0	0.659743599265028	0
HARS2	0	0	0	0.66930987946728
MRPS30	0.735704618598439	0.445197917598215	0	0
CLINT1	0.62915484781546	0.805253648939864	0	0
MSH3	0	0	0.667796876397322	0
SUB1	0	0.720111462683299	0	0
LNPEP	0	0.36005573134165	0	0
CSNK1A1	0.735704618598439	0	0.659743599265028	0
ATP6V0E1	0	0	0	0.66930987946728
TBCCD1	0	0	0.659743599265028	0
FAM162A	0	0	0	0.669893171895536
SLC25A36	0.735704618598439	0	0	0
PRKAR2A	0	0	0.667796876397322	0
IQCG	0	0.445197917598215	0	0
FRMD4B	0	0	0.659743599265028	0
COMMD2	0	0.36005573134165	0	0
ABCC5	0	0	0.659743599265028	0
SSR3	0.62915484781546	0	0	0
NCL	1.99401431422936	0.36005573134165	0	0
ASB3	0.735704618598439	0	0	0
RTN4	0	0	0	1.33861975893456
MRPL19	0	0.445197917598215	0	0
WDR75	0.735704618598439	0	0	0
STAT1	0	0	0	0.66930987946728
PDCL3	0	0.445197917598215	0	0
MLPH	0	0	0.659743599265028	0
HDLBP	0	0.36005573134165	0	0
PLEKHB2	0	0.445197917598215	0	0
SRSF7	0	0	0	0.66930987946728
ORC4	0.62915484781546	0	0	0
EPAS1	0	0.36005573134165	0	0
SUMO1	0	0	1.31948719853006	0
MSH6	0	0	0	0.66930987946728
FARSB	0.735704618598439	0	0	0
CACYBP	0	0.720111462683299	0	0
TMEM59	0	0	0.659743599265028	0
S100PBP	0	0	0.659743599265028	0
SFPQ	0	0.36005573134165	0	0
FBXO6	0.62915484781546	0	0	0
SLC35D1	0	0	0	0.66930987946728
MRPS15	0	0	0	0.669893171895536
MTR	0	0.445197917598215	0	0
RLF	0	0.445197917598215	0	0
ZNHIT6	0	0.36005573134165	0	0
CD46	0	0.805253648939864	0	0.669893171895536
PRRC2C	0.735704618598439	0	0	0
F3	0.62915484781546	0	0	0
RSRP1	0	0.36005573134165	0	0
SLC35A3	0	0.36005573134165	0.659743599265028	0.66930987946728
STMN1	0	0.36005573134165	0	0
NEK2	0	0.445197917598215	0	0
DHDDS	0	0.445197917598215	0	0
ESYT2	0.62915484781546	1.16530938028151	0	0
STAG1	0.735704618598439	0	0	0
STK11	0.62915484781546	0	0	0
KMT2A	0	0	0	1.33861975893456
CAMSAP2	0.735704618598439	0.36005573134165	0	0
MED28	0	0.445197917598215	0	0
TGIF2	0	0.445197917598215	0	0
RARRES1	0	0.36005573134165	0	0
NDUFB3	0	0.36005573134165	0	0
TRPM6	0	1.08016719402495	0	0
GDA	1915.11556156001	1856.29727442165	938.538903184752	788.131203344512
TJP2	17.0074684447822	15.8496464200276	55.7164335921572	50.2239058268893
SENP5	0.62915484781546	0	0	0
PTBP3	1068.67968974605	1135.91996850313	244.130541810623	308.673179259493
RAD23B	0	5.80705991509218	76.8040689372412	4.68750232598398
FKBP15	153.224484658235	171.684213092379	77.6329313562844	85.0379355304682
CTNNAL1	221.90388106598	297.930368656746	45.7880664946526	62.2697337800155
ABITRAM	11.3349310375607	10.0620734912508	29.8253676781752	37.4988520230154
DYNC2I2	0.62915484781546	0	0	0
PTPA	0	0	0.659743599265028	0
GLE1	2.51661939126184	2.96558803698976	15.9304857079482	14.0636735628085
RAB14	13.8616942057049	13.9837125633782	3.33093110485432	3.34888256704942
CNTRL	2.51661939126184	1.08016719402495	2.66313422845699	0.66930987946728
TRIM32	66.1626967894474	73.9981935162109	11.2881206816961	12.7221373417326
FBXW2	29.9305022672052	40.4791350331321	15.9304857079482	10.043731239007
PHF19	31.615011045968	38.6132011764827	10.5961639739019	16.071019908782
NEK6	0	2.05570521547794	0	0.66930987946728
BSPRY	0	0	0	0.66930987946728
PPP6C	120.970174987569	91.2952571026001	29.8253676781752	35.4868393376157
NDUFA8	3.98802862845872	4.57609533486949	23.1554521913343	20.7526893104835
HDHD3	24.0245777646529	19.2994063472463	193.482671807147	152.654565544655
RBM18	28.961410553276	17.328843318025	16.5660694758163	21.4266655293768
HSDL2	248.277585562782	242.668554621305	43.7846758654607	32.8043501878923
MAPKAP1	20.056836689959	13.3097693143207	18.5936199364052	16.0704366163538
NR4A3	0	2.86095886441781	0	0
INVS	0	7.88225211688551	0	17.4108062525731
GALNT12	0	1.52536511162316	0	2.67782281029738
DENND1A	24.6638763893507	15.4239354887448	35.8677526742803	33.4794929916421
ALG2	0	37.2581204373727	0	1.33861975893456
KDSR	0	0	0.659743599265028	0
VPS4B	0	0.445197917598215	0	0
FLVCR2	0.735704618598439	0	0	0
DLST	0.62915484781546	0	0	0
ZC2HC1C	0	0	0	1.33978634379107
SLIRP	0	0.445197917598215	0	0
TMEM214	0	0	0	0.66930987946728
YIPF4	0	0	0	0.669893171895536
HELLS	0	0.445197917598215	0	0
TCTN3	0	0.36005573134165	0	0
PANK3	0.735704618598439	0.890395835196429	0	0
RCL1	63.6257898444208	64.9116580464131	35.199955797883	44.8676769138663
CAAP1	154.117538159064	164.922009173135	108.85026572718	103.782111910122
MOB3B	0	0	0	1.33920305136282
INSL6	0	0	6.62964910117945	6.02787196220331
MLANA	3.1457742390773	1.52536511162316	5.97795877904672	6.69718184167059
CD274	5.04338255940609	5.89220210134874	8.64914628463601	9.3732547746832
ENY2	0.62915484781546	0.36005573134165	0	0
MASTL	0	0	0	0.669893171895536
KIAA1217	0	0.720111462683299	0	0
UFM1	0	0.445197917598215	0	0
FAM53C	0.735704618598439	0	0.659743599265028	0
UTP20	0.735704618598439	0	0	0
DUSP4	0	0.36005573134165	0	0
CLU	0	0.36005573134165	0	0
UBIAD1	0	0	0	1.33920305136282
TARDBP	0	0.36005573134165	0	0
LYPLA1	0	0	0.659743599265028	0.669893171895536
RDH10	0.735704618598439	0	0	0
ECHDC2	0.735704618598439	0	0	0
PLBD1	0	0.445197917598215	0	0
CRY2	0	0	0	1.33978634379107
ZMYM2	0	0	0	0.669893171895536
TBC1D15	0	0.445197917598215	0	0
TNFSF10	0	0	0	0.66930987946728
LIAS	0	0.445197917598215	0	0
MTIF3	0	0	0.659743599265028	0
KIAA1191	0	0	0	0.669893171895536
COPA	0	0	0.659743599265028	1.33978634379107
RWDD3	0	0	0	0.66930987946728
EEPD1	0	0.36005573134165	0	0
HERPUD2	0	0	0	0.669893171895536
HNRNPA2B1	1.47140923719688	1.16530938028151	0	0
FKBP9	0.735704618598439	0.890395835196429	0	0
SMU1	81.2522693601361	108.33479839355	120.878662779464	145.316071860073
GLIPR2	1.25830969563092	0.445197917598215	0.659743599265028	2.00967951568661
SLC25A51	6.71774756128652	5.38134898380935	2.6550809513247	8.03405172332038
CLTA	34.217892654248	24.3473808270244	79.5477359370212	81.0121602823841
ACO1	479.461360236728	381.563110670953	181.326047446329	124.553466578309
PHF24	0.62915484781546	0	0	0
DNAI1	57.5473409078321	70.1227226577094	9.94447365176918	7.36590842870962
DCAF10	0.62915484781546	0	0	0
ZWINT	0	0.36005573134165	0	0
ACOT9	0	0.36005573134165	0	0
CENPK	0	0	0	0.66930987946728
ATF1	0	0	0	0.669893171895536
SMUG1	0.735704618598439	0.445197917598215	0	0
SARDH	0.735704618598439	0	0.667796876397322	0
AMD1	0	0	0	0.669893171895536
MORF4L2	0	0.445197917598215	0	0
NMI	0.735704618598439	0	0	0
LPGAT1	0	0.720111462683299	0	0
COQ8B	0	0	0.667796876397322	0
PFKFB2	0	0.445197917598215	0	0
CKS2	0	14.1929709085221	0	14.0607571006672
ACSL3	0	0	0.659743599265028	0
DNPEP	0	0.445197917598215	0	0.669893171895536
NCOA3	0	0	0	0.66930987946728
PARD6B	0	0.890395835196429	0	0
ARFGEF2	0	0	0.667796876397322	0.669893171895536
CDH26	0	0.36005573134165	0	0
PPP4R1L	0	0.36005573134165	0	0
USP9X	0	0.36005573134165	0	0.669893171895536
TRERF1	0	0.36005573134165	0	0
SERPINB6	0.735704618598439	0	0	0
ATXN1	0.62915484781546	0	0	0
LRRFIP1	0	0.805253648939864	0.667796876397322	0.669893171895536
MYRF-AS1	0.62915484781546	0	0	0
CNOT1	0	0.890395835196429	0	0
IRF1	0	0.445197917598215	0	0.669893171895536
BMP4	0	0	0	1.33861975893456
SOX9	0	0.445197917598215	0	0
MIR9-1HG	0.62915484781546	0	0	0
TTF1	1.25830969563092	1.52536511162316	5.3021086255171	4.01760915408845
GTF3C4	72.0179024075877	56.662155957191	19.2533635356702	22.0965587012723
DDX31	95.3473506611718	130.059255665281	70.9871757008404	128.560576468689
SLC25A23	0.62915484781546	0	0	0
TNFSF9	0	0.445197917598215	0	0
SH2D3A	0	0	0	0.66930987946728
PSMF1	0	0	0	0.669893171895536
TMX4	0.735704618598439	0	0	0
DSTN	0.735704618598439	0	0	0
TBC1D20	0	0	1.33559375279464	0
FAM110A	0.735704618598439	0	0	0
HNRNPR	0.735704618598439	0	0	0
EIF2S2	0	0.445197917598215	0	0
BECN1	0	0.445197917598215	0	0
NSRP1	0	0.445197917598215	0	0
AIF1L	62.1543806072239	47.4709913148212	19.9211604120675	16.7403297882493
NUP214	22.4567625335554	22.3963047841185	86.9096081316563	50.8891326593588
CANX	0	0	0.667796876397322	0
IPPK	0	3.94112605844276	0	2.00909622325835
ZNF484	0	4.74637970738262	0	6.69601525681408
FGD3	0	1.80027865670825	0	12.0522441698371
TRAF2	1.99401431422936	2.58604531933272	0.659743599265028	1.33861975893456
RAP1B	1.25830969563092	0	0	0
TSPAN8	0.735704618598439	0	0	0
HP1BP3	2.7297189328278	0	0	0
METTL16	0	0.445197917598215	0	0
ECHS1	0	0.36005573134165	0	0
AKAP9	0.735704618598439	0.720111462683299	1.33559375279464	0
PTPN12	0	0	0.667796876397322	0
RBM48	0	0	0	0.669893171895536
APOL2	0.62915484781546	0	0	0
TWSG1	0	0	0.659743599265028	0
EIF2AK4	0	0	0	1.33861975893456
MYO5C	0	0.445197917598215	0	0
MINDY2	0	0.445197917598215	0	0.66930987946728
IVD	0.735704618598439	0	0	0
ARPP19	0	0.445197917598215	0	0
VPS13C	0	0	0	0.669893171895536
SUMF2	0	0.36005573134165	0	0
SPCS3	0	0.445197917598215	0	0
CCNT1	0.62915484781546	0	0	0
ILF3	0	0	0	0.669893171895536
MTUS1	0	0.445197917598215	0	0
NGDN	0	0.36005573134165	0.659743599265028	0
AJUBA	0.62915484781546	0	0.667796876397322	0
SEC14L1	0	0.36005573134165	0	0
ASH2L	0	0.36005573134165	0.667796876397322	0
SGO1	0.735704618598439	0	0	0
LDLR	2.10056408501234	0.445197917598215	0	0
BST2	0	0.445197917598215	0	0
SLC27A1	0	0.445197917598215	0	0
LSM7	0	0	0	0.669893171895536
MTRES1	0.62915484781546	0	0	0
AFDN	0	0.445197917598215	0	0
GDF15	0	0.36005573134165	0	0
PGPEP1	0	0.445197917598215	0	0
CAMSAP1	40.3267729214839	47.4248231011954	29.1897839103071	34.1476362862529
UBAC1	18.1490845927478	14.0688547496347	45.8041730489172	33.4754099446443
HELZ2	0	0.445197917598215	0	0.66930987946728
COL5A1	0	0	0	0.669893171895536
TUBGCP2	0	0.36005573134165	0	0
PNPLA7	8.18915679848339	8.41259222074029	10.652536913828	4.68808561841224
OSBPL2	0	0.445197917598215	0	0
ASS1	99.0817046405349	71.935294059738	310.990137096095	216.940978349496
EXOSC2	0	33.8134590144793	0.667796876397322	41.5152945922473
POMT1	0	0	0	0.669893171895536
UCK1	0	0.36005573134165	0	0.66930987946728
FIBCD1	0	3.58107032710111	0	0.669893171895536
EIF2S3	0	0.36005573134165	0	0
SESN2	0	0.36005573134165	0	0
CLIP1	0	0	0	0.66930987946728
ANGPTL6	0	0	0.659743599265028	0
DNMT1	0	0.445197917598215	0	0
HABP4	0	0.445197917598215	0	1.33978634379107
FBP2	0.62915484781546	1.80027865670825	0	2.67782281029738
SLC35D2	0	1.52536511162316	0	8.03288513846387
PRRG1	0	0	0.667796876397322	0
TXLNGY	0.735704618598439	0.445197917598215	0	0
RBM39	0	0.36005573134165	1.31948719853006	0
ZNF341	0	0	0	0.66930987946728
ACSS2	0.735704618598439	0	0	0
ZNF141	0	0.445197917598215	0	0
RLIM	0	0.36005573134165	0	0
ABCB7	0	0.445197917598215	0	0
MRPS25	0.735704618598439	0	0	0
EXOC4	0	0	0	0.669893171895536
C1orf159	0	0.36005573134165	0	0
NINJ1	0	0.890395835196429	0	2.00909622325835
SELENOS	0	0.36005573134165	0	0
CHSY1	0.62915484781546	0	0	0
RHPN2	1.47140923719688	0.36005573134165	0	0.66930987946728
LGALS3	0	0	1.32754047566235	0
RAF1	0	0	0	0.66930987946728
PPARG	0	0.445197917598215	0	0
HSD17B7	0.62915484781546	0	0	0
IMMT	0	0.36005573134165	0	0
PRKAA1	0	0	0	0.669893171895536
INPP5K	0	0.445197917598215	0	0
WBP2	0	0.445197917598215	0	0
SLC52A1	0	0	0	0.66930987946728
VPS13B	0	0.445197917598215	0	0
BTBD3	0	0.805253648939864	0	0
RHBG	0.735704618598439	0	0	0
KHDC4	0	0	0.667796876397322	0
SERINC3	0	0.720111462683299	0	0
CASP9	0	0.36005573134165	0	0
XPO4	0	0	0	0.66930987946728
MPRIP	0	0.890395835196429	0	0
PIK3C2B	0	0.36005573134165	0.659743599265028	0
GPALPP1	0	0	0.667796876397322	0
SLC39A11	0	0.36005573134165	0	0
SRRM1	0	0.36005573134165	0	0
PLAAT2	0	0	0	0.66930987946728
CEP20	0	0.36005573134165	0	0
SLC2A11	0.735704618598439	0.36005573134165	0	0
IMPA1	0	0	0.659743599265028	0
SARAF	0	0.36005573134165	0	0
ELP3	0	0.445197917598215	0	0
NAPG	0	0.445197917598215	0	0
LPIN1	0	0.36005573134165	0	0
RPS15A	0	0	0	0.669893171895536
TMEM241	0	0.36005573134165	0	0
EMP1	0	0	1.97923079779508	0.669893171895536
DSC2	0	0	0	0.66930987946728
TMEM165	0	0.36005573134165	0	0
CARS2	0	0.36005573134165	0	0
ARHGAP32	0	0.445197917598215	0	0
OSTF1	41.3415517449016	31.9280381715145	154.428947016393	99.0981093387071
RFK	183.824797107821	182.676563422443	69.659635225178	83.0282560147816
UBQLN1	0	1.33559375279464	0	1.33920305136282
NAA35	0	9.13270368342359	0	16.7409130806776
ANXA1	614.597863644616	682.789157426366	1101.47266262298	1221.38176417187
CEMIP2	1484.8398609986	1927.39462806983	308.021603462194	376.989450359416
AGTPBP1	0	11.2540640988427	0	12.7221373417326
GOLM1	0	8.77264795208194	0	17.4113895450014
PSAT1	1.3648594664139	0	0	2.00909622325835
ISCA1	0	80.104752467029	0	42.8539143511819
TES	0	0.36005573134165	0	0
MAP3K7	0	0	0.659743599265028	0
PHF21A	0	0.36005573134165	0.667796876397322	0.669893171895536
AVIL	0	0	0.667796876397322	0
KRT7	0	0	0.667796876397322	0
CCDC142	0	0	0	0.66930987946728
USP15	0	0	0	0.669893171895536
DYNC1LI2	0.735704618598439	0	0	0
KCNK1	0.62915484781546	0.36005573134165	0	0
DHX9	0.735704618598439	0	0	0
SP110	0	0	0.659743599265028	0
TMEM127	0	0.445197917598215	0	0
ANKRD36	0	0.445197917598215	0	0
DRAM1	0	0.445197917598215	0	0
WASHC4	0	0.445197917598215	0	0
VPS36	0	0	1.31948719853006	0
PHF11	0.62915484781546	0	0	0
NUDT15	0.62915484781546	0	0	0
TNS3	0.735704618598439	0	0	0
HUS1	0.62915484781546	0	0	0
ABHD17C	0	0	0	0.66930987946728
DCAF7	0.62915484781546	0	0	0
IL1RN	0	0	0	0.66930987946728
ABI1	0	0	0	0.66930987946728
YME1L1	0	0.890395835196429	0	0
NIPSNAP3A	0	0.805253648939864	0.659743599265028	22.0994751634136
LRRC8A	0	0	0.667796876397322	0
CDK9	59.9472667514286	56.4139236394163	64.3736331539255	72.3105485568812
TXN	24.1311275354359	13.4728594458388	68.1951890382667	55.5678855989189
ODF2	9.86352180036381	16.8641584141114	39.1181510078117	38.8345553198086
ECPAS	1.99401431422936	2.50090313307616	2.66313422845699	2.67898939515389
TOR1B	0	0.36005573134165	0	0.669893171895536
C9orf78	0	0	1.31948719853006	0
SMC2	96.6614912431736	115.032254143839	66.996500996721	56.2424451102405
KLF4	146.760411746044	89.7186252730258	87.5532451766567	104.459587883584
TOR1A	62.4435985889256	61.2115700647501	47.77535056958	49.5470131458546
RALGPS1	28.4489492531259	28.0987355266387	76.2973376034898	44.1896176479751
NIBAN2	242.579648599837	138.883170335314	125.368015540203	116.505999129139
OR1J1	0	0.36005573134165	0	0.66930987946728
ST6GALNAC4	7.56000195066793	8.32745003448373	4.66652485764896	4.68633574112747
TMOD1	0	0.445197917598215	0	0.66930987946728
DAB2IP	124.902372729657	134.185054578226	87.5532451766567	83.6981491866771
STXBP1	5.56598763643857	4.66123752112606	7.30549925470907	8.03580160060515
SLC2A8	2.20711385579532	2.24547657430646	0	2.00909622325835
ANGPTL2	3.25232400986028	2.33061876056303	1.32754047566235	2.67840610272563
CDK5RAP2	5.04338255940609	5.46649117006592	3.32287782772202	10.7159575806156
ZFP37	1.3648594664139	31.8039220126271	0	8.03580160060515
SLC31A2	0	1.61050729787973	2.63897439706011	6.6983484265271
SLC31A1	138.606798280167	131.518965576963	34.5160523672211	26.7828944423998
TLR4	1.3648594664139	1.25045156653808	1.32754047566235	2.0085129308301
ZNF189	0	29.6507818655722	0	2.00909622325835
ALDOB	0	2.86095886441781	0.667796876397322	0
STX17	0	4.91666407989575	0	14.0613403930954
PRPF4	29.2912036425073	30.1277595148062	15.9465922622128	18.7494260115077
FPGS	158.775296742868	141.420951704351	151.34766750264	140.612820638526
USP20	126.31291930556	129.005769698566	144.171020682048	176.773052902607
BAAT	0	0.36005573134165	0	0
KIF12	23.7252160060688	49.840584048015	27.9186163745708	19.4199024758315
ATP6V1G1	13.0092960394411	21.5253959352374	35.1194230265601	24.1039050472459
TEX10	0	8.68750576582538	0	10.0431479465787
GARNL3	12.5932407331916	14.2391391221479	35.2160623521476	22.1018083331266
MRPL50	0	0	0	0.669893171895536
DPM2	0	0.445197917598215	0	0
WDR38	0.735704618598439	0	0	0
TSTD2	0	0.720111462683299	0	2.00792963840184
PSMB7	38.5357143719381	38.5670329628569	7.28133942331219	8.70569477250069
NR5A1	0	0	0.659743599265028	0
TRMO	0	2.77581667816124	0	2.00909622325835
RABEPK	6.39809824893758	3.24050158207485	14.5707321237567	16.0698533239255
GOLGA1	1.3648594664139	0.445197917598215	1.32754047566235	0.669893171895536
XPA	0	0.36005573134165	0	1.33920305136282
NCBP1	0	151.299541046782	0	40.174924956028
ANP32B	0	5.46649117006592	0	16.0675201542125
OR1L4	0	0	0.659743599265028	0
PDCL	0	17.4796407042227	0	11.3835175827981
CTSV	0	47.1960777697361	0	1.33920305136282
ARPC5L	0	0	0.659743599265028	0.66930987946728
IL33	9.75697202958084	7.73145473068777	1320.2994026247	1262.86497768057
DMAC1	8.28556279238396	8.43207920705568	21.8601248242012	13.3896973439151
RANBP6	0.735704618598439	0.805253648939864	0	0
POLR1E	0	0.36005573134165	0	0.669893171895536
PLAA	5.24633832408964	2.69067449190468	23.2037718541281	20.0892123552987
UBAP2	641.519332093068	677.225794674118	149.955700809919	132.583435254632
APTX	32.9494391817347	47.0380861425434	62.4427220189242	72.3222144054464
RNF38	245.319511309547	241.475656982727	70.3757517643691	51.5607757085391
TLN1	33.1523949464182	39.3845793571172	29.8575807867044	30.1306104245927
SIT1	0.735704618598439	0	0	0
DNAJB5	1.88746454344638	0.720111462683299	0.659743599265028	0
DCTN3	4.93683278862312	2.50090313307616	11.2881206816961	12.7215540493044
TMEM8B	1.25830969563092	31.7649480399964	0	8.03346843089213
GRHPR	10.1831711127128	15.6403880748837	21.2809139962591	34.8204459202897
ALDH1B1	0	2.14084740173451	1.33559375279464	0
ARHGEF39	11.0152817252118	9.30298805593672	3.96651487272246	5.35739549787952
IGFBPL1	0	11.594632843869	0	0
DENND4C	210.508007140089	248.037610859794	200.555251150602	216.279834564024
RPS6	12.7961964978752	15.0638797574031	21.2164877792007	34.8204459202897
RIPK1	0	0	0	0.66930987946728
TPMT	0	0.445197917598215	0	0
TAF8	0	0.36005573134165	1.31948719853006	0
THAP12	0.62915484781546	0	0	0
TMPRSS4	0	0.36005573134165	0.659743599265028	0
YAP1	0	0.36005573134165	0	0
DBT	0.62915484781546	0	0.659743599265028	0
IFT172	0	0.36005573134165	0	0
PNPT1	0.735704618598439	0	0	0
THUMPD2	0	0.36005573134165	0	0
LRPPRC	0	0	0	0.66930987946728
MYOF	0	0	0.659743599265028	0
KIF11	0	0.445197917598215	0	0
PPIG	0	0	0	0.669893171895536
FASTKD1	0.735704618598439	0	0	0
ITPRID2	0	0.805253648939864	0	0
FAM117B	0	0.445197917598215	0	0
WDR12	0.62915484781546	0.720111462683299	0	0
ABI2	0	0	0	0.66930987946728
ITGAV	0	0	0.659743599265028	0
USP8	0	0.445197917598215	0	0
TMOD3	0	0.445197917598215	0	0
SCARB2	0	0.445197917598215	0	0
RGS3	1.99401431422936	0.445197917598215	0.667796876397322	3.34829927462117
B4GALNT3	0	0	0	0.669893171895536
YARS2	0	0.36005573134165	0	0
FGD4	0	0.36005573134165	0	0
TMEM117	0	0	0.667796876397322	0
C1RL	0	0	0.659743599265028	0.669893171895536
SCAF11	0	0.445197917598215	0	0
LLPH	0	0	0.667796876397322	0
LRIG3	0	0.36005573134165	0	0
TPH2	0	0.36005573134165	0	0
PHLDA1	0	0.890395835196429	0	0
CERS5	0	0	0.667796876397322	0
SLAIN1	0.735704618598439	0	0	0
MBNL2	0.735704618598439	0.445197917598215	0	0
CUL4A	0	0.445197917598215	0	0
GCNT3	0	0	0	0.66930987946728
ETFA	0	0.36005573134165	0.659743599265028	0
HMG20A	0.62915484781546	0	0	0
SCAPER	0	0	0	0.66930987946728
TSPAN3	0	0.445197917598215	0	0
TPM1	0	0	0.659743599265028	0
BBS4	0	0.36005573134165	0	0
ABHD2	1.25830969563092	0	0	0
TICRR	0.735704618598439	0	0	0
IQGAP1	0.735704618598439	0	0	0
GLYR1	0	0.445197917598215	0	0
PMM2	0	0	0	1.33978634379107
UQCRC2	0	0.445197917598215	0	0
TCF25	0	0	0	0.669893171895536
TOM1L1	0	0.36005573134165	0	0
VPS53	0	0.445197917598215	0	0
LRRC46	0	0.445197917598215	0	0
SS18	0	0	0	0.66930987946728
CCDC40	0.62915484781546	0	0	0
NARF	0	0	0.659743599265028	0
RPTOR	0	0.445197917598215	0	0
P3H4	0	0.445197917598215	0	0
RETREG3	0	0.445197917598215	0	0
NFIC	0.62915484781546	0	0	0
DPP9	0	0.36005573134165	0	0
IFITM3	0	0.445197917598215	0	0
TMEM50B	0	0.445197917598215	0	0
DOP1B	0.62915484781546	0	0	0
TIMM29	0	0.445197917598215	0	0
EFHD2	0	0	0.659743599265028	0
CNKSR1	0	0.36005573134165	0	0.669893171895536
IL22RA1	0	0	0	0.66930987946728
TINAGL1	0	1.61050729787973	0	0
AZIN2	0	0	0	0.66930987946728
PSMA5	0	0.36005573134165	0	0
ITGA10	0	0	0.667796876397322	0
CREG1	0	0.36005573134165	0	0
CGN	0	0.36005573134165	0	0
SETDB1	0	0.445197917598215	0	0
POGZ	0	0	0.667796876397322	1.33861975893456
C1orf43	0.62915484781546	0	0	0
ILF2	0	0	0	0.66930987946728
SCCPDH	0	0	0	0.669893171895536
DEGS1	1.3648594664139	0.445197917598215	0	0
CNIH4	0	0	0	0.669893171895536
ASXL2	0	0.805253648939864	0	0
SNRPG	0	0	0.667796876397322	0.66930987946728
SNRNP200	0	0	0	0.66930987946728
MALL	0	0.445197917598215	0	0
SLC20A1	0.62915484781546	0	0	0
UBXN4	0	0	0	0.669893171895536
HSPD1	0.735704618598439	0	0	0
RHBDD1	0	0.445197917598215	0	0
VGLL4	0	0.36005573134165	0	0
PHLDB2	0	0	0	0.669893171895536
MANF	0	0	0	1.33861975893456
METTL14	0	0.445197917598215	0	0
USP53	1.47140923719688	0.445197917598215	0	0
RPL37	0	0	0	0.66930987946728
LHFPL2	0	0	0.659743599265028	0
IQGAP2	0	0	0	0.66930987946728
GTF2H2	0.62915484781546	0	0	0
G3BP1	0	0.36005573134165	1.32754047566235	0
RMND5B	0	0	0	0.669893171895536
RPL7L1	0	1.69564948413629	0	0
PM20D2	0	0.890395835196429	0	0
IGFBP3	0	0	0.667796876397322	0
PSPH	0	0.890395835196429	0	0
ATXN7L1	0.62915484781546	0	0	0
KDM6A	0.62915484781546	0	0	0
NONO	0.62915484781546	0	0	0
RBMX	1.3648594664139	0	0.659743599265028	0
MCPH1	0	0.805253648939864	0	0
HMBOX1	0.62915484781546	0	0	0
DOCK5	0	0.445197917598215	0	0
TERF1	0	0.445197917598215	0	0.669893171895536
EIF3H	0.62915484781546	0	0	0
UTP23	0	0.445197917598215	0	0
NDUFB9	0	0	0	0.66930987946728
VLDLR	0	2.24547657430646	0.659743599265028	0.669893171895536
AK3	77.9898015733934	163.196675694033	167.881523869927	158.686520553856
UHRF2	0	0.720111462683299	2.64702767419241	0.669893171895536
NFIB	0	6.18660263274922	0.667796876397322	4.68691903355573
PLIN2	5.03323878252368	238.049293840465	1.32754047566235	143.961703205576
IFNA5	0	0	0.667796876397322	2.00792963840184
HAUS6	290.192461269128	211.448335167153	82.235029996875	59.5959940167159
CDKN2B	0	0.805253648939864	0	2.67840610272563
CDKN2A	0	4.85100887995457	0	21.4272488218051
C9orf72	0	5.82654690140757	0	5.35622891302301
ZCCHC7	116.505228391567	102.717509837286	68.9676785173838	89.045045420848
FBXO10	0	0.445197917598215	0	0.669893171895536
SIGMAR1	3.35887378064326	5.9968312739207	9.28473005250415	25.4466078531783
CBWD5	183.21592981377	20.1898021824428	73.722789423488	107.125161552888
CEP78	0.735704618598439	0.805253648939864	0	0
NTRK2	0	4.47146616229754	0	0.669893171895536
IDNK	0	2.50090313307616	0	8.03580160060515
SHC3	0	0.445197917598215	0	0
AUH	0	16.2753573513104	0	16.0681034466408
MFSD14B	0	8.1571656619706	0	16.0675201542125
AOPEP	0	21.5520771625478	0	12.0551606319784
ZNF462	0	0.890395835196429	0	0
INIP	2.10056408501234	0.445197917598215	0.659743599265028	0.66930987946728
UGCG	185.509305886584	232.261720911688	116.775242195493	114.499236075594
ACTL7B	0	0	0.667796876397322	0
SNX30	7.25049641520141	1.08016719402495	0.667796876397322	5.35914537516429
STOM	173.007359145334	87.5100269346805	35.2321689064122	40.8477345900648
GSN	6.61119779050354	13.3487432869514	40.4537447606063	22.0994751634136
MRRF	13.648594664139	17.9515198491313	1.98728407492738	2.67840610272563
NR6A1	1.25830969563092	0	0.659743599265028	0
ALAD	468.278746306474	517.187199468862	640.510093037121	820.294241689493
ASTN2	4.83028301784014	3.13587240950289	7.94913629970951	1.33861975893456
WDR31	1.3648594664139	1.52536511162316	5.3101619026494	4.01877573894496
SURF4	1296.41353732852	1384.61056524528	385.501522552965	394.402006489274
SURF1	0	2.33061876056303	7.31355253184137	18.0777829623274
SURF2	0	0	1.31948719853006	0
SURF6	184.174877750817	158.187675186885	171.888305128311	157.347900794921
MED22	135.587861365638	124.89435926761	47.8075636781092	40.1760915408845
REXO4	1.3648594664139	3.49592814084454	9.26862349823956	10.7142077033308
GTF3C5	0.735704618598439	60.0072867118378	0	47.5431665544506
ASB6	3.46542355142624	5.19157762498084	33.1321389516327	19.4158194288337
PTGES2	22.9032491704522	25.415255275729	10.6444836366957	10.0472309935765
NTMT1	13.542044893356	20.4062547685817	11.2961739588284	17.4131394222861
CIZ1	0	0.445197917598215	0.659743599265028	0.669893171895536
SLC25A25	40.945783992417	28.9696443755197	19.9292136891998	15.4005434444583
PTGES	0	0.445197917598215	5.95379894764984	4.01702586166019
LCN2	0	0	0	0.669893171895536
LRSAM1	157.684399479314	148.879588626623	148.105322446241	135.265924404355
HMCN2	7.240352638319	4.93615106621114	55.7325401464218	43.5273072776469
GPR107	356.35507783154	424.019095943315	49.0948377681101	60.267053773468
PAXX	0	2.52039011939155	0	56.9059220654252
SEC16A	219.574881433525	207.79350836813	29.1817306331748	32.8095998197466
DPH7	129.920435960375	137.362903728016	373.561711549136	498.845845477296
NOTCH1	7.66655172145091	14.3899365083456	22.5601348091277	8.70627806492895
CACNA1B	0	0.36005573134165	0	0
NACC2	29.5043031840733	29.3297001068614	18.5775133821406	16.7409130806776
PROSER2	0	0	0.667796876397322	0
RPP30	0.735704618598439	0	0	0
FRA10AC1	0	0	0.659743599265028	0
EIF4EBP2	0.735704618598439	0	0	0
PLEKHS1	1.3648594664139	0.36005573134165	0.659743599265028	0.66930987946728
LRRC27	0	0.36005573134165	0	0
TAF5	0	0	0.667796876397322	0
LIN7C	0	0.445197917598215	0	0
APIP	0	0	0	0.66930987946728
ARFGAP2	0.735704618598439	0	0	0
HIKESHI	0.62915484781546	0	0	0.66930987946728
CCDC82	0.62915484781546	0	0	0
SERPINH1	0.735704618598439	0	0	0
INTS4	0	0	0.667796876397322	0
NPAT	0	0	0	0.66930987946728
ST14	0	0.36005573134165	0	0
KIRREL3	0	0	0	0.66930987946728
TMEM25	0.62915484781546	0	0	0
SPATA25	0.735704618598439	0	0	0
DSN1	0	0.36005573134165	0	0
PPP4C	0	0	0	0.66930987946728
DOC2A	0.735704618598439	0	0	0
SAP18	0	0.805253648939864	0	0
PDCD4	0	0	0.667796876397322	0.66930987946728
FSIP1	0.735704618598439	0	0	0
MTMR12	0	0.445197917598215	0	0
CRIM1	0	0	0	0.669893171895536
SLC7A11	0	0.36005573134165	0	0
MAGI1	2.94281847439376	0	0	0
TEX30	0.62915484781546	0	0	0
NUBPL	0	0.445197917598215	0	0
UPF2	0	0.36005573134165	0	0
INPP1	0	0	0	1.33978634379107
ADAM17	0.62915484781546	0	0	0
TMEM45B	0	0	0	0.669893171895536
CCL28	0	0	0	0.66930987946728
AP1S3	0	0	0	0.66930987946728
PTPN14	0	0	0.659743599265028	0
MGAT5	0	0.36005573134165	0	0
ARL14EP	0.735704618598439	0	0	0
HAUS1	0	0.36005573134165	0	0
NMT2	0	0	0.659743599265028	0
SAR1B	0.62915484781546	0.445197917598215	0	0
ANKRD22	0	0.720111462683299	0	0
HNRNPDL	0.62915484781546	0	0	0
CENPH	0.735704618598439	0	0	0
CARHSP1	0	0.445197917598215	0	0
PTPRR	0	0	0.659743599265028	0
NR4A2	0	0	0	0.66930987946728
CYRIB	0	0	0.659743599265028	1.33861975893456
TRAPPC8	0	0	0.667796876397322	0
LINC00467	0	0.445197917598215	0	0
NMRAL1	0	0.445197917598215	0	0
ING1	0.735704618598439	0	0	0
PTPRD	1.47140923719688	0.890395835196429	0	2.00792963840184
LURAP1L	0	6.61231356403204	0	2.67898939515389
PRKCA	0	0	0	0.66930987946728
ABCA5	0	0	1.31948719853006	0
SH3RF1	0	0.445197917598215	0	0
CNTNAP3B	50.0736011741823	0.36005573134165	0	0
RABGEF1	0	0	0	0.66930987946728
TSEN2	0	0	0.659743599265028	1.33861975893456
SLFN13	0	0.805253648939864	0	0
SKA1	0	0.36005573134165	0	0
USP43	0	0	1.31948719853006	0
PTPRN2	0.735704618598439	0	0	0
TTC39B	200.776434666232	227.590286381911	253.568284128641	175.436183020957
AGPAT5	0	0.36005573134165	0	0
C9orf85	15.6426089783683	16.4846156964543	7.30549925470907	7.3647418438531
PDIA4	0	0.36005573134165	0	0.66930987946728
RNF20	0	5.9968312739207	80.9397026297419	4.68808561841224
SAXO1	0	0	0	1.33978634379107
RRAGA	3.88147885767574	3.41078595458798	0	0.669893171895536
SLC24A2	0	1.88542084296481	0	8.03405172332038
RASA2	0	0	0.667796876397322	0
CARNMT1	19.4175380652611	24.5956131447991	23.88767528479	19.4175693061184
GNA14	52.5902205654442	48.3080246953968	72.9825130529001	55.574885108058
GNAQ	0.735704618598439	0.720111462683299	0.667796876397322	0
DPY19L4	0	0	0.667796876397322	0
WHAMM	0.735704618598439	0.445197917598215	0	0
N6AMT1	0.62915484781546	0	0	0
CCT8	0	0.36005573134165	0	0
CDK20	0	5.2767198112374	0	2.0085129308301
SUPV3L1	0	0.36005573134165	0	0
HKDC1	0.735704618598439	0	0	0
PHF6	0.62915484781546	0	0	0
SAMD8	0	0.36005573134165	0	0
RAB11FIP1	0.735704618598439	0.445197917598215	0	0
IGKV1OR-2	0.735704618598439	0.890395835196429	0	0
RPUSD3	0	0.36005573134165	0	0
CPT2	0	0	0	0.66930987946728
STEAP2	0.735704618598439	0	0	0
GATAD1	0.735704618598439	0	0	0
FCSK	0	0.445197917598215	0	0
RNF111	0	0	0	0.66930987946728
VPS26C	0.62915484781546	0	0	0
MX1	0	0	0.659743599265028	0
CREB3L1	0	0.36005573134165	0	0
PALM2AKAP2	32.3507156645665	48.4732105635846	19.9131071349352	14.0595905158107
ZNF618	1.3648594664139	1.25045156653808	1.98728407492738	3.34771598219291
TMEM268	17.8497228341637	25.303431862162	8.63303973037142	11.3835175827981
KRTCAP3	0	0.445197917598215	0	0
PAFAH2	0.735704618598439	0	0	0
PTPDC1	0	8.3931052344249	0	9.37558794439622
TPRG1L	0	0.445197917598215	0	0
PRXL2C	0	1.61050729787973	0	0
FANCC	0	75.8785158548504	0.659743599265028	29.4630504224102
RNF207	0	0.445197917598215	0	0
RHBDL2	0	0.445197917598215	0	0
AUTS2	0.735704618598439	0	0	0
B4GALT5	0.735704618598439	0	0	0
GDPD5	0	0.445197917598215	0	0
TMED4	0	2.67118750558929	0	0
PPP1R15B	0	0.445197917598215	0	0
F11R	0.62915484781546	0	0	0
NDUFS2	0	0	0	0.669893171895536
FBXW5	0	0	1.33559375279464	0
SON	0	0	0.659743599265028	0
TUBBP5	0	0	0	2.67782281029738
GPBP1L1	0	0	0	0.66930987946728
NPR2	0	0	0.659743599265028	0
GNE	146.689405307867	142.288857785576	98.1010894877649	85.0321026061856
DFFA	0	0.445197917598215	0	0
ANKLE1	0	0.36005573134165	0	0
VMA21	0.735704618598439	0	0	0
TMPRSS3	0	0	0	0.66930987946728
SLC37A1	0	0.445197917598215	0	0
PDXK	0	0.445197917598215	0	0.669893171895536
CSTB	0.62915484781546	0	0	0
ZNF66	0	0	0	0.66930987946728
RALGDS	2.20711385579532	0.36005573134165	6.62964910117945	4.68750232598398
VAV2	188.421612803295	181.040563602936	30.5736973258955	32.8101831121749
ADAMTS13	21.1984528379245	37.4673787825166	15.9143791536836	12.0516608774088
CACFD1	43.7719089191453	54.6259377280284	68.9676785173838	81.6960524725578
SLC2A6	11.9742296622586	10.6385818087314	15.978805370742	7.36532513628136
ZNF714	0.735704618598439	0	0	0
CFAP157	1.3648594664139	0	0	0.669893171895536
TOR2A	0	0	0	0.66930987946728
ZER1	0	0	0.667796876397322	0
MED27	4.72373324705716	7.9017391032009	34.5160523672211	36.824875804122
PCSK7	0	0.36005573134165	0	0
ADAR	0.735704618598439	0	0	0
FDPS	0.735704618598439	0	0	0
MRNIP	0	0	0	1.33861975893456
SQSTM1	0	0.445197917598215	0	0
RPL8	0	0.720111462683299	0	0
DVL3	0	0.36005573134165	0	0
ACOX1	0	0.36005573134165	0	0
PLCD3	0	0.445197917598215	0	0.66930987946728
RAVER1	0.62915484781546	0	0	0
SPC24	0.62915484781546	0	0	0
EIF4A1	0	0.36005573134165	0	0
SNRNP25	0	0	0	0.66930987946728
COA7	0	0.36005573134165	0	0
ZYG11B	0	0.445197917598215	0	0
NOL9	1.25830969563092	0	0	0
JAK1	0	0.36005573134165	0	0
FBLIM1	1.47140923719688	0.445197917598215	0.667796876397322	0
DHRS3	0	0	0.667796876397322	0
CAMK2N1	0.735704618598439	0	0.667796876397322	0
TM2D1	0	0.445197917598215	0	0
ZNF326	0.62915484781546	0	0	0
SLAMF6	0	0	0	0.66930987946728
FLVCR1	0	0	0	0.66930987946728
BROX	0	0.445197917598215	0	0
CNST	0	0.36005573134165	0	0
CAPN2	0	0.445197917598215	0	0
PUS10	0	0.36005573134165	0	0
PEX13	0	0.36005573134165	0	0
SANBR	0	0.445197917598215	0	0
TYW5	0.735704618598439	0	0	0
H3-3A	0.62915484781546	0	0	0
PDLIM5	0	0.445197917598215	0	0.66930987946728
CTSS	0	0.445197917598215	0	0
DCAF16	0	0.36005573134165	0	0
INAVA	0	0	1.31948719853006	0
ELF3	0	0	0.659743599265028	0
TMEM183A	0.62915484781546	0	0	0
ARPC2	0.735704618598439	0	0	0
STT3B	0	0	0.667796876397322	0
CLASP2	0	0	0.659743599265028	0
FABP1	0	0	0	0.66930987946728
PPM1L	0	0	0.659743599265028	0
RYBP	0	0.445197917598215	0	0
WDFY3	0	0.36005573134165	0	0
GMPS	0	0.445197917598215	0	0
SMIM14	0	0.890395835196429	0	0
APBB2	0	0.445197917598215	0	0
CDCP1	0.735704618598439	0	0	0
DTX3L	0	0.445197917598215	0	0
YEATS2	0	0.720111462683299	0	0
TMEM41A	1.47140923719688	0.36005573134165	0.667796876397322	0
UBXN7	0	0.36005573134165	0	0
C4orf3	0.735704618598439	0	0	0
SLC25A46	0.62915484781546	0	0	0
F2RL1	0.735704618598439	0	0	0
SHROOM1	0	0	0.659743599265028	0
SFXN1	0	0.445197917598215	0	0
SLU7	0	0.36005573134165	0	0
KIF6	0	0	0.659743599265028	0
MIOS	0	0	0	0.669893171895536
SYTL3	0	0.445197917598215	0	0
BRI3	0	0	0	0.669893171895536
LMTK2	0	0.445197917598215	0	0
CTSB	0.735704618598439	0	0	0
PEX2	0.735704618598439	0.445197917598215	0	0
RAD21	0	0	0	0.66930987946728
SPIDR	0	0.36005573134165	0	0
YWHAZ	0	0	0	1.33861975893456
INTS8	0	0.445197917598215	0	0
FREM1	0.735704618598439	0	0	0.669893171895536
TMEM67	0.735704618598439	0.445197917598215	0	0
RPP25L	3.25232400986028	2.69067449190468	12.6237144344908	11.3829342903698
FAM219A	67.9436115621108	49.5266965302992	71.059655195031	68.9739151308252
C9orf24	4.0945783992417	3.22101459575946	8.59277334470995	2.67782281029738
SNAPC3	5.4594378656556	13.5580016320953	13.2754047566235	24.1027384623894
MYORG	165.68577606492	174.19440620312	17.298292569272	16.0692700314973
NUDT2	0	2.33061876056303	1.98728407492738	1.33920305136282
PSIP1	1.99401431422936	4.21603960352784	6.65380893257634	3.34946585947768
CCDC171	2.10056408501234	1.25045156653808	1.98728407492738	2.00967951568661
UBAP1	10.9188757313112	10.6775557813621	12.6317677116231	12.7233039265891
DIRAS2	0	0.805253648939864	0	0
SYK	0	18.4356917393603	0	16.7403297882493
NIPSNAP3B	0	4.11141043095589	0	3.34771598219291
ABCA1	0	16.6159260963367	0	8.70452818764418
PRKACG	0.735704618598439	0	0	0
FXN	0.62915484781546	2.52039011939155	2.66313422845699	5.35797879030778
MAMDC2	0.62915484781546	0.720111462683299	0	0
TMC1	0	0.720111462683299	0	0.669893171895536
ALDH1A1	3.1457742390773	2.24547657430646	0	1.33861975893456
RASEF	0.62915484781546	118.258367243923	0	252.449399506957
GKAP1	0	0.805253648939864	0	1.33861975893456
KIF27	0	5.00180626615232	0	3.34713268976466
C9orf64	0	37.1196157964953	0	22.7687850428809
HNRNPK	0.62915484781546	0	0	0.669893171895536
ENSG00000165121	0	1.16530938028151	0	1.33920305136282
SVEP1	0	0.445197917598215	0	0
ANKS6	0	3.77084168592963	0	5.35622891302301
FBP1	0	0.36005573134165	0	6.02612208491854
PGAP4	0	0	35.8435928428834	0
SHOC1	0	1.52536511162316	0	0
KIAA1958	11.3349310375607	9.30298805593672	3.97456814985475	6.02553879249029
STRBP	29.8036649426574	24.3012126133987	58.2829284950267	57.581064869175
GAPVD1	43.1326102944475	36.1512720160373	49.1270508766392	39.5009487371346
CARD19	0	15.0710739983981	0	10.0448978238635
WNK2	0	0.805253648939864	0	0.66930987946728
ZNF367	0	1.16530938028151	0	0.66930987946728
NDUFB6	17.8395790572813	8.41259222074029	17.9258230600079	7.36532513628136
AQP7	34.2483239848953	33.9519636553566	45.1363761725199	18.0795328396121
NOL6	125.085040940576	138.269783781872	65.7494932923816	62.2697337800155
AQP3	17.5199297449323	13.813428190865	6.65380893257634	2.67957268758214
VCP	61.5810566457793	56.6867414478317	146.005292491462	120.517192066517
PIGO	202.313738339647	226.810806929296	63.1024656181892	75.6734301422088
BRWD3	0.62915484781546	0	0	0
MELK	2.51661939126184	15.4895906886859	1.98728407492738	5.35681220545126
MICU2	0.735704618598439	0	0	0
NEMF	0	0.445197917598215	0	0
ARF6	0	0	0	0.66930987946728
SOHLH1	0	0	1.97923079779508	0
PDZD8	0	0.445197917598215	0	0
QSOX2	47.0445204827704	51.798854331916	30.5173243859695	22.7652852883114
SNAPC4	79.0958743887528	66.1426226266358	29.1817306331748	33.4759932370726
PMPCA	1.3648594664139	4.21603960352784	0	2.67898939515389
ENTR1	0	0	0.667796876397322	0
AK8	0	0	0.659743599265028	0
TSC1	0.62915484781546	0.36005573134165	0.667796876397322	0.66930987946728
GFI1B	0	0	0	0.669893171895536
ZMYND19	4.72373324705716	7.31293804039995	9.29278332963645	6.69484867195757
IFI27	0	0	1.31948719853006	0
ARIH1	0.62915484781546	0	0	0
ANAPC16	0.735704618598439	0.445197917598215	0	0.669893171895536
USP54	0	0.36005573134165	0	0
TRIM66	0	0	0.659743599265028	0
AKIP1	0	0	0	0.669893171895536
ATMIN	0	0.445197917598215	0	0
TMEM41B	0.735704618598439	0.36005573134165	0	0
WEE1	0.62915484781546	0.445197917598215	0	0
HSP90B1	0	0	0.667796876397322	0
BLCAP	0.62915484781546	0	0	0
ATF7IP2	0.735704618598439	0	0	0
AP1G1	0	0.445197917598215	0	0
SLFN5	0.735704618598439	0	0	0
STX3	0	0	0	0.66930987946728
MS4A8	0	0.445197917598215	0	0
AKTIP	0	0.445197917598215	0	0.66930987946728
PBX3	7.6564079445685	7.45654118560269	9.94447365176918	8.70627806492895
TTC16	0	0	0	1.33978634379107
FAM102A	2.20711385579532	0.36005573134165	0	0
GOLGA2	7.56000195066793	3.92163907212737	7.98134940823869	10.7136244109025
TRUB2	0.62915484781546	0	0.659743599265028	0.66930987946728
COQ4	5.4594378656556	5.02129325246771	51.1143349515666	44.8560110653011
SLC27A4	2.83626870361078	3.49592814084454	36.4952831650162	30.8040033510578
URM1	0	0.445197917598215	1.31948719853006	1.33978634379107
CERCAM	8.49866233394992	5.89220210134874	3.99067470411934	1.33920305136282
CRK	0.62915484781546	0.805253648939864	0	0
ZNF91	0	0	0.659743599265028	0
TPM4	0	1.16530938028151	0.667796876397322	2.00792963840184
GPX4	0	0.445197917598215	0	0
PROSER3	0	0	0	0.66930987946728
SRR	0	0	0	0.66930987946728
TSR1	0	0	1.31948719853006	0
MIS12	0	0.36005573134165	0	0
FAM234A	0	0	0.659743599265028	0
E4F1	0.62915484781546	0	0	0
FTH1	0	1.33559375279464	0.659743599265028	0
PAFAH1B2	0	0.445197917598215	0	0
MAPK1IP1L	0	0.445197917598215	0	0
RBPJ	0	0.36005573134165	0	0
KCNV2	0.62915484781546	0.720111462683299	1.32754047566235	1.33920305136282
DEGS2	0	0	0	0.66930987946728
SEPTIN2	0.735704618598439	0	0	0
STAT3	0	0.36005573134165	0	0
ADAM9	0.735704618598439	0	0	0
ZBTB5	121.85300448448	139.26480878964	45.8283328803141	43.5232242306491
UPF3A	0	0	0.667796876397322	0
UBE2V2	0	0.445197917598215	0	0
ZBTB43	0.735704618598439	0	0	0
RAB3B	0.62915484781546	0.890395835196429	0	0
CD2BP2	0	0	0	0.66930987946728
SLC50A1	0	0	0.659743599265028	0
CLIC4	0	0	1.33559375279464	0
RAMAC	0	0.445197917598215	0	0
BOLA2B	0	0	0	0.669893171895536
BUB1	0	0.445197917598215	0	0
AGPAT2	60.7489460332803	51.5218450501613	291.970318597262	292.613241906848
FASN	0	0.445197917598215	0	0
HNRNPF	0.62915484781546	0	0	0
MUC3A	0	0	0.667796876397322	0.66930987946728
TM4SF4	0	0	0.667796876397322	0
TOR1AIP2	0	0.36005573134165	0	0
BRD3	166.117087150011	129.653031720313	39.1503641163409	43.5261406927904
KLF13	0	0.445197917598215	0	0
FOXD4	0	2.05570521547794	0	0
HNRNPA3	0	0	0	0.669893171895536
ENSG00000170161	4.5106337054912	0	0	0
SLC16A5	0.62915484781546	0	0.667796876397322	0
FAM161A	0.735704618598439	0	0	0
NFRKB	0.735704618598439	0	0	0
HARS1	0	0	0	0.669893171895536
NPAS2	0.62915484781546	0	0	0
PFKFB3	1.47140923719688	0	0	0
COMMD5	0	0.445197917598215	0	0
CAVIN4	0	0.890395835196429	0	0
AKAP13	0	0.36005573134165	0	0
CEL	1.25830969563092	0.36005573134165	0	2.00909622325835
LSM3	0	0.36005573134165	0	0
TPT1-AS1	0.735704618598439	0	0	0
KYAT1	0	0	0	0.669893171895536
OBP2B	0	0	1.33559375279464	0
NAIF1	4.72373324705716	1.61050729787973	3.98262142698705	1.33978634379107
ZNF440	0	0	0.659743599265028	0
ZDHHC16	0	0	0	0.66930987946728
ESCO2	0	0	0	0.66930987946728
KRT19	0	0.805253648939864	0	0.66930987946728
ZBTB26	32.8631769647166	45.7558548443695	36.5274962735454	39.5032819068477
ZNF562	0	0	0	0.669893171895536
OR1L8	0.62915484781546	1.4402229253666	0	0
TBCA	0	0.36005573134165	0	0
BCL2L1	0	0.36005573134165	0	0
ENC1	0.735704618598439	0	0	0
PLEKHG5	0.735704618598439	0	0	0
ATF7IP	0	0	0	0.66930987946728
MLLT3	5.4594378656556	9.40761722850868	0.659743599265028	0
MIR31HG	0	0.445197917598215	0	1.33978634379107
SRGAP2C	0.735704618598439	0	0	0
RAB33B	0	0.720111462683299	0	0
ANKRD20A4P	2.62316916204482	5.57112034263787	0	0
MOB3A	0.735704618598439	0	0	0
NME6	0.735704618598439	0	0	0
FRMD3	0	2.69067449190468	0	7.36649172113787
ZNF131	0.735704618598439	0	0	0
GTPBP2	0	0	0	1.33861975893456
AFF1	0	0.36005573134165	0	0
CBWD1	97.9959193789403	16.1440469514281	32.5207150151614	73.6515014855288
PDP2	0	0	0.659743599265028	0
ZNF621	0	0	0	0.66930987946728
EGFL7	0.62915484781546	0.36005573134165	3.33093110485432	3.34888256704942
OXSR1	0	0.445197917598215	0	0.669893171895536
ZNF680	0	0.36005573134165	0	0
DELEC1	8.81831164629885	10.5534396224748	5.29405534838481	9.37558794439622
KDM2A	0	0	0	0.669893171895536
PARP14	0	0.445197917598215	1.33559375279464	1.33861975893456
GOLGB1	0.62915484781546	0.36005573134165	0	0
DMRT2	0	1.78079167039286	0	0
ZNF483	0	0.445197917598215	0.667796876397322	0.66930987946728
MZT2A	0	0	0	0.66930987946728
MAP3K11	0	0	0.667796876397322	0
AGR3	0	0	0	0.669893171895536
SMARCC1	0	0.36005573134165	0	0.669893171895536
CHD2	0.735704618598439	0	0	0
NUDT4	0.735704618598439	0	0	0
SCAI	10.3962706542787	8.3931052344249	10.6122705281665	7.36590842870962
SPDYE2B	1.25830969563092	0	0	0
JUP	0.735704618598439	0	0	0
EIF1	0	0.445197917598215	0	0
PLK3	0	0	0.659743599265028	0
ZNF791	0.62915484781546	0	0	0
RBM4	0.735704618598439	0	0	0
UBXN2A	0.62915484781546	0	0	0.66930987946728
C9orf131	0	0.720111462683299	0.659743599265028	4.01585927680368
CYB561D1	0	0.445197917598215	0	0
SLC16A13	0	0.445197917598215	0	0
STAG3L3	0	0	0	0.669893171895536
SNHG11	0	0	0.667796876397322	0
RALGAPA1	0	0	0.659743599265028	0
GTF2IRD2B	0.735704618598439	0	0	1.33920305136282
C12orf76	0	0	0.667796876397322	0
ANKRD36C	0	0.36005573134165	0.667796876397322	0
AKIRIN1	0	0.445197917598215	0	0
SLC29A2	0	0	0	0.669893171895536
DNAH12	0	0.36005573134165	0	0
MICOS13	0	0	0.659743599265028	0
ABO	112.304100221542	65.3886356956471	225.746307079658	460.000790893778
ATG13	0	0.445197917598215	0	0
PHYHD1	0	0	0	0.66930987946728
EIF3F	0	0	0.659743599265028	0
MRPL48	0.735704618598439	0	0	0
RAB6A	0	0	0.659743599265028	0
LINC00476	0	2.05570521547794	0	2.67723951786912
RPS6KB2	0	0	0	0.669893171895536
MLXIP	0	0	0.667796876397322	0
TTLL11	3.6785230929922	6.06248647386188	2.66313422845699	3.34888256704942
TOMM5	3.35887378064326	0.445197917598215	6.65380893257634	5.35681220545126
ZNF169	0	2.77581667816124	0	3.34829927462117
SWI5	1.25830969563092	1.16530938028151	11.3042272359607	13.3937803909129
CREG2	0	0	0.659743599265028	0
ZDHHC21	0	0	1.32754047566235	1.33920305136282
YES1	0	0	0	0.66930987946728
DLEU1	0	0	0.659743599265028	0
TMEM39A	0	0.445197917598215	0	0
GPX2	0.62915484781546	0	0	0.669893171895536
ATAD5	0	0	0	0.669893171895536
ANAPC2	0.62915484781546	0	0	0
ZBTB8OS	0	0	0.659743599265028	0
CDC26	1.47140923719688	11.2930380714735	0	25.4396083440392
RNPEP	0	0	0	0.66930987946728
DMRTA1	0	0.445197917598215	0	0
RMDN1	0.735704618598439	0	0	0
SCAND2P	0	0.36005573134165	0	0
ENSG00000176868	189.045655649152	231.717274000541	17.2821860150074	11.3835175827981
DPP7	135.532110706302	154.152116964521	486.467078197494	515.587341850402
ACER2	32.5435276523676	62.4302418996524	165.105643761618	292.623157878128
ZBTB34	0.62915484781546	0.445197917598215	0.667796876397322	0
NUDT4B	0.735704618598439	0.445197917598215	0	0
TALDO1	0	0.445197917598215	0	0
MAN1B1	219.169050131193	232.952148379405	76.3376039891513	93.0743204235016
SAMD9L	0	0	0	0.66930987946728
RABEP2	0.62915484781546	0	0	0
JUN	0	0.445197917598215	0	0
ACAD9	0	0	0.667796876397322	0
HNRNPA0	0	0.890395835196429	0	0
FXNP2	0	0.36005573134165	0	0
ZNF518A	0	0	0.667796876397322	0
MAMDC4	4.83028301784014	4.47146616229754	2.64702767419241	2.00792963840184
POGLUT3	0	0.36005573134165	0	0
ZFAND2A	0.62915484781546	0	0	0
GLDC	0	0	0	0.66930987946728
P4HTM	0	0	0.667796876397322	0
KCTD12	0.735704618598439	0	0	0
FAM219B	0	0.36005573134165	0	0
PFAS	0	0.36005573134165	0	0
GAK	0	0.36005573134165	0	0
RMI1	0	1.69564948413629	0	1.33861975893456
CTC1	0	0.445197917598215	0	0
SELENOW	0	0.36005573134165	0	0.669893171895536
C9orf50	1.99401431422936	1.08016719402495	2.66313422845699	2.67782281029738
LINC02913	1.25830969563092	0.720111462683299	10.5961639739019	12.7233039265891
SPTY2D1	0	0.36005573134165	0	0
KLHL28	0	0.445197917598215	0	0
ATP8B5P	0.735704618598439	0.445197917598215	3.30677127345743	0.66930987946728
MYADM	0	0	0.659743599265028	0.669893171895536
PDXDC1	0	0	0	0.669893171895536
PUF60	0.62915484781546	0	0	0
ANKRD18A	6.08859271347106	3.96061304475815	3.30677127345743	4.01644256923193
ACER2P1	0	0	0.667796876397322	0
FGD6	0	0.445197917598215	0	0
ADGRD2	0.735704618598439	0	0	0.669893171895536
ZNF609	0	0.36005573134165	0	0
ATP5F1EP2	1.25830969563092	0	0	0
MIGA1	0	1.25045156653808	0	0
SRP9P1	0.735704618598439	0	0	0
ZDHHC20	0	0.36005573134165	0	0
PPA1	0.735704618598439	0	0	0
CMTR2	0	0	0	1.33978634379107
RPH3AL	0	0	0	0.66930987946728
EHMT1	13.9581001996055	12.3732052654984	29.8575807867044	27.4533709067236
NPM1	0	0.720111462683299	0	0
DHTKD1	0	0.890395835196429	0	0
DDX60L	0	0.36005573134165	0	0
WASHC1	131.082339662105	0.36005573134165	0	0
ACBD4	0.735704618598439	0	0	0
TNFSF15	49.3277527787015	42.1091293173272	59.7071082962766	78.3390038115128
CLDN7	0	0	0.659743599265028	0
IST1	0.62915484781546	0	0	0
ERCC6L2	0	4.91666407989575	0	7.36590842870962
PDSS1P1	0	0.36005573134165	4.66652485764896	6.02612208491854
NPLOC4	0	0.445197917598215	0	0
EPHB3	0.62915484781546	0	0	0
SKA2	0	0	0	0.66930987946728
TTC3	0.62915484781546	0	0	0.669893171895536
ANXA2	0	0	0	2.00909622325835
PAPPA	0.62915484781546	1.16530938028151	1.31948719853006	2.00909622325835
ZNF721	0	0.36005573134165	0	0
WBP2NL	0.62915484781546	0	0	0
AFMID	0	0.445197917598215	0	0
RABIF	0	0	0.667796876397322	0
GDPGP1	0	0.36005573134165	0	0
PTTG1IP	0	0	0	0.669893171895536
KIAA2026	10.8123259605282	13.6431438183519	35.1596894122215	54.2298491324126
CCDC159	0	0	0	0.669893171895536
MX2	0	0	1.33559375279464	0
EP400	0.62915484781546	0	0	0
UTP11	0	0.445197917598215	0	0
UPP1	0	0	0.667796876397322	0
CHEK2	0	0.36005573134165	0	0
TOB2	0	0.445197917598215	0	0
DNAH2	0.62915484781546	0	0	0
PRKX	0	0.890395835196429	0	0
PTP4A2	0	0.36005573134165	0.659743599265028	0
PPP1R2	0	0	0	0.669893171895536
IRAK1	0	0.805253648939864	0	0
COPB2	0	0.805253648939864	0	0
LRRC19	8.29570656926637	0.720111462683299	7.94913629970951	3.34888256704942
XPOT	0	0.445197917598215	0	0
FOXD4L4	1.3648594664139	1.08016719402495	0	0
EIF4ENIF1	0	0	0	0.669893171895536
ATL3	0	0.890395835196429	0	0
UBE2G2	0	0.720111462683299	0	0
USP18	0	0	0.659743599265028	0
BRI3BP	0	0.445197917598215	0	0
IFNE	0	0.445197917598215	0	2.67898939515389
MAFF	0.735704618598439	0	0	0
DDX51	0	0	0.659743599265028	0
SMYD3	0	0.445197917598215	0	0
ROR1	0	0.445197917598215	0	0
L3MBTL1	0	0	0.659743599265028	0
LMLN	0	0.36005573134165	0	0
P4HB	0	0.445197917598215	0	0
BRWD1	0	0.445197917598215	0	0
MORN5	1.99401431422936	1.52536511162316	0	0
CXorf38	0	0	0	0.66930987946728
MORF4L1	0	0.36005573134165	0	0
PTCH1	0	1.08016719402495	0	2.00909622325835
BICD2	0	0.445197917598215	0	0
ZNF284	0.735704618598439	0	0	0
CDIN1	0	0	0	0.66930987946728
ZBTB6	108.590033795944	98.5887081566847	17.958036168537	20.756189065053
MRTFB	0.62915484781546	0	0	0
RXRA	59.4145178975137	83.8120346896871	59.0070983113501	68.2999389119319
AQP7P1	2.62316916204482	0	3.99067470411934	0
CEACAM19	0.62915484781546	0	0	0
UBE2H	0	0	0	0.66930987946728
KIF24	36.2321945222422	33.9324766690413	19.2855766441994	17.4078897904318
PPARA	0	0.36005573134165	0	0
GCNT1	100.187777455894	240.916539914892	7.97329613110639	37.4930190987328
FNBP1	56.1723376645358	0.36005573134165	31.1851212623668	0
RSBN1L	0	0.36005573134165	0	0
FOXD4L3	0	0.805253648939864	0	0
EXD3	19.0978887529122	14.3242813084044	44.4766325732549	41.5135447149625
SECISBP2	0	12.1834339066699	0	28.7902407883734
C9orf153	0	0	0	1.33920305136282
SEMA4D	0	1.33559375279464	0	0.669893171895536
CARD9	0	0.445197917598215	3.31482455058973	3.34713268976466
PMS2CL	0	0.445197917598215	0	0
ANKRD19P	0	1.61050729787973	0	4.01702586166019
C6orf132	0.735704618598439	0	0	0
NUTM2G	0	0.36005573134165	0	1.33920305136282
CENPP	0	0.890395835196429	0	0
PLSCR1	0	0.445197917598215	0	0
FOCAD	143.391394188519	165.434050996358	79.0893242660635	74.3254777044222
DYNLT4	0	0.36005573134165	0	0
CFAP77	24.4507768477848	17.4796407042227	1.32754047566235	0
NBR1	0	0	0	1.33920305136282
NDOR1	0	0	0.667796876397322	0
PTAR1	68.2429733206949	69.9596325261912	69.0643178429714	51.5625255858238
SAXO2	0.62915484781546	0	0	0
LINC00319	0.735704618598439	0	0	0
QRFP	0.62915484781546	0.445197917598215	0.659743599265028	2.67898939515389
TMEM120B	0	0.36005573134165	0	0
NHLRC3	0	0	2.00339062919197	0
FBF1	0	0.36005573134165	0	0
HACD4	1.88746454344638	2.05570521547794	5.99406533331131	12.0522441698371
FAM120AOS	0.735704618598439	14.0031995496936	0.659743599265028	29.4607172526972
C9orf152	108.808245339468	17.2898693453942	29.873687340969	4.0181924465167
NELFB	0	0	0.667796876397322	0
ZNF292	0	0.890395835196429	0	0
LITAF	0	0.445197917598215	0	0
PAX5	0	0	0.659743599265028	0
TDRD7	0	1.97056302922138	0	2.00967951568661
SPATS2L	0	0	0	1.33978634379107
ZNF79	18.8949329882286	9.85281514610689	29.9139537266305	18.0760330850426
C8orf86	0	0.445197917598215	0	0
TMEM63A	0	0	0.667796876397322	1.33861975893456
CTSE	0	0.890395835196429	0	1.33920305136282
HRCT1	0	0.890395835196429	0	0.669893171895536
MPHOSPH8	0	0.445197917598215	0	0
EEF1A1P5	0	0.445197917598215	0	13.3920305136282
PPIA	0.62915484781546	0.36005573134165	0	0
IARS1	0.62915484781546	59.975506980202	0	56.2476947420948
MFSD14C	0	13.9447385907474	0	32.1408732327076
POM121	0	0	0.659743599265028	0.669893171895536
CD55	0	0	0.667796876397322	0
WDR5	169.775322689238	179.656705899846	84.9706437195227	97.7548232403465
C9orf163	1.99401431422936	2.05570521547794	10.6122705281665	6.69543196438582
SRGAP2B	0	0.445197917598215	0	0
PPP1R26	0	0.445197917598215	0.659743599265028	0
NACA	0	0	0.659743599265028	0
MAN2A2	0	0.445197917598215	0	0
MYO6	0	0	0	0.66930987946728
ZNF782	0	4.66123752112606	0	14.7300669801345
HRH1	0	0.36005573134165	0	0
RABL6	2.7297189328278	1.25045156653808	5.96990550191443	4.01877573894496
DAPK1	0	15.5942198612579	0.659743599265028	34.1517193332507
COL27A1	40.7428282277334	36.3020694022351	11.9237044495643	7.36532513628136
TLE1	0	372.982329814369	0	66.9648189075669
MVB12B	18.7985269943281	8.3931052344249	27.2427662210412	40.1766748333127
CRACDL	0	0.445197917598215	0	0
CBWD3	81.9372550943224	20.7396292726129	68.2998816409865	155.339971156519
H2BU1	0	0.36005573134165	0	0
ARHGEF12	0.62915484781546	0.36005573134165	0	0
SRGAP1	0	0	0	0.66930987946728
FAM163B	0	0	0.667796876397322	2.00909622325835
SERTAD1	0	0	0	0.66930987946728
SIGLEC15	0	0.445197917598215	1.98728407492738	0
ARRDC1	0	0.805253648939864	1.99533735205967	6.69543196438582
DYNC1H1	0.735704618598439	0	0	0.66930987946728
ADAM32	0	0.36005573134165	0	0
ACSL5	0	0	0	0.66930987946728
CYSRT1	0	0	0	0.66930987946728
OR1J2	0	0	0	0.669893171895536
PELI1	0	1.08016719402495	0	0
UAP1L1	16.6015569154152	32.7938485160701	0	1.33920305136282
SLC28A3	0	5.63677554257905	0	2.00909622325835
ENSG00000197550	0.62915484781546	0.805253648939864	1.31948719853006	0
TOPORS	12.7961964978752	22.3501365704927	17.2097065208168	46.19988045609
PDCD1LG2	0	0	0	0.669893171895536
ENSG00000197670	0	0	0.659743599265028	0
SPTAN1	2.83626870361078	0.720111462683299	0	0
ZNF460	0.735704618598439	0	0	0
PHF2	0	0	0	1.33920305136282
OCLN	0.735704618598439	0.445197917598215	0	0
ADAMTSL2	0.62915484781546	0.36005573134165	0	0
KIF13B	0	0	0	0.66930987946728
IFNA1	0	0	1.32754047566235	0
ERO1A	0	0.445197917598215	0	0
RPL12	14.267605735072	12.2880630792419	15.2465822772863	8.03521830817689
VPS13A	12.2837351977251	12.0131495341568	13.2834580337558	24.1068215093872
LEKR1	0	0	0	0.66930987946728
NOL8	0	9.57790160102181	0	9.3732547746832
TOR4A	0	0.445197917598215	0	0
LPAR1	0.62915484781546	0.36005573134165	0	0
HIBCH	0.62915484781546	0	0	0
MIER1	0.735704618598439	0	0	0
SULT1C2	0.735704618598439	0	0.667796876397322	0.669893171895536
GUSBP13	0	0.445197917598215	0	0
RPL23A	0	0	0	0.669893171895536
STYX	0	0.36005573134165	0	0
ASPH	0	0.36005573134165	0	0.669893171895536
UVRAG	0	0.445197917598215	0	0
ZNF69	0	0.36005573134165	0	0
ZNF587	0	0	0	0.66930987946728
TPM2	4.0945783992417	4.91666407989575	7.98940268537098	6.02612208491854
MAFK	0	0	0	0.66930987946728
ARMH1	0	0.445197917598215	0	0
BAZ1A	0	0	0.659743599265028	0
MDM4	0	0.36005573134165	0	0
KLHL9	69.1816337039769	72.3876862183312	19.2292037042733	26.7799779802585
NCOA6	0	0	0	0.66930987946728
STK39	0	0	0	2.67723951786912
C6orf89	0	0	0.667796876397322	0
TUSC1	1.47140923719688	5.00180626615232	3.31482455058973	7.36415855142485
UNC13B	20.5794417669915	15.8496464200276	51.1384947829635	83.0329223542076
MT-CYB	0	0.36005573134165	0	0
GPATCH3	0	0	0	0.669893171895536
GRIN3A	0	0	2.66313422845699	0
MT-CO1	0	0.445197917598215	0	0
RUSC2	1.3648594664139	3.13587240950289	0	1.33978634379107
OSTC	0	0.36005573134165	0	0
TSEN15	0	0	0.667796876397322	0
RUNDC1	0	1.25045156653808	0	0
STKLD1	0	0.720111462683299	0.659743599265028	0
DCAF12	3.35887378064326	5.10643543872427	6.64575565544404	6.02612208491854
MT-ND4	0	0.805253648939864	0	0
SMC5	372.271809466839	337.835091109067	278.139862844093	281.223891399767
CAPZA2	0.735704618598439	0.36005573134165	0	0
MT-ATP6	0	0	0	0.66930987946728
TOP1	0	0.36005573134165	0	0
PRC1	0	0.445197917598215	0	0
C1orf174	0.735704618598439	0	0	0
MT-CO3	0	0	0	0.669893171895536
SGMS1	0	0	0.659743599265028	0
MIR31	0	0	0	0.669893171895536
ENSG00000199331	0	0	0	0.669893171895536
ENSG00000200261	0	0.720111462683299	1.98728407492738	1.33920305136282
ENSG00000200502	5.13978855330666	4.13089741727128	5.95379894764984	4.68750232598398
ENSG00000200788	0	0.890395835196429	0.667796876397322	4.01877573894496
ENSG00000200834	0.735704618598439	0	0	5.35622891302301
ENSG00000200922	1.25830969563092	2.86095886441781	0.667796876397322	2.00792963840184
RNU6-694P	0	0.36005573134165	1.99533735205967	2.67840610272563
RNU6-1303P	0	0	0.667796876397322	3.34771598219291
ENSG00000201830	0	0.445197917598215	0	0
RNU6-1327P	0.62915484781546	0	3.96651487272246	1.33920305136282
RNU6-669P	0	0	0	0.66930987946728
ENSG00000202523	0	0.36005573134165	0	0
ENSG00000203286	0	0	0.667796876397322	0
CARNMT1-AS1	0.62915484781546	0.36005573134165	3.31482455058973	0.66930987946728
ZNF525	0	0	0	0.66930987946728
IQANK1	0	0.445197917598215	0	0
MIR29B2CHG	0	0.445197917598215	0	0
ARRDC1-AS1	0	0.36005573134165	0	0
LINC00963	1.3648594664139	5.19157762498084	5.96990550191443	4.01702586166019
SYS1	0.735704618598439	0	0	0
PHACTR4	0	0.36005573134165	0.667796876397322	0
TXNDC8	0.735704618598439	0	0	0
C9orf129	0	0	0	0.66930987946728
ZNF551	0	0.445197917598215	0	0
HLA-E	0	0	0.667796876397322	0
C9orf135	0	0.36005573134165	0	0.66930987946728
CBWD4P	2.7297189328278	0.445197917598215	1.32754047566235	8.03521830817689
ENSG00000204790	0	0.445197917598215	0	0
ENSG00000204802	1.88746454344638	0	4.61820519485519	0
FGF7P5	0	0	0	1.33920305136282
MROH6	0	0.36005573134165	0	0
FAM201A	28.9715543301584	36.3410433748658	14.6190517865504	24.1091546791002
SPIRE2	0.735704618598439	0	0	0.66930987946728
ARID3C	0	0	0.667796876397322	0
C9orf92	1.25830969563092	0	0	0
HMGN1	0	0.36005573134165	0	0
CYS1	0.735704618598439	0	0	0
PLPP6	1.3648594664139	1.61050729787973	15.898272599419	6.69659854924234
PDPK2P	0	0	0.659743599265028	0
ONECUT3	0	0	0	1.33920305136282
THUMPD3-AS1	0	0.36005573134165	0.667796876397322	0
RNU6-4P	0.735704618598439	0.36005573134165	0.659743599265028	0.669893171895536
ENSG00000207032	0	0.445197917598215	0	0.669893171895536
RNY3P14	0	0	0	0.669893171895536
RNU6-3P	0.62915484781546	0	0	0
RNU6-2	0	0.445197917598215	0.667796876397322	0
RNU6-925P	0	0	0.667796876397322	0
ENSG00000207425	0	0	0	0.66930987946728
RNU6-9	0.735704618598439	0	0.659743599265028	0
MIR602	0.62915484781546	0	0	0
MIR32	0.735704618598439	1.16530938028151	3.33093110485432	2.0085129308301
MT-RNR2	2.83626870361078	0.890395835196429	0.659743599265028	1.33920305136282
STK38L	0	0.36005573134165	0	0
RNU6-1228P	0	0.36005573134165	0	0
ZNF611	0	0	0.667796876397322	0
NUP62	0	0.36005573134165	0	0
DENND1B	0	0	0	0.66930987946728
KLHL23	0.735704618598439	0	0	0
CCDC183	6.19514248425403	3.05073022324633	1.33559375279464	6.02612208491854
ENSG00000213216	2.7297189328278	3.24050158207485	9.92836709750459	12.0510775849806
SYNJ2BP	0	0	0.659743599265028	0
RPL32P22	0	0	0.659743599265028	0
YBX1P6	0	0	0	1.33861975893456
ENSG00000213557	0.62915484781546	0	0.659743599265028	5.35739549787952
ENSG00000213590	0	0	0	0.66930987946728
LIPE-AS1	0	0	0	0.66930987946728
GALT	0.62915484781546	0.36005573134165	1.98728407492738	3.34771598219291
NUDT19	0.735704618598439	0.805253648939864	0	0
RBM39P1	0.62915484781546	0	0	0
TTLL3	0	0	0.667796876397322	0
PRDX1P1	0	0	0	0.669893171895536
ENSG00000214135	0	0	0	0.66930987946728
LINC00887	0	0	0	0.669893171895536
RNF152P1	0	0.36005573134165	0	0.66930987946728
PLIN5	0	0.36005573134165	0	0
B3GALT9	5.76894340112212	5.29620679755279	1.97923079779508	2.00909622325835
ZBED1	0	0.445197917598215	0	0
TUBA5P	0	0	0	0.669893171895536
SMTNL1	0	0	0	0.669893171895536
LINC01588	0	0	0.667796876397322	0
CRPPA	0	0	0	0.66930987946728
CBWD6	78.1724697843121	7.9017391032009	43.1249322661956	148.637539682994
FAM166B	0	0	0.667796876397322	0
PEX26	0	0.36005573134165	0	0
ENSG00000215198	0	0	0	0.669893171895536
GOLGA8B	0.62915484781546	0	0	0
ATAD3C	0	0	0.659743599265028	0
FGF7P4	0	0	0	0.669893171895536
ENSG00000219928	0	29.2568506659252	0	58.9255175523922
RNU6ATAC	0	0.720111462683299	0	0
FANCG	0	0	0.659743599265028	0
NPTXR	0	0.445197917598215	0	0
TRIM16	0.735704618598439	0	0	0
RNY1P15	1.99401431422936	0.36005573134165	1.32754047566235	0.66930987946728
ENSG00000222658	0	0	0	0.669893171895536
RNU4-53P	0	0	1.31948719853006	0.66930987946728
ENSG00000223188	1.3648594664139	0	0	1.33920305136282
TRBV29OR9-2	3.98802862845872	0.890395835196429	2.00339062919197	0.669893171895536
EXOSC6	0	0	0	0.669893171895536
CKMT1A	0	0	0.659743599265028	0
CCDC18-AS1	0	0.36005573134165	0	0
CD99P1	0	0	0	0.669893171895536
ENSG00000223795	0.62915484781546	0	0	0.66930987946728
ENSG00000223849	0	0	0	3.34946585947768
MTCO1P11	1.25830969563092	0	0	0.669893171895536
MRRFP1	0.62915484781546	0	0	0
ENSG00000224245	0	5.29620679755279	0	10.0443145314352
LINC01133	0.735704618598439	0	0	0
ENSG00000224621	0	0.445197917598215	0	0
LINC01627	0	0.36005573134165	0	0
SH3BP5-AS1	0	0.445197917598215	0	0
SOCS5P2	0	0	1.32754047566235	0
NPIPA3	0	0	0	0.66930987946728
THRB-IT1	0	0	0	0.669893171895536
TMEM183BP	0.62915484781546	0	0	0
ENSG00000224972	0.62915484781546	3.05073022324633	3.30677127345743	4.68750232598398
ENSG00000224988	0.62915484781546	1.69564948413629	0	1.33920305136282
ENSG00000224992	0	0.36005573134165	0	0
ENSG00000225002	0	0	0	0.669893171895536
ENSG00000225078	0	0.36005573134165	0	0
ENSG00000225195	0	0	0	0.66930987946728
SNX18P3	0	0	0.667796876397322	0
PPP1R26-AS1	3.57197332220922	2.86095886441781	26.5347029589824	34.1511360408224
TMEM246-AS1	0	0	1.32754047566235	0
NRSN2-AS1	0	0.445197917598215	0.659743599265028	0
IGKV1OR9-2	2.7297189328278	2.22598958799107	0	0
ENSG00000225408	0	0.36005573134165	0	0
LINC01504	3.25232400986028	2.24547657430646	15.2546355544186	4.01702586166019
RPS15AP10	0	0.36005573134165	0	0
ENSG00000225460	0	0.36005573134165	0	1.33920305136282
JPX	0	0	0	0.66930987946728
ENSG00000225489	0.62915484781546	2.60553230564811	4.64236502625208	4.01644256923193
ENSG00000225513	0	0.36005573134165	0	4.01644256923193
MKRN2OS	0.62915484781546	0	0	0
ENSG00000225551	0	0	0	0.66930987946728
LINC01492	0	0.36005573134165	0	0
ENSG00000225655	0	0	0	0.66930987946728
ENSG00000225703	0	0.36005573134165	0	0
FGD5-AS1	0.735704618598439	0.890395835196429	0	0
DHDDS-AS1	0	0.445197917598215	0	0
ENSG00000226007	0	0	0	2.00967951568661
PAICSP1	0	0	3.97456814985475	0.669893171895536
IFNA20P	0	0	2.00339062919197	0
ENSG00000226403	0.62915484781546	0	0	0
CYP4F26P	0	1.4402229253666	0	0
ENSG00000226609	0.735704618598439	0	0	0
ENSG00000226669	0	0.36005573134165	1.32754047566235	0.66930987946728
CUTALP	0.735704618598439	20.9560818587519	2.6550809513247	54.2350987642669
OSTCP8	1.99401431422936	0.720111462683299	2.6550809513247	0.66930987946728
LINC01509	0	0	1.31948719853006	0
ENSG00000226987	0.62915484781546	0.720111462683299	0	0
LINC00511	0	1.08016719402495	0	0
ENSG00000227068	0	0	0.667796876397322	0.66930987946728
FOCAD-AS1	0.735704618598439	0	0	0
ENSG00000227155	0	0	0.659743599265028	0
ENSG00000227218	0	0.445197917598215	0	0
PPIAP88	0	0	0	0.669893171895536
ENSG00000227355	0	0	1.33559375279464	0
RPL35AP2	0	0.36005573134165	0.667796876397322	0.66930987946728
ENSG00000227388	0	0.36005573134165	2.64702767419241	0.669893171895536
ENSG00000227463	0	0.36005573134165	0	0
ENSG00000227512	0	0.445197917598215	0.667796876397322	0
ENSG00000227619	6.08859271347106	7.07699846794565	5.33432173404628	6.0267053773468
HNRNPA1P14	0	0	0	2.0085129308301
MTND6P5	0	0.36005573134165	0	0
CARM1P1	0	0.36005573134165	0	0
ENSG00000227914	0	0.720111462683299	3.29871799632514	1.33920305136282
ENSG00000228053	0	0	0	0.66930987946728
FALEC	0	0.36005573134165	0	0
MTND1P11	1.99401431422936	0	5.97795877904672	5.35622891302301
ENSG00000228216	0	0	0	1.33978634379107
NUTF2P3	0	0.36005573134165	0.667796876397322	0
ENSG00000228292	0	1.61050729787973	0.667796876397322	1.33861975893456
OR2S1P	0	0	0	0.66930987946728
ENSG00000228322	0.62915484781546	0.36005573134165	0	0
ENSG00000228327	0	0	0	0.66930987946728
ENSG00000228366	0	0.36005573134165	0	0
ENSG00000228395	0	0.720111462683299	0	0.66930987946728
CCT6P1	0	0	0.667796876397322	0
ENSG00000228430	0	0.36005573134165	0	0
ZNF883	0	0	0.659743599265028	0.66930987946728
ENSG00000228714	0	0	0	0.669893171895536
ENSG00000228739	2.20711385579532	0.720111462683299	1.32754047566235	0
BACH1-IT2	0	0	1.31948719853006	0
ENSG00000228957	0	0	0	0.669893171895536
RPS29P14	0	0	0	0.669893171895536
ASTN2-AS1	0	2.41576094681959	2.6550809513247	0.66930987946728
ENSG00000229109	0	0.720111462683299	0	0.669893171895536
ENSG00000229115	0	0.36005573134165	0	0
ENSG00000229180	0	0.445197917598215	0	0.66930987946728
SERPINH1P1	2.83626870361078	3.22101459575946	1.99533735205967	3.34888256704942
ENSG00000229257	0	0	0.667796876397322	0
ENSG00000229311	0	0	0	0.669893171895536
ENSG00000229312	0	0	0	0.669893171895536
LINC00858	0	0.445197917598215	0	0
RALGAPA1P1	0	0.36005573134165	0	0
ENSG00000229530	0	1.08016719402495	0	0.669893171895536
ENSG00000229587	0.735704618598439	2.86095886441781	3.97456814985475	5.35564562059475
ENSG00000229694	0	0	0	2.00909622325835
EIF1P1	0	0	0.667796876397322	0.66930987946728
ENSG00000230001	0.62915484781546	3.77084168592963	1.32754047566235	0.66930987946728
TEX53	0.62915484781546	0.36005573134165	0.667796876397322	0.66930987946728
ENSG00000230074	0	0	0	0.66930987946728
HSPE1P28	1.3648594664139	0.445197917598215	0.667796876397322	5.35564562059475
ACBD6	0	0	0.659743599265028	0
HSDL2-AS1	2.51661939126184	4.5566083485541	5.3021086255171	6.69601525681408
LINC02603	0	0.36005573134165	0	0.669893171895536
ANKRD18B	0	5.65626252889444	0	0.66930987946728
ENSG00000230536	2.20711385579532	0.445197917598215	0.659743599265028	0.669893171895536
ENSG00000230537	0	0.36005573134165	0	1.33920305136282
ACTG1P14	0.62915484781546	1.4402229253666	7.28939270044448	1.33920305136282
TEX48	0	0	0.659743599265028	0
ENSG00000230606	0.62915484781546	0	0	0
ENSG00000230894	1.25830969563092	1.52536511162316	1.31948719853006	1.33978634379107
ENSG00000230896	0	0.445197917598215	0	0
ENSG00000231052	0	0.445197917598215	0	0
ECE1-AS1	0	0	0	0.669893171895536
PRELID3BP11	0	0.720111462683299	0.667796876397322	1.33978634379107
ENSG00000231212	0	0	0	1.33861975893456
MAP4K3-DT	0.735704618598439	0	0	0.669893171895536
GNA14-AS1	5.13978855330666	2.41576094681959	7.30549925470907	7.3647418438531
ENSG00000231393	0.62915484781546	0.445197917598215	0.659743599265028	2.0085129308301
FAM27C	8.08260702770042	4.30118178978441	5.96185222478213	6.0267053773468
SNORD62B	0	0.445197917598215	0	0
ENSG00000231616	0	1.4402229253666	0	0
ENSG00000231678	1.3648594664139	0	0	0
NANOGP5	0	0	0	2.0085129308301
ENSG00000231804	0	0	0	0.669893171895536
PCAT7	0	1.16530938028151	0	2.67782281029738
MAP1LC3BP1	0	0.720111462683299	1.98728407492738	6.02612208491854
ENSG00000232034	0	0	0	0.669893171895536
ENSG00000232063	0	0.720111462683299	0	0.66930987946728
RFX3-AS1	0.62915484781546	0.36005573134165	0.659743599265028	1.33920305136282
H3P31	0	1.80027865670825	1.31948719853006	3.34713268976466
DEPDC1P2	0	0.890395835196429	0	0
IDI2-AS1	0	0.36005573134165	0	0
DUX4L50	3.25232400986028	4.74637970738262	2.6550809513247	1.33920305136282
LINC01189	0	0	1.99533735205967	0
ENSG00000232850	1.88746454344638	2.33061876056303	5.98601205617902	16.7356634488233
LINC00342	0	0.36005573134165	0	0.669893171895536
ENSG00000232939	0	0.36005573134165	0.659743599265028	4.68750232598398
ENSG00000232983	0.62915484781546	0	0	0
SYF2P2	0.735704618598439	0.36005573134165	2.00339062919197	1.33920305136282
KLF4P1	1.25830969563092	0	2.66313422845699	0
MROH3P	0	0.445197917598215	0	0
ENSG00000233242	0.735704618598439	0.720111462683299	0	0
RPS6P12	0	2.14084740173451	0	0
B4GALT1-AS1	0	0	0	0.66930987946728
ENSG00000233569	0	2.77581667816124	0.659743599265028	0
ENSG00000233668	0.62915484781546	0	3.32287782772202	2.67840610272563
CDRT15P12	0	0	0	1.33920305136282
ENSG00000233817	2.62316916204482	0	1.31948719853006	0
LINC01503	0.735704618598439	0.805253648939864	3.32287782772202	3.34829927462117
SETP5	0	0	0	0.669893171895536
ENSG00000234062	0	0.36005573134165	0	0
AKAP8P1	0	1.16530938028151	0	0
ENSG00000234156	0.62915484781546	15.8496464200276	0.667796876397322	2.00909622325835
SDR42E1P3	0	0.36005573134165	0	0
LINC01505	0	0.36005573134165	0	0
FYTTD1P1	0	1.97056302922138	0	2.0085129308301
CSNK1G2P1	0	0	0.667796876397322	0
RPSAP9	0	0.36005573134165	0.667796876397322	0.669893171895536
LERFS	0.62915484781546	0	0	0.669893171895536
HMGA1P4	0	0	0.667796876397322	0
UPF3AP3	0	0.720111462683299	0	2.67782281029738
GAS5	0	0.36005573134165	0	0
SLC25A25-AS1	22.3603565396549	21.9705938528356	37.1952931499427	40.1714252014584
LINC01239	0	1.61050729787973	0	0
NDUFA5P3	0.735704618598439	0	0	2.0085129308301
ENSG00000234982	0	0	0	1.33861975893456
ACTG1P25	0	0.445197917598215	0	0
BRD3OS	0	0.36005573134165	0	0
IGKV1OR2-1	0	0.445197917598215	0	0
SNORD62A	0.735704618598439	0	0	0
RPL12P25	0.735704618598439	0	0	0
SPAAR	0	0	0.667796876397322	0
LURAP1L-AS1	0	1.97056302922138	0	0.669893171895536
UBE2R2-AS1	5.24633832408964	8.26179483454255	47.8558833409029	60.2635540188985
ENSG00000235494	0	0.36005573134165	0	0
ENSG00000235523	0	0	5.3021086255171	0.66930987946728
RPL36AP33	2.62316916204482	0	2.00339062919197	3.34713268976466
ENSG00000235659	0	1.25045156653808	0.659743599265028	0
GSN-AS1	0	0	0.667796876397322	0
ENSG00000236005	0	0	1.32754047566235	0.66930987946728
HSPB1P1	0	0.36005573134165	0	0
ENSG00000236095	0	1.08016719402495	0	0
ENSG00000236115	0	0	0	0.669893171895536
ENSG00000236255	0	0	0.667796876397322	0
VLDLR-AS1	0	0.720111462683299	0	0
TCF3P1	0	0	1.32754047566235	0.66930987946728
ENSG00000236680	1.25830969563092	0	0	0
ARHGEF38	0	0.36005573134165	0	0
DAPK1-IT1	0	11.0376115127038	0	30.1294438397362
ENSG00000236796	0	0	1.32754047566235	1.33861975893456
BCYRN1	0	0	0	1.33861975893456
CBR3-AS1	0	0.805253648939864	0	0
LINC01474	0	0.36005573134165	0	0
ENSG00000236896	0	0	0	0.66930987946728
ENSG00000236986	0.62915484781546	0.720111462683299	7.32160580897366	6.69543196438582
ENSG00000237088	0	0	0.659743599265028	0
MTND2P11	1.25830969563092	0	0.667796876397322	1.33861975893456
ENSG00000237336	0.62915484781546	0	1.32754047566235	0
ENSG00000237359	0	0.720111462683299	0	0.66930987946728
ENSG00000237461	0	0	0	0.669893171895536
ENSG00000237529	0	1.08016719402495	0	4.68633574112747
ENSG00000237548	0	0	1.32754047566235	2.00792963840184
YWHABP1	0.62915484781546	0	0	0
PARK7P2	0	0.36005573134165	0	0.66930987946728
RPL30P4	0.62915484781546	0	0	0
MTCO3P11	0	0.36005573134165	3.32287782772202	0.66930987946728
ENSG00000237749	0	0.36005573134165	0	0
ENSG00000237846	0	0.36005573134165	0	0
NALT1	1.3648594664139	1.25045156653808	3.97456814985475	1.33861975893456
ENSG00000238045	0.62915484781546	0	0	0
ENSG00000238058	7.56000195066793	4.30118178978441	13.9029352473593	10.7107079487612
GOLGA2P5	0	0.36005573134165	0	0
LINC01410	0	8.60236357956881	0.659743599265028	0
TMEM250	5.13978855330666	7.41756721297191	10.6203238052988	17.4061399131471
ENSG00000238273	0	0	0	0.66930987946728
SNORD121A	1.99401431422936	0.36005573134165	0	1.33861975893456
RNA5SP351	0	0	0	0.669893171895536
OR1J4	0	0.445197917598215	0	0
ENSG00000239705	0	0	0.659743599265028	0
PARGP1	0	0	1.31948719853006	0
RN7SL674P	0	0	0	1.33920305136282
COX19	0.62915484781546	1.08016719402495	0	0
RN7SL100P	0	0	0.667796876397322	0
LRRFIP1P1	0	0	0.667796876397322	0
CDKN2B-AS1	0	2.24547657430646	0	2.67898939515389
PNMA2	0	0.445197917598215	0	0
LINC01168	0	0	0	0.66930987946728
RN7SL328P	0.735704618598439	0	0.667796876397322	0.66930987946728
NSUN6	0	0.445197917598215	0	0
CRCP	1.47140923719688	0	0	0
CDRT1	0	0	0	0.669893171895536
HNF1A-AS1	0.62915484781546	0	0.659743599265028	0
RN7SL441P	0	0	0	0.669893171895536
RN7SL338P	0	0	0	0.66930987946728
ATP5F1AP7	0	2.50090313307616	0	0
XACT	0	0	0	0.66930987946728
WWTR1-IT1	0	0	0.667796876397322	0
TOPORSLP	0	0.445197917598215	0	0
SNHG3	0	0	1.33559375279464	0
RN7SL57P	0	0.720111462683299	2.63897439706011	1.33861975893456
C22orf39	0.735704618598439	0	0	0
UGT1A10	0	0.445197917598215	0	0
ZBTB20-AS4	0	0	0	0.669893171895536
ENSG00000242861	0	0.805253648939864	0	0
ENSG00000243554	0	0	0.659743599265028	0
ENSG00000243621	0	0	0	0.669893171895536
ZNF487	0	0.445197917598215	0	0
RN7SL181P	0	0.36005573134165	0	0
RN7SL30P	0	0	1.33559375279464	2.67957268758214
RN7SL430P	1.3648594664139	1.61050729787973	4.65847158051667	8.03638489303341
RN7SL659P	0	0	0	0.669893171895536
RN7SL151P	0	0	0	0.66930987946728
GATA2-AS1	1.47140923719688	0	0	0
FAM3D-AS1	0	0	1.33559375279464	0
N4BP2L2	0.62915484781546	0.36005573134165	1.32754047566235	2.67782281029738
GABPB1-AS1	0	0	1.31948719853006	0
RUFY1-AS1	0	0	1.33559375279464	0
NEAT1	1.25830969563092	1.08016719402495	0.659743599265028	1.33920305136282
LINC01184	0	0.36005573134165	0	0
KCTD21-AS1	0	0	0	0.66930987946728
INSL3	0.735704618598439	0	0	0
ENSG00000248100	0	0	0	0.669893171895536
RRN3P1	0	0	0	0.66930987946728
ENSG00000248285	0	0	0	2.0085129308301
CDK11B	0	0.445197917598215	0	0
SRP14-DT	0	0.36005573134165	0	0
HAUS5	0	0	0	0.66930987946728
ENSG00000250068	1.99401431422936	2.69067449190468	2.64702767419241	4.01877573894496
EEF1A1P13	0	0	0	0.669893171895536
LINC01612	0	0.36005573134165	0	0
GLI4	0	0	0	0.66930987946728
ENSG00000250659	0	0	1.33559375279464	0
THAP9-AS1	0.735704618598439	0	0	0
CNOT10-AS1	0	0.445197917598215	0	0
MALAT1	2.62316916204482	0.36005573134165	0	0.669893171895536
RN7SKP24	0	0.805253648939864	0	0
RNU4ATAC11P	0	0.36005573134165	0	0
RNU7-12P	0	0	0.659743599265028	0
MIR2278	0	0.36005573134165	0	0
RNU6-118P	0.62915484781546	0	0	0
ENSG00000252580	0	0	0.659743599265028	0
RNU6-677P	1.99401431422936	0	0.667796876397322	0.669893171895536
NRON	0	0	0	0.66930987946728
SERPINE3	0	0.445197917598215	0	0
C1orf210	0	0.445197917598215	0	0
GUSBP16	0	0.36005573134165	0	0
TRNP1	1.25830969563092	0	0	0
IGHEP2	0	0	0.659743599265028	0.66930987946728
ENSG00000254261	0.735704618598439	0	0	0
ENSG00000254396	0	0.445197917598215	0	0
UBQLN1-AS1	0	0.720111462683299	0	0.669893171895536
CHMP4A	0	0.445197917598215	0	0
DNAJB6P1	0	0.36005573134165	0	0
MPV17L2	0.62915484781546	0	0	0
ENSG00000255026	0	0.36005573134165	0	0
STX17-DT	0	1.4402229253666	0	0.66930987946728
ENSG00000255585	0	0	0.667796876397322	1.33861975893456
ENSG00000255872	0.735704618598439	0	0	0
ELOCP31	0	0	0.659743599265028	0
COA8	0	0	0	0.66930987946728
ENSG00000256594	0.62915484781546	0	0	0
ENSG00000257943	0	0.36005573134165	0	0
IFITM3P6	0	0	1.31948719853006	0
LINC00641	0	0	0	0.669893171895536
OXA1L-DT	0.735704618598439	0	0	0
ENSG00000258513	0	0	0	0.66930987946728
ENSG00000258752	0	0.445197917598215	0	0
ENSG00000259250	0	0.36005573134165	0	0
ENSG00000259402	0	0.445197917598215	0	0
ENSG00000259709	0	0	0	0.66930987946728
ENSG00000259723	0	0	0.667796876397322	0
ENSG00000259865	0	0	1.33559375279464	0
ENSG00000259891	0.62915484781546	0	0	0
NORAD	0.735704618598439	0.445197917598215	0	0
ENSG00000260077	0.735704618598439	0	0	0
LINC02846	0.735704618598439	0	0.659743599265028	0.66930987946728
CCDC187	7.66655172145091	5.72191772883562	1.97923079779508	2.0085129308301
ENSG00000260412	0.62915484781546	0	0	0
FBXL19-AS1	0	0	0	0.66930987946728
ENSG00000260912	7.76295771535148	2.96558803698976	163.633144297575	115.161546445922
ENSG00000260995	0.62915484781546	0	1.33559375279464	0.669893171895536
ENSG00000261094	4.20112817002468	7.05751148163026	2.66313422845699	2.00909622325835
ENSG00000261351	0	0.36005573134165	0	0
LINC02894	0	0.36005573134165	0	0
ENSG00000261534	0.62915484781546	0	0.667796876397322	0
GAN	0	0	0.667796876397322	0
ENSG00000261707	0	0.445197917598215	0	0
ENSG00000261884	0	0	0	0.669893171895536
DLGAP1-AS2	0	0	0.667796876397322	0.669893171895536
SRSF8	0.735704618598439	0	0	0
RN7SL4P	0	0	0.659743599265028	0.66930987946728
NBPF11	0	0	0.667796876397322	0
ENSG00000264177	0	0	0.667796876397322	0
ENSG00000264379	0	2.24547657430646	0	46.1981305788052
RN7SL5P	0	1.61050729787973	0.659743599265028	0
MIR4477B	0	0	0	0.66930987946728
NDUFV2-AS1	0.62915484781546	0	0	0
MIR23AHG	0	0	1.99533735205967	0.669893171895536
ENSG00000267637	0	0	0	0.66930987946728
ENSG00000267737	0.62915484781546	0	0	0
SLC6A14	0	0.36005573134165	0	0
SMC5-DT	8.6052121047329	6.52717137777548	4.62625847198749	5.35739549787952
IGFL2-AS1	0	0	0.659743599265028	0
ENSG00000268628	0	0.445197917598215	0	0
MAN1B1-DT	1.3648594664139	0.720111462683299	2.63897439706011	4.01760915408845
MAGIX	0	0	0	0.66930987946728
SMC2-DT	1.3648594664139	3.41078595458798	3.32287782772202	10.712457826046
ENSG00000270372	0	2.50090313307616	0	1.33920305136282
OR7E108P	0	0.720111462683299	0	0
LAMB2P1	0	0	0.667796876397322	0
ENSG00000270712	0	0	0	0.66930987946728
ENSG00000270755	0.62915484781546	1.08016719402495	0	0.669893171895536
ENSG00000270995	0	0	0	1.33861975893456
NUDT4P2	0	0.445197917598215	0	0
ENSG00000271214	5.4594378656556	3.05073022324633	5.96185222478213	4.68750232598398
BNIP3P4	3.25232400986028	0	0.659743599265028	0
ENSG00000271500	0.62915484781546	0	0	0
ENSG00000271547	0	0.36005573134165	0	0
ENSG00000271833	0	0	0	1.33861975893456
RNU6-6P	0.735704618598439	0	0	1.33920305136282
TTC23L-AS1	0	0.36005573134165	0	0
POM121C	0	0.445197917598215	0	0
CD24	0	2.41576094681959	0	2.0085129308301
ENSG00000272866	0	0	0.659743599265028	0
CDC37L1-DT	1.99401431422936	2.41576094681959	3.31482455058973	4.6886689108405
WDR5-DT	0	0	0.659743599265028	0
ENSG00000273381	0	0.890395835196429	0	0.669893171895536
ENSG00000273473	0	1.33559375279464	0	0
CYFIP1	0	0	0	0.66930987946728
ENSG00000273904	0	0	0.667796876397322	0
RBM17P2	0	0.36005573134165	0	0
RN7SL787P	0	0	0	0.66930987946728
ENSG00000274356	0	0	0.659743599265028	0
ENSG00000274364	0	0	0.659743599265028	0
ENSG00000274422	0	0	0	0.669893171895536
ENSG00000274841	0.735704618598439	0	0	0.669893171895536
MIR7150	1.3648594664139	1.61050729787973	0	1.33920305136282
ENSG00000274979	0	0.36005573134165	0	0
MLLT6	0	0	0	0.66930987946728
FAM242F	0	0.36005573134165	0	0
ENSG00000275297	0	0	0.659743599265028	0
ENSG00000275318	0	0.805253648939864	0	0.669893171895536
ENSG00000275493	0	1.16530938028151	0	0
ENSG00000275756	0	0	0	0.66930987946728
U2AF1L5	0	0	0.667796876397322	0
MIR4477A	0.62915484781546	0.36005573134165	0	0
ENSG00000276115	0	0	0	0.669893171895536
ENSG00000276148	0	0.36005573134165	0	0
RN7SL1	0.735704618598439	3.30615678201602	0.659743599265028	1.33920305136282
ANKRD20A3P	0	1.88542084296481	0	0
TADA2A	0	0.36005573134165	0	0
FRG1HP	0	7.16214065420221	0	2.67840610272563
CNTNAP3P2	39.1445816659887	0.720111462683299	0	0
ENSG00000276412	0	0	1.32754047566235	0.66930987946728
RN7SL565P	0	0	0	0.669893171895536
ENSG00000276845	0.62915484781546	0	0	0
ENSG00000276868	0.735704618598439	0	1.32754047566235	2.67723951786912
ENSG00000276900	0.62915484781546	0.445197917598215	0	0
PIGW	0	0.36005573134165	0	0
ATP5F1AP10	0.62915484781546	0	0	0
ENSG00000277693	0	0.445197917598215	0	0
RN7SL763P	0	0	0	0.66930987946728
PGM5P2	0.62915484781546	0.720111462683299	14.6029452322858	0
ENSG00000277938	0	0.445197917598215	0	0
TSC22D1-AS1	0	0	0	0.669893171895536
GLIDR	5.03323878252368	0	1.32754047566235	0
ENSG00000278591	0.62915484781546	0	0	0
FAM27B	0	1.08016719402495	0	0
ENSG00000278991	0	0	0	0.669893171895536
ENSG00000279083	0	0.36005573134165	2.63897439706011	1.33920305136282
ENSG00000279336	0	1.25045156653808	1.98728407492738	0.669893171895536
ENSG00000279407	0	0.445197917598215	0	0
ENSG00000279456	0	1.97056302922138	4.65847158051667	0
ENSG00000279561	12.9128900455405	0.720111462683299	0	0
ENSG00000279609	0	0.36005573134165	0	0
ENSG00000279632	0	0	0.659743599265028	0
ENSG00000279670	0	1.08016719402495	0	7.3647418438531
ENSG00000279706	0	0.36005573134165	8.64109300750372	1.33920305136282
BIRC6-AS2	0	0.445197917598215	0	0
GATD3B	0	0	0.659743599265028	0
ENSG00000280077	0	0.720111462683299	1.98728407492738	0
OR1B1	0	0.36005573134165	0	0
ENSG00000280614	0	0.445197917598215	0	0
SNHG4	0.62915484781546	0	0	0
SAMD12-AS1	0	0.36005573134165	0	0
EBLN3P	237.921890016033	228.069359767815	289.355504031598	320.734756108183
ENSG00000282221	0.735704618598439	0	0	0
BISPR	0	0	0	1.33920305136282
PTMAP12	0	0.36005573134165	0	0
ENSG00000283162	1.99401431422936	2.41576094681959	0.659743599265028	0.669893171895536
PRRT1B	0	0	0	0.66930987946728
ENSG00000283886	0.62915484781546	0	1.98728407492738	0
ENSG00000283982	0	1.61050729787973	0	5.35564562059475
ENSG00000284418	0	1.25045156653808	0	1.33978634379107
ENSG00000284968	0	0.445197917598215	0	0
ENSG00000284977	0	0.720111462683299	0	0.669893171895536
ENSG00000285130	1.3648594664139	0.720111462683299	5.94574567051754	0.66930987946728
ENSG00000285287	0	0	0	0.669893171895536
POLR2J3	0.62915484781546	0	0	0
ENSG00000285634	0	0.805253648939864	0	0
ENSG00000285688	0	0.445197917598215	0.659743599265028	0
ENSG00000285906	0.735704618598439	0	0	0
ENSG00000285911	4.40408393470822	3.77084168592963	2.6550809513247	2.67782281029738
ENSG00000285987	0	0	0	0.669893171895536
BMS1P23	0	0.445197917598215	0	0
ENSG00000286451	0	9.55841461470642	0	5.35797879030778
ENSG00000286536	0	0	0	0.669893171895536
ENSG00000286718	0.735704618598439	0	0	0
ENSG00000286782	0	0	0	0.66930987946728
ENSG00000286834	0	0.805253648939864	0	0.66930987946728
ENSG00000286835	0	0	0.659743599265028	0
ENSG00000286850	0	0.805253648939864	0	1.33861975893456
ENSG00000286864	0	0.36005573134165	0	0
ENSG00000287070	0	0.805253648939864	0	0
ENSG00000287263	0.735704618598439	0	0	0
ENSG00000287287	0.62915484781546	0	0	0
ENSG00000287302	0	0.445197917598215	0	0.66930987946728
ENSG00000287333	0	0	0	0.66930987946728
ENSG00000287514	0.735704618598439	2.77581667816124	1.31948719853006	0
ENSG00000287769	0	1.52536511162316	0	0
ENSG00000287782	0	0	0	0.669893171895536
ENSG00000287852	0	0	0	0.66930987946728
ENSG00000287868	2.7297189328278	1.08016719402495	4.66652485764896	1.33861975893456
ENSG00000287930	0	0.36005573134165	0	0
ENSG00000287933	0	0.36005573134165	0	0
ENSG00000288062	0	3.13587240950289	0	0
ENSG00000288571	0	0.445197917598215	0	0
ENSG00000288586	1.3648594664139	0.36005573134165	0.667796876397322	0
