chr	start	end	gene	baseMean	log2FoldChange	lfcSE	stat	pvalue	padj	new_fdr
chr9	122940833	123104866	RABGAP1	180.75705552525002	-2.6909919480955202	0.5194057523752109	-5.18090517055265	2.2081173516613397e-07	1.0543760354182901e-05	9.950748861824483e-05
chr9	133030675	133058503	GTF3C5	27.0715394712217	-6.442298455287401	1.25857309158745	-5.11873207710303	3.07596564507712e-07	1.3055765293549499e-05	9.950748861824483e-05
chr9	130693721	130707288	EXOSC2	18.999137620781	-8.08126956129331	1.67428126268513	-4.826709670233639	1.38807246921739e-06	4.07879756339264e-05	0.0002993609625278838
chr9	129887187	130043194	FNBP1	21.9293786645611	7.14363176633405	1.61007192344838	4.43684015744721	9.12890289480911e-06	0.000193735605878727	0.0012951705204380707
chr9	41131306	41199261	CBWD6	69.4591702091758	3.28157504390301	0.742945768670855	4.41697790374903	1.0009045752999e-05	0.000201234498823454	0.0012951705204380707
chr9	19108375	19149290	PLIN2	97.09294407605671	-5.54868004391235	1.3888667476265002	-3.9951133205505496	6.46633161788741e-05	0.0009880554712131961	0.006972860927955258
chr9	120824828	120854385	CUTALP	19.6454915482355	-4.92286049621516	1.29237256077031	-3.8091651321356896	0.000139436813110539	0.00183671940028366	0.011972713124854381
chr9	122798389	122828588	PDCL	7.21578957175519	-7.12820212725934	1.87864336084322	-3.79433493117069	0.00014803972951906499	0.00188503922254276	0.011972713124854381
chr9	113038377	113056759	ZFP37	10.3011457699115	-4.54806442782302	1.2207565403648601	-3.72561135446687	0.00019484241375728202	0.00218911182515534	0.014007004633440163
chr9	67059560	67293468	CNTNAP3P2	9.96617328216801	5.671982628604269	1.53993518051317	3.6832606335508995	0.000230269507802965	0.00244341533279813	0.014898437154851835
chr9	110190048	110208159	C9orf152	39.9974986180871	2.6519036817088	0.7252466598262378	3.6565541471699703	0.00025562843339967204	0.00263919085293715	0.015035599673598892
chr9	121038	179147	CBWD1	55.0780457077647	2.5938575729921003	0.7137509917722871	3.6341211471404	0.000278929785398789	0.00273208148775224	0.015038964262751375
chr9	35814451	35865518	TMEM8B	10.2641815416299	-4.60438483550343	1.32527406239744	-3.47428880270549	0.000512209408977629	0.0045503254471966105	0.02549226827757892
chr9	137048107	137054061	ENTPD2	5.6910077525602905	-6.5080761798027895	1.9949760483389198	-3.2622327396971103	0.00110538349138374	0.00879701028559558	0.051084508494662846
chr9	33104082	33167356	B4GALT1	40.7600753444644	-2.05751138572987	0.685737443113793	-3.0004361091719502	0.00269593305149377	0.0183901147441182	0.11628457895443127
chr9	26947039	27066134	IFT74	35.3696874288843	-1.9427972129071298	0.682832537403873	-2.84520304245261	0.004438312176900321	0.0273457298641278	0.17947424865340672
chr9	68232003	68300035	CBWD3	81.5791842911103	1.9729765803516799	0.7344094125052328	2.68648051993428	0.00722091586531723	0.0430998415711122	0.2688686318789651
chr9	122403407	122639685	ENSG00000234156	4.7889235918746795	-4.595311341049901	1.7180805245938102	-2.6746775109020797	0.007480116497405521	0.0439600692616755	0.2688686318789651
chr9	14081843	14398983	NFIB	2.88532963567557	-5.63112240104285	2.25281961718135	-2.49958867460872	0.0124337577377759	0.0688361660265277	0.4234021713863688
chr9	40992245	41218410	FRG1HP	2.46013668923196	-5.83872683222754	2.4127230863720297	-2.4199738731754503	0.0155216222665891	0.0823508292477367	0.5021244803241574
chr9	27535640	27573866	C9orf72	2.7956939536076404	-5.54384821584355	2.33916224099966	-2.3700144088656003	0.0177873920454382	0.0918214021805053	0.5231110296999325
chr9	62801461	62813486	LINC01410	2.31552679470846	-6.10411671619148	2.57436613944864	-2.37111443576508	0.0177345392316115	0.0918214021805053	0.5231110296999325
chr9	33750679	33799231	PRSS3	25.7538351161869	2.0030092273646702	0.880978650472607	2.2736183519205	0.0229889430787266	0.11404904228667	0.6466889639972221
chr9	6720863	7175648	KDM4C	249.905009414715	-1.05805728414649	0.48123527760834	-2.19862785081937	0.0279043949522853	0.131510155301604	0.73059055281375
chr9	133351758	133356676	SURF1	6.93048856368294	-4.23179673532344	1.92873731835419	-2.19407624618083	0.0282299286249517	0.131510155301604	0.73059055281375
chr9	113255835	113275572	CDC26	9.55101391317739	-2.9928135076421603	1.37456149478049	-2.17728600648754	0.0294592346077181	0.135583465302992	0.7330817227382157
chr9	4709556	4742043	AK3	141.938630422802	-1.0649562394735799	0.513855219733302	-2.07248306249825	0.0382204141985591	0.17176703792764197	0.9158743698691755
chr9	76419850	76651203	GCNT1	96.6426581501563	-1.26641333134209	0.617142907393773	-2.0520584716597	0.0401639802130693	0.17840279583014498	0.9226043468086041
chr9	26993136	27005672	LRRC19	5.07845922467715	3.43928595258591	1.68594840801913	2.0399710550021	0.041353208744126	0.18157385908340398	0.9226043468086041
chr9	41269916	41273997	ENSG00000279561	3.4082503770559596	4.10250953762019	2.0790905916559397	1.97322307843866	0.0484701522176753	0.210404524399454	1.0
chr9	132261356	132354986	SETX	213.160287881831	-1.05172085593472	0.556241387562208	-1.8907633977831297	0.0586559352255752	0.248961858401886	1.0
chr9	36572862	36677683	MELK	6.337576590081611	-2.59292946690852	1.3790233309996203	-1.88026511852339	0.0600719546826484	0.252170183393096	1.0
chr9	121338987	121370304	STOM	84.1493223941228	0.9824237511006391	0.5559365590704611	1.7671508287623199	0.0772029719907379	0.310437213689072	1.0
chr9	5094139	5095014	MTND1P11	3.3320505015747703	3.765940704176	2.17083438290324	1.73478950482602	0.0827780958174647	0.32938783960699497	1.0
chr9	17134982	17503923	CNTLN	2.13659483956127	4.470263569766269	2.58719629435151	1.7278408984760703	0.0840167526789748	0.330870098179055	1.0
chr9	19409009	19452505	ACER2	138.175642797942	-0.937372303961244	0.5443692733975971	-1.7219419790371	0.0850800294801623	0.331638482259408	1.0
chr9	39064710	39288315	CNTNAP3	20.0523774670172	-1.54036260472596	0.9184245523990979	-1.6771792529960599	0.093507434775999	0.36080646549930895	1.0
chr9	19507452	19789037	SLC24A2	2.4798681415712998	-3.92822313114972	2.51437349613423	-1.56230692742714	0.118215700850594	0.4515839772492679	1.0
chr9	114086126	114099292	KIF12	30.2260797261215	-1.0697945564470899	0.688682513049193	-1.55339294402946	0.120329287572158	0.455106810421427	1.0
chr9	112040783	112175297	SUSD1	6.682255193813719	2.44628495239507	1.60673348585112	1.52252067560491	0.12787866883157	0.47246581613514604	1.0
chr9	127505339	127578989	NIBAN2	155.83420840112302	0.804435186465234	0.531110208124031	1.51462949527299	0.12986625836175503	0.47246581613514604	1.0
chr9	133233278	133276024	ABO	215.859958472656	0.7798688820692501	0.510766567915451	1.52685968710142	0.12679590576569802	0.47246581613514604	1.0
chr9	37582646	37592604	TOMM5	3.9536732090672704	3.0447155369345404	2.00883410273847	1.5156630071064299	0.129604586193859	0.47246581613514604	1.0
chr9	128191655	128255248	DNM1	16.3404695791114	1.3128495196771899	0.8856588539460141	1.4823422289833603	0.138249257319105	0.498219021659415	1.0
chr9	113150976	113164140	SLC31A2	2.73695753036674	-3.6822502726830297	2.51284363648101	-1.46537182784666	0.142819499333338	0.505157858753104	1.0
chr9	19453209	19455173	ENSG00000260912	72.38080912395941	1.35192025161773	0.922513022739483	1.4654755199043998	0.14279122651389597	0.505157858753104	1.0
chr9	126326829	126507041	MVB12B	23.6527683207767	1.17853715491498	0.8404458259485319	1.4022761712033898	0.160832793234598	0.563652541427674	1.0
chr9	38406528	38424454	IGFBPL1	2.8986582109672403	-6.53279978905612	4.7922206299239996	-1.3632093122473201	0.172816553240791	0.59473804808993	1.0
chr9	15422734	15465953	SNAPC3	14.098895679191001	-1.3259416247723101	0.976375788556177	-1.3580238677702798	0.174456110776664	0.595019949256122	1.0
chr9	112750760	112881671	SNX30	3.5894014651969903	2.69697191977935	2.0913647745940103	1.28957509112819	0.197198228805353	0.6550410730751739	1.0
chr9	129476946	129513687	LINC00963	4.135842113742339	-1.93011306281873	1.52069292594518	-1.269232617505	0.204358110901809	0.672972399693889	1.0
chr9	121207794	121332843	GSN	20.6282902503687	-1.00712786868546	0.853563184538102	-1.17991015419726	0.23803595083783802	0.765534908532947	1.0
chr9	32553001	32573184	NDUFB6	12.8858298685777	1.09021750925632	0.9248543182839921	1.17879917701973	0.23847815213460896	0.765534908532947	1.0
chr9	33025273	33039907	DNAJA1	313.456718781318	0.7073220512396841	0.60734951405255	1.1646046220076203	0.24417907203751502	0.777303379319422	1.0
chr9	6902670	6978859	ENSG00000224972	2.9185396676258	-2.23795015357695	1.98278081096886	-1.1286926629491698	0.25902750547971104	0.817756256969005	1.0
chr9	75060573	75088217	NMRK1	39.0921113971311	0.757866386852284	0.6880954071095761	1.1013972466925601	0.270723803227061	0.8340039744575591	1.0
chr9	133097720	133149334	RALGDS	3.4710802535751	2.4660041649150295	2.23076228817409	1.10545358328318	0.268963096598493	0.8340039744575591	1.0
chr9	127424374	127445372	ZNF79	19.1844337365022	0.9369414657005071	0.8432456505918241	1.11111330967782	0.26651957957620603	0.8340039744575591	1.0
chr9	25676969	25678444	TUSC1	4.28804965134094	-1.79308477823469	1.65203538716181	-1.08537915844236	0.277753759289927	0.848815488390016	1.0
chr9	137605685	137615360	ARRDC1	2.37400574134634	-2.6793437545318	2.50246124041404	-1.07068341809302	0.284311801119542	0.861961174822739	1.0
chr9	133414358	133459402	ADAMTS13	21.657967912883397	-0.8155208714699429	0.7789219423428841	-1.0469866454358399	0.29510573752937896	0.88101511630972	1.0
chr9	75009828	75016036	ENSG00000229587	3.23171931336644	-2.00428731264666	1.91474935953517	-1.04676223165481	0.295209253632576	0.88101511630972	1.0
chr9	6716157	6727438	ENSG00000225489	2.9733736872369	-2.01958216622148	2.02606943419464	-0.9967981018499841	0.31886251980965397	0.94422854703324	1.0
chr9	71862452	71911193	ABHD17B	11.556286618340199	-0.969066439229071	0.99262468252754	-0.976266716198833	0.32893230931095696	0.9521854682617231	1.0
chr9	107484852	107490482	KLF4	107.122967519828	0.711484903104095	0.726043468626763	0.9799480800368551	0.327111747986706	0.9521854682617231	1.0
chr9	19460926	19464524	MAP1LC3BP1	2.18337940563231	-2.5801462148385297	2.6433900698275	-0.9760747171933309	0.329027439294627	0.9521854682617231	1.0
chr9	110243810	110256507	TXN	40.341765404615	0.831060779994799	0.8627161623562808	0.963307303441467	0.335393329224127	0.956121281818033	1.0
chr9	133406059	133418096	REXO4	6.2109047022072	-1.3708101745383998	1.4170568536168	-0.9673642740865649	0.333361963054462	0.956121281818033	1.0
chr9	128455186	128501292	ODF2	26.170096635523898	-0.772921057575663	0.81210203299171	-0.95175362968652	0.3412219438763969	0.958432224711644	1.0
chr9	136494433	136546048	NOTCH1	13.330725275963301	-0.9099460585690949	0.952096865262222	-0.95572844714543	0.3392094464964	0.958432224711644	1.0
chr9	33247820	33264720	BAG1	3.88519877727705	1.4221810037078402	1.5446579937172902	0.920709315260978	0.35720221145523706	0.995994487415332	1.0
chr9	35104112	35116341	FAM214B	55.5209537271305	0.16397481483437	0.623156085278075	0.263136024357682	0.7924457386065559	1.0	1.0
chr9	115019575	115118257	TNC	3.28250692870076	0.8747032427718291	1.65008204740458	0.5300968180022629	0.5960448051596421	1.0	1.0
chr9	125234853	125241382	HSPA5	124.484037877248	0.343415135449269	0.600170035829024	0.5721964025993149	0.567188924373216	1.0	1.0
chr9	122844556	122905359	RC3H2	67.2289370109221	0.260657547915861	0.56364702465802	0.46244819277456395	0.6437599461370699	1.0	1.0
chr9	108866898	108934328	ELP1	218.74115199325598	0.210839739006939	0.692810595694419	0.304325222964596	0.7608801307473659	1.0	1.0
chr9	109375466	109498313	PTPN3	52.74344538513821	-0.468079454249044	0.629337607940889	-0.743765267390486	0.45701849611356	1.0	1.0
chr9	35736866	35749228	GBA2	24.108055970008003	-0.333148029290239	0.738587883680602	-0.4510607832206289	0.6519457413445899	1.0	1.0
chr9	3218297	3526004	RFX3	3.9763175059748197	0.16811156346046602	1.7289547972367099	0.0972330587989627	0.9225413152928009	1.0	1.0
chr9	1980290	2193624	SMARCA2	26.9114798147156	-0.193949543941667	0.7261105246862979	-0.267107468281719	0.789386417583116	1.0	1.0
chr9	2720469	2844095	PUM3	169.187227257114	0.0794883017388872	0.630313824197432	0.126109088341983	0.899645573452988	1.0	1.0
chr9	33264879	33282070	CHMP5	5.00864688398579	-1.09837548659253	1.5728604486760402	-0.6983299042944909	0.484970901766171	1.0	1.0
chr9	33290512	33371157	NFX1	18.609443871095397	-0.11845009170794	0.8166111152704171	-0.14505079528425902	0.884670766991873	1.0	1.0
chr9	109171974	109321059	EPB41L4B	11.6240961931437	-0.700020931362047	0.952642728058266	-0.734820002026228	0.462449123773393	1.0	1.0
chr9	120815496	120842951	PSMD5	120.194932105769	0.0626220779870519	0.505994644577513	0.123760357264925	0.9015050207542679	1.0	1.0
chr9	114402080	114505473	WHRN	24.443261735508102	-0.16652825329141502	0.8596735499486551	-0.19371103519628	0.8464021506769991	1.0	1.0
chr9	4984390	5129948	JAK2	102.89544985283199	0.399012130524105	0.578763828814371	0.6894213332949699	0.490558162249285	1.0	1.0
chr9	75890644	76362975	PCSK5	141.04075838198202	0.184530012396871	0.596616445654241	0.309294210276952	0.7570977347386509	1.0	1.0
chr9	5749832	5879537	ERMP1	215.828081453857	-0.235495151729544	0.739858965210209	-0.31829735504067996	0.7502593904419319	1.0	1.0
chr9	4553386	4666674	SPATA6L	39.440997243116605	0.0645396885665025	0.683161383715764	0.0944720970840981	0.9247341465946899	1.0	1.0
chr9	4490468	4587469	SLC1A1	106.135818519167	0.0783592853517658	0.6976971519649179	0.11231131606469	0.910576569650683	1.0	1.0
chr9	109015135	109119947	TMEM245	341.269509410625	-0.17868486690545898	0.6007879657335711	-0.297417520151693	0.7661477693897321	1.0	1.0
chr9	79571773	79726882	TLE4	65.6241313438871	-0.341373993393502	0.6628013241006551	-0.515047241127207	0.606520008740339	1.0	1.0
chr9	111549722	111599893	PTGR1	30.750184096482702	0.0516060396656206	0.685160608219833	0.0753196244012074	0.93996040781719	1.0	1.0
chr9	4679559	4708399	CDC37L1	8.969142321820142	-0.48547745155477	1.22761079466152	-0.3954652840020251	0.692499537333877	1.0	1.0
chr9	5357971	5437925	PLGRKT	3.0486676208434904	-0.184366544876129	1.7923076466220302	-0.102865456844759	0.9180697536703589	1.0	1.0
chr9	5629025	5776557	RIC1	51.9961699931909	0.456411356440924	0.667371118369133	0.683894378822184	0.494041863842219	1.0	1.0
chr9	214854	465259	DOCK8	16.0418480347221	0.3885488695096961	0.8579631034829391	0.45287363516259	0.650639736653144	1.0	1.0
chr9	470291	746105	KANK1	119.771332986331	-0.134789173732548	0.713509378402568	-0.18891016406023897	0.850163227244309	1.0	1.0
chr9	130172404	130237303	NCS1	4.65279510596318	0.12826871330029901	1.38226647516067	0.0927959374008472	0.926065678570218	1.0	1.0
chr9	130578965	130638352	FUBP3	18.308483934992	-0.646923510712895	0.799328276032341	-0.8093339496558979	0.41832308330052503	1.0	1.0
chr9	32455302	32526208	DDX58	63.4059170145329	0.274301221869293	0.929174229822333	0.295209674424292	0.7678337120408609	1.0	1.0
chr9	68705240	69009176	PIP5K1B	8.06938814934998	0.545716513055531	1.1048896875082799	0.49391040501628497	0.621369455864872	1.0	1.0
chr9	3824127	4348392	GLIS3	32.713508406311	-0.01453565567205	0.7145571333051209	-0.0203421881813937	0.983770401438649	1.0	1.0
chr9	131576770	131740076	RAPGEF1	52.757453495696204	-0.0862302840956758	0.586908091991551	-0.146922976991289	0.8831928157125999	1.0	1.0
chr9	137007234	137028915	ABCA2	65.4962025095087	-0.0255941397773829	0.635401899961807	-0.0402802380334735	0.9678697087557571	1.0	1.0
chr9	33817160	33920399	UBE2R2	28.0365191136441	-0.15056684943891502	0.836084469693188	-0.18008569097589802	0.85708529590538	1.0	1.0
chr9	72351413	72365235	ZFAND5	73.138685786056	0.246195814740832	0.6165115230263111	0.3993369232294551	0.6896449642669761	1.0	1.0
chr9	72114595	72257193	GDA	1374.5207356277301	0.045076592020298	0.7193608926804871	0.062661999670754	0.950035657767774	1.0	1.0
chr9	69121264	69274615	TJP2	34.6993635709641	0.0994900858582478	0.6949458606304809	0.143162354788309	0.8861619600405991	1.0	1.0
chr9	112217716	112333664	PTBP3	689.350844829825	-0.0879235721501025	0.653926712670821	-0.13445477978869802	0.8930429668254781	1.0	1.0
chr9	113161006	113221458	FKBP15	121.89489115934201	-0.163774696399609	0.5836942960222951	-0.28058299955248	0.779030256825786	1.0	1.0
chr9	108942569	109013522	CTNNAL1	156.973012499348	-0.42507613265134403	0.652336875521884	-0.651620579185063	0.5146459686488211	1.0	1.0
chr9	108934400	108950744	ABITRAM	22.180306057500502	0.15586984839457999	0.884147185612866	0.176294005037787	0.860062971561802	1.0	1.0
chr9	128504655	128543874	GLE1	8.86909167475206	-0.235224815163863	1.38682241385192	-0.169614229489213	0.8653135311909971	1.0	1.0
chr9	121178133	121223014	RAB14	8.631305110246709	-0.0188310327006249	1.09829730777833	-0.017145660439354997	0.9863204124937149	1.0	1.0
chr9	116687305	116701300	TRIM32	41.04278708227179	-0.162594487522356	0.656741499485014	-0.24757760496307102	0.804461240011805	1.0	1.0
chr9	120751978	120793416	FBXW2	24.0959635618231	-0.43482943853015704	0.7670396986072578	-0.5668930034777759	0.5707868779389841	1.0	1.0
chr9	120855651	120894896	PHF19	24.2238490262837	-0.28896935710539395	0.799608983509185	-0.36138833237867796	0.7178091689059549	1.0	1.0
chr9	125146573	125189939	PPP6C	69.3944097764901	0.40682580743806707	0.60407797853863	0.673465714512967	0.500651053801664	1.0	1.0
chr9	122144058	122159779	NDUFA8	13.118066366286499	-0.20791059012563	1.1398596061305502	-0.182400173677018	0.8552686895173509	1.0	1.0
chr9	113373419	113376986	HDHD3	97.3653053659251	0.311619703833978	0.7476779296457858	0.4167833387587199	0.676836890241726	1.0	1.0
chr9	122237622	122264840	RBM18	21.0707472191235	0.733675902415152	0.860086811195682	0.8530254072786041	0.39364521471539	1.0	1.0
chr9	112380080	112472405	HSDL2	141.88379155936002	0.0330439194047861	0.549788702865488	0.060102943608266006	0.9520736455432959	1.0	1.0
chr9	125437393	125707234	MAPKAP1	17.0076656392597	0.5991749106404929	0.853535977842322	0.701991393678758	0.48268453064908795	1.0	1.0
chr9	123379654	123930152	DENND1A	27.358764386004502	0.67124721837337	0.7433668529272079	0.9029824449800959	0.36653521204166495	1.0	1.0
chr9	4792944	4885917	RCL1	52.1512701506458	-0.0271806071063597	0.617708824052297	-0.0440022969528739	0.9649025729389559	1.0	1.0
chr9	26840685	26892803	CAAP1	132.917981242375	-0.0982338794709558	0.6945724961514901	-0.14143070739952	0.8875296970783091	1.0	1.0
chr9	5123880	5185647	INSL6	3.16438026584569	0.0	2.6843516725441603	0.0	1.0	1.0	1.0
chr9	5890889	5910606	MLANA	4.33656999285444	1.04229830253856	1.7236622154425	0.604699861260797	0.5453784403521761	1.0	1.0
chr9	5450503	5470566	CD274	7.23949643001851	-0.225440452997441	1.29213320229281	-0.17447152708204597	0.861494905657778	1.0	1.0
chr9	33041765	33076674	SMU1	113.94545059830601	-0.416240795711374	0.541176457364414	-0.769140619565215	0.44180983678378905	1.0	1.0
chr9	37879400	37904353	SLC25A51	5.697057304935241	0.31212022508519394	1.25285026218676	0.249128115709863	0.803261681751682	1.0	1.0
chr9	36190856	36304781	CLTA	54.781292425169404	0.493210196573505	0.642569979760416	0.767558728400913	0.44274938989027096	1.0	1.0
chr9	32384603	32454769	ACO1	291.72599623307997	0.329745716414029	0.58870674435934	0.5601188020580179	0.575398406510607	1.0	1.0
chr9	34457414	34520988	DNAI1	36.2451114115051	-0.285484422704038	0.677133522126928	-0.42160728035928496	0.673311691385833	1.0	1.0
chr9	132375548	132406851	TTF1	3.0258481467149103	-0.26281806581117606	1.9042462583172899	-0.138016847696693	0.890227102438032	1.0	1.0
chr9	132670035	132694953	GTF3C4	42.507495150430294	0.346095317287639	0.606993003328093	0.5701800768543079	0.568555567482308	1.0	1.0
chr9	132592997	132670401	DDX31	106.238589623995	-0.447405051745736	0.566854903681443	-0.789276142519119	0.429950627424784	1.0	1.0
chr9	131096476	131123152	AIF1L	36.5717155305905	0.39146295273990506	0.653641488019157	0.5988955106356899	0.549242565363709	1.0	1.0
chr9	131125586	131234663	NUP214	45.6629520271722	0.00627607851428511	0.6682780900612489	0.009391417446754691	0.9925068431631509	1.0	1.0
chr9	135808487	135907546	CAMSAP1	37.7722540548098	-0.235646964055228	0.663904466400088	-0.354941073574915	0.7226337369640771	1.0	1.0
chr9	135932969	135961373	UBAC1	27.874380583986	0.370655011782386	0.829095782513127	0.447059338136866	0.6548322168584899	1.0	1.0
chr9	137459952	137550402	PNPLA7	7.985592887865981	-0.0386649755867512	1.12036278271692	-0.0345111210254478	0.9724695743359159	1.0	1.0
chr9	130444961	130501274	ASS1	174.737028536466	0.461388296235784	0.5269891430193551	0.875517650311134	0.381292310786668	1.0	1.0
chr9	75088514	75147265	OSTF1	81.6991615678791	0.37075894151009997	0.6637979690882	0.558541843716964	0.5764744396523671	1.0	1.0
chr9	76385526	76394517	RFK	129.797312942556	0.008394680905816791	0.6644403844579971	0.0126342123419614	0.989919625212308	1.0	1.0
chr9	73151865	73170393	ANXA1	905.060361966459	-0.151910355658568	0.5612575963474239	-0.270660667485263	0.786652030744465	1.0	1.0
chr9	71683366	71816690	CEMIP2	1024.3113857225098	-0.3763143050747739	0.7688651519049721	-0.489441229248591	0.6245293529571839	1.0	1.0
chr9	127785679	127790792	CDK9	63.261343025412906	0.0903541248915651	0.596041875744194	0.15159022976154599	0.8795101398673799	1.0	1.0
chr9	111360685	111484745	ECPAS	2.4592602677291	-0.30738887250406394	1.8303124725779398	-0.167943385137465	0.866627818423222	1.0	1.0
chr9	104094260	104141419	SMC2	83.7331728734934	-0.25079589320599	0.566918332573825	-0.44238451783234706	0.658210980461734	1.0	1.0
chr9	129812942	129824244	TOR1A	55.2443830922776	0.028395636715487005	0.618774136803821	0.0458901479983635	0.9633978066642951	1.0	1.0
chr9	126914774	127223166	RALGPS1	44.2586600078074	0.0198314080672964	0.636723736322124	0.0311460166097271	0.9751530915062929	1.0	1.0
chr9	127907886	127917041	ST6GALNAC4	6.31007814598202	-0.14258736672855898	1.23534976639023	-0.115422668630285	0.90811011206977	1.0	1.0
chr9	121567057	121785530	DAB2IP	107.58470541780399	-0.102947285532784	0.705313278987402	-0.14595965877826997	0.8839532349248042	1.0	1.0
chr9	127579370	127696027	STXBP1	6.3921315032197095	0.241026848296154	1.21612301468	0.19819281880754103	0.842894205808611	1.0	1.0
chr9	127087348	127122635	ANGPTL2	2.39722233720282	0.48178399057527604	1.7918372472049497	0.268877093233105	0.7880242650040029	1.0	1.0
chr9	120388875	120580170	CDK5RAP2	6.137177284452401	-0.13455976566057698	1.33882131777676	-0.10050614213704501	0.91994250681068	1.0	1.0
chr9	113221544	113264492	SLC31A1	82.8561776666876	0.0763928809512262	0.5736083283475071	0.13317951845522302	0.89405140844786	1.0	1.0
chr9	113275642	113294009	PRPF4	23.5287453577585	-0.0456154496690264	0.741427209806006	-0.06152384086492	0.9509420281032701	1.0	1.0
chr9	127794597	127814327	FPGS	148.039184147096	0.166267138341945	0.572405615451022	0.290470837206823	0.771456058022036	1.0	1.0
chr9	129834698	129881828	USP20	144.065690647195	-0.0287140490098831	0.5699803241783039	-0.0503772635507689	0.959821754434223	1.0	1.0
chr9	114587706	114598915	ATP6V1G1	23.4395050121211	-0.723108654489861	0.8503414982906321	-0.85037441538895	0.395116955732567	1.0	1.0
chr9	127224265	127393660	GARNL3	21.0375626351534	-0.173529138354107	0.853302809398455	-0.20336173330595	0.8388523072309159	1.0	1.0
chr9	124353465	124415444	PSMB7	23.272445382652002	-0.0015338500661705	0.7584521473374921	-0.00202234257171662	0.998386405185272	1.0	1.0
chr9	125200542	125234161	RABEPK	10.0697963196737	0.953325370071896	1.32485312677375	0.7195706080970709	0.47178941409948105	1.0	1.0
chr9	6215786	6257983	IL33	650.1632017663829	0.311677933933887	0.7541574202977371	0.413279675496447	0.679401719000099	1.0	1.0
chr9	7796500	7888380	DMAC1	12.991866041889	-0.0212981589302255	1.11441435665592	-0.0191115259804584	0.984752136707218	1.0	1.0
chr9	26903372	26947242	PLAA	12.8074992563553	0.953405275912147	1.10259397323467	0.8646929867711429	0.387207319794726	1.0	1.0
chr9	33921693	34049388	UBAP2	400.32106570793405	-0.0779691524615866	0.68901517582213	-0.11316028325291098	0.9099034827299449	1.0	1.0
chr9	32886601	33025130	APTX	53.688115437162196	-0.511243764306697	0.649896181994395	-0.7866545126296909	0.43148413873445	1.0	1.0
chr9	36336396	36487548	RNF38	152.182923941295	0.0236695051285005	0.63022747491797	0.0375570822766515	0.9700408271423009	1.0	1.0
chr9	35696948	35732195	TLN1	33.1312913787081	-0.24826831887318104	0.777873632368634	-0.319162790127235	0.749603071698415	1.0	1.0
chr9	34613545	34620523	DCTN3	7.861852663174941	0.9946200116225821	1.2533917704781001	0.7935427972717479	0.42746164495744804	1.0	1.0
chr9	37422666	37436990	GRHPR	20.4812297760363	-0.61169117475205	0.8255386814787479	-0.7409600403658341	0.458717669376128	1.0	1.0
chr9	35658875	35675866	ARHGEF39	7.41054503793761	0.252686454331771	1.1971030737835702	0.211081618505188	0.832823583393992	1.0	1.0
chr9	19230435	19374281	DENND4C	218.84517592862701	-0.23659903271734398	0.484408465559889	-0.488428773522524	0.6252461652189321	1.0	1.0
chr9	19375715	19380236	RPS6	20.9742524886922	-0.230075439723958	0.9331200981090949	-0.246565731667543	0.8052443279841541	1.0	1.0
chr9	19053141	19102904	HAUS6	160.867955112468	0.45727154968714506	0.510188810548416	0.896279064206861	0.370103737719936	1.0	1.0
chr9	37120574	37358149	ZCCHC7	94.3088655417712	0.180801974301859	0.587016850174036	0.30800133633004806	0.758081315494881	1.0	1.0
chr9	34634722	34637844	SIGMAR1	11.0217607400616	-0.8297185077330941	1.06021836149163	-0.7825920941095129	0.43386668555887997	1.0	1.0
chr9	111896814	111935369	UGCG	162.26137626733998	-0.324361967244223	0.616312070194546	-0.526295010159114	0.5986832494331129	1.0	1.0
chr9	122264603	122331337	MRRF	9.06645117273083	-0.390432751427188	1.04698686638685	-0.372910839631228	0.709214804155984	1.0	1.0
chr9	113386312	113401290	ALAD	611.567570125487	-0.143139081595767	0.45501977450914005	-0.314577716430414	0.753082300497216	1.0	1.0
chr9	116423112	117415070	ASTN2	4.31347787149677	0.614545077075094	1.48129168776868	0.414871076472997	0.6782362843623779	1.0	1.0
chr9	113313222	113340298	WDR31	3.0547905549078602	-0.183606943295582	1.82200548736833	-0.100771893700925	0.919731538815479	1.0	1.0
chr9	133361450	133376166	SURF4	865.2319079040109	-0.0949132767560314	0.454813457760031	-0.20868616602393802	0.8346932402884839	1.0	1.0
chr9	133328776	133336188	SURF6	167.899689715234	0.21921861355144395	0.547091596429895	0.40069819200656503	0.6886423420865699	1.0	1.0
chr9	133338312	133348131	MED22	87.1164689630604	0.119359459769586	0.630264422038648	0.189379973858443	0.8497950190078559	1.0	1.0
chr9	129634604	129642169	ASB6	15.3012398892184	-0.59337910672952	1.0250709482570999	-0.578866377725784	0.562679338397537	1.0	1.0
chr9	128120693	128128462	PTGES2	17.2525547691133	-0.148040122215746	1.0966249501710699	-0.134996128067898	0.892614935663013	1.0	1.0
chr9	129608884	129636135	NTMT1	15.6644032607631	-0.590427559972901	0.86784431933935	-0.680338105367062	0.49629040199694	1.0	1.0
chr9	128068201	128109245	SLC25A25	26.311296375398697	0.502496471137697	0.7094984171348779	0.708241849455981	0.478795081699862	1.0	1.0
chr9	129738331	129753042	PTGES	2.60400568172706	-1.72102703434815	2.7123274778380098	-0.6345203698338	0.5257412774726721	1.0	1.0
chr9	127451489	127503499	LRSAM1	147.48380873913402	0.0827768418871962	0.50022643968356	0.165478741866504	0.8685671806914191	1.0	1.0
chr9	130265760	130434123	HMCN2	27.8590877821497	0.537468665224041	0.8831376026261221	0.6085899452427459	0.5427962707512589	1.0	1.0
chr9	130053426	130140169	GPR107	222.434016329108	-0.25060838014783604	0.7691537304189159	-0.325823525566655	0.744557878352087	1.0	1.0
chr9	136992422	136993984	PAXX	14.8565780462042	-4.33643913838656	4.81916520693835	-0.899832014918935	0.36820965415577894	1.0	1.0
chr9	136440096	136483759	SEC16A	122.339930063644	0.080152630819462	0.8045529716220721	0.0996238080605993	0.9206429917540259	1.0	1.0
chr9	137554444	137578925	DPH7	284.922724178706	-0.0801332800788569	0.522846842753581	-0.153263390970927	0.878190569315753	1.0	1.0
chr9	136006537	136095289	NACC2	23.5381074384382	0.0105211000908295	0.73327117714765	0.0143481707978152	0.988552208838813	1.0	1.0
chr9	15163622	15307360	TTC39B	214.342797049435	-0.180558247518507	0.4992537358040471	-0.36165627729899297	0.7176089040251179	1.0	1.0
chr9	71911510	71986054	C9orf85	11.6993664433462	-0.0785555750323183	0.9158431211630059	-0.0857740514910049	0.931646034350393	1.0	1.0
chr9	74980790	75028423	CARNMT1	21.8295989502422	-0.3467994046955039	0.806203295188229	-0.43016371523827	0.6670765544657089	1.0	1.0
chr9	77423079	77648322	GNA14	57.3639108554498	0.120123782902753	0.5931526928205171	0.20251747038616502	0.8395122019727941	1.0	1.0
chr9	109498325	110172512	PALM2AKAP2	28.699155969724302	-0.5825632953647399	0.817583616550223	-0.7125427706377659	0.47612873601774	1.0	1.0
chr9	114611206	114646422	TMEM268	15.7924280023738	-0.501980834923318	0.830018988940852	-0.6047823502976379	0.545323622377653	1.0	1.0
chr9	36214441	36277042	GNE	118.027863796849	0.0449119116359512	0.582077431859186	0.0771579676135187	0.9384978789060161	1.0	1.0
chr9	133761894	133992604	VAV2	108.211514211075	0.0582763425562144	0.647607547383323	0.0899871269130225	0.928297444558543	1.0	1.0
chr9	133459965	133470848	CACFD1	62.2653944092789	-0.319345026274505	0.583121299970661	-0.54764767860576	0.583933844579959	1.0	1.0
chr9	133471094	133479127	SLC2A6	11.4892354945033	0.170206910266596	1.02496261284105	0.166061579353423	0.868108489519813	1.0	1.0
chr9	131852928	132079867	MED27	20.9916001304003	-0.7614087502064429	0.920779535487156	-0.826917541997287	0.40828379993958	1.0	1.0
chr9	34610486	34612104	RPP25L	7.48741180665638	0.2723858188604	1.2817746188686598	0.212506797100427	0.8317116755601559	1.0	1.0
chr9	34398184	34458570	FAM219A	64.3759696045666	0.45782846455065995	0.618788504088818	0.739878749403763	0.45937356989324607	1.0	1.0
chr9	34379019	34397828	C9orf24	4.64654728750212	0.348496595967561	1.46104378939308	0.23852577075210601	0.8114733298986941	1.0	1.0
chr9	34366666	34376898	MYORG	93.3119362172023	-0.0717903286968629	0.841382941072211	-0.0853242028004244	0.932003650640222	1.0	1.0
chr9	15464066	15510995	PSIP1	4.053332177452799	-1.08156354958612	1.64229798852883	-0.6585671766881871	0.510173746201196	1.0	1.0
chr9	34179005	34252523	UBAP1	11.7378757877214	0.0206247925831342	0.9680444126891831	0.0213056263873674	0.9830018556508191	1.0	1.0
chr9	69035751	69079076	FXN	2.7926644964929404	-1.9830049442254698	2.18701079303092	-0.906719322348323	0.36455524278932794	1.0	1.0
chr9	112486827	112669397	KIAA1958	7.659506508960611	0.29096106801449	1.0986460973999301	0.26483602745514	0.791135781625891	1.0	1.0
chr9	123109500	123268586	STRBP	42.4922177300644	0.29170833901566495	0.7199893540908641	0.4051564614924171	0.685362506085749	1.0	1.0
chr9	125261794	125367207	GAPVD1	41.9779704810647	0.25842383982746103	0.6683125910790529	0.386681087977427	0.698992318735579	1.0	1.0
chr9	33383179	33402682	AQP7	32.854049163096	0.0121423553356782	0.8017044046107601	0.0151456762191216	0.987915960779607	1.0	1.0
chr9	33461353	33473930	NOL6	97.8435129487113	-0.143861015982136	0.634662706076543	-0.22667318341655604	0.8206778809064	1.0	1.0
chr9	33441156	33447596	AQP3	10.166684888989	0.342085894845013	1.14285180566685	0.299326555856825	0.764690894258859	1.0	1.0
chr9	35053928	35072668	VCP	96.1975706628973	0.11725346941497801	0.766224707568273	0.153027523462535	0.8783765703291041	1.0	1.0
chr9	35088688	35096601	PIGO	141.975110257335	-0.164505095460419	0.7045888616709041	-0.233476718706994	0.815391245830521	1.0	1.0
chr9	136206333	136245812	QSOX2	38.0314961222418	-0.13620319681494	0.7052267683150799	-0.193133900944167	0.8468541033282622	1.0	1.0
chr9	136375567	136400176	SNAPC4	51.974055221408996	0.258197910555614	0.708873613286572	0.36423687624444606	0.715681132242781	1.0	1.0
chr9	137582081	137590512	ZMYND19	7.006075822262781	-0.6125729466249971	1.24420638898527	-0.492340299847349	0.622478795446453	1.0	1.0
chr9	125747345	125967377	PBX3	8.44092521171733	0.0352986056114295	1.25957582244236	0.0280242006733538	0.977642849378592	1.0	1.0
chr9	128255829	128276026	GOLGA2	7.544153710484131	0.9770323173670691	1.25086330074234	0.781086403915792	0.43475167788819	1.0	1.0
chr9	128322544	128334072	COQ4	26.612769283747802	0.100435630220486	0.897465618076502	0.11191028179524601	0.910894544124561	1.0	1.0
chr9	128340527	128361470	SLC27A4	18.4078708401323	-0.3455337279349519	1.05679796252468	-0.326962901318881	0.7436959448363459	1.0	1.0
chr9	128411751	128437351	CERCAM	4.93018554769521	0.5451261712887829	1.3631661400418702	0.3998970890459771	0.689232316402283	1.0	1.0
chr9	37438102	37465450	ZBTB5	87.617342596271	-0.192652856536715	0.6839425472578171	-0.28167988277543604	0.778188981352385	1.0	1.0
chr9	136673143	136687457	AGPAT2	174.21358789688801	0.23524557588608203	0.656732759298198	0.358205940780952	0.720189201729837	1.0	1.0
chr9	134030305	134068535	BRD3	94.6116559198639	0.35829911959875005	0.5604224554008511	0.639337549996048	0.52260336565958	1.0	1.0
chr9	128061233	128068206	NAIF1	2.9141620789287503	1.5581303261729398	1.7507246825416598	0.889991637012215	0.37347037663752103	1.0	1.0
chr9	122915566	122931512	ZBTB26	38.66245249736979	-0.474716973636851	0.671816839128919	-0.7066166639293701	0.47980473044699995	1.0	1.0
chr9	20341669	20622499	MLLT3	3.88169967335732	-0.78774709427782	1.54397953136221	-0.510205658997831	0.609907387998457	1.0	1.0
chr9	114850968	115402644	DELEC1	8.51034864038867	-0.255317457527506	1.07139352596071	-0.238304088405393	0.8116452505933051	1.0	1.0
chr9	124942608	125143528	SCAI	9.19188871139493	0.31784965960729306	1.0611882515461801	0.299522407211142	0.7645414778481171	1.0	1.0
chr9	121815674	122093606	TTLL11	3.93825659059012	-0.724028669719943	1.77849622612043	-0.40710160588832	0.683933363986625	1.0	1.0
chr9	128275379	128316123	SWI5	6.780406675696519	0.141335929753411	1.62685774180019	0.0868766371649782	0.9307695701342629	1.0	1.0
chr9	131497479	131500191	ENSG00000176868	112.357158311874	-0.29355731848148	1.45119385230253	-0.20228677100286	0.8396925414083221	1.0	1.0
chr9	137110546	137115177	DPP7	322.93466192968	-0.186221902936313	0.7388446989894392	-0.25204471682752805	0.8010065002085021	1.0	1.0
chr9	137086857	137109189	MAN1B1	155.383280730813	-0.0880038778126204	0.49629031839114296	-0.17732338220481197	0.859254385472495	1.0	1.0
chr9	136850943	136860799	MAMDC4	3.48917662318298	0.112769020829804	1.6031633017111102	0.0703415682665899	0.9439217977342079	1.0	1.0
chr9	129321016	129324905	LINC02913	6.32447226470132	0.764576007352092	1.7961093999502302	0.42568454202916495	0.67033772735414	1.0	1.0
chr9	38571358	38620596	ANKRD18A	4.34310490022964	0.598114047915282	1.64253289130792	0.364141291221885	0.7157525044074442	1.0	1.0
chr9	137618992	137870016	EHMT1	20.910564289633	0.16999914896782403	0.807345270349956	0.210565609549103	0.8332262502100051	1.0	1.0
chr9	114784652	114806039	TNFSF15	57.3707485509545	0.23406536060625102	0.6192988216787679	0.37795221371769605	0.7054660933224302	1.0	1.0
chr9	5084999	5086112	PDSS1P1	2.7631756684772903	-1.64990070852294	2.7016592217424904	-0.6106990456993321	0.5413988379245159	1.0	1.0
chr9	5881596	6008482	KIAA2026	28.4612520808786	-0.348026856343726	0.808881564938637	-0.43025687743313595	0.667008791880474	1.0	1.0
chr9	122908056	122913323	ZBTB6	61.4732417965546	0.14002082146324	0.6542440925754941	0.214019236936531	0.8305320558210899	1.0	1.0
chr9	134317098	134440585	RXRA	67.63339745262071	-0.494380166490997	0.572458294928485	-0.8636090539185179	0.38780268879269897	1.0	1.0
chr9	34252380	34329268	KIF24	26.714534406478702	0.0977406001595794	0.8006017988102769	0.12208391275766001	0.902832562329933	1.0	1.0
chr9	137306896	137423211	EXD3	29.8530868373835	0.42081495223991605	0.74191950695209	0.567197584504393	0.570579948965518	1.0	1.0
chr9	20658309	20995955	FOCAD	115.560061788841	-0.20575447197043198	0.738888938893232	-0.27846468006224	0.780655674426038	1.0	1.0
chr9	132410043	132573319	CFAP77	10.8144895069175	0.48311866203705395	1.0246013098077802	0.47151868479232	0.637270379787849	1.0	1.0
chr9	69709522	69760011	PTAR1	64.7073623189203	-0.0328028164407069	0.611653009546796	-0.0536297801673733	0.957230129504757	1.0	1.0
chr9	20999509	21031640	HACD4	5.49736981551818	-0.0756830483924584	1.59224047938053	-0.0475324232567579	0.9620888895092999	1.0	1.0
chr9	133019486	133020874	EEF1A1P5	3.45930710780659	-1.71843308638602	2.66568609607921	-0.6446494540049411	0.51915437898865	1.0	1.0
chr9	134135365	134159968	WDR5	133.039373887238	-0.0814485521159556	0.517288527068399	-0.15745284856315	0.8748879656941841	1.0	1.0
chr9	136483495	136486067	C9orf163	5.33935550556491	-0.0166081369326899	1.4590743102014399	-0.0113826532456712	0.990918152829341	1.0	1.0
chr9	136807943	136841187	RABL6	3.49221293505632	1.1507405539114701	1.7236865246709498	0.667604310552434	0.504386205438205	1.0	1.0
chr9	114155537	114312511	COL27A1	24.0834818039535	0.16768239146526298	0.7543899409850401	0.222275486926977	0.824099433412777	1.0	1.0
chr9	137077517	137084539	UAP1L1	12.683652120711999	-0.982558963310115	1.26031319443812	-0.779614914488111	0.43561757441670595	1.0	1.0
chr9	32540544	32552586	TOPORS	24.638980011318697	-0.8004346356925741	0.952696465001479	-0.8401780263678549	0.40080857680370396	1.0	1.0
chr9	127447674	127451406	RPL12	12.459367349944301	0.21508904675211502	0.9948267069840648	0.21620755176967799	0.828825967299884	1.0	1.0
chr9	77177445	77421537	VPS13A	15.4217910687562	0.0235189085594033	0.8629813703591241	0.0272530895419169	0.978257872078639	1.0	1.0
chr9	35681992	35690056	TPM2	5.75669181235674	-0.2573452732225	1.28938065698203	-0.199588284366583	0.8418025911510579	1.0	1.0
chr9	21329665	21335404	KLHL9	46.894625401709995	-0.0645147472576673	0.630289021225016	-0.10235740285032699	0.9184729936283991	1.0	1.0
chr9	35161992	35405338	UNC13B	42.6501263310475	0.372506664549601	0.662864090354201	0.561965371137472	0.574139612907864	1.0	1.0
chr9	34086387	34127399	DCAF12	5.284296739932531	-0.604843572558702	1.3008126543810201	-0.464973622851565	0.641950345983052	1.0	1.0
chr9	70258978	70354873	SMC5	317.367663704942	0.139726033801365	0.5080014668019149	0.275050453458333	0.7832774763026179	1.0	1.0
chr9	37160137	37160237	ENSG00000200502	4.9779968110529405	0.310068989502572	1.4553874494998202	0.21304910222301002	0.8312886637039291	1.0	1.0
chr9	38620474	38624990	FAM201A	26.0102010426687	-0.325674582679346	0.7245742246358159	-0.44947028421144297	0.653092439733572	1.0	1.0
chr9	4662294	4665258	PLPP6	6.392559478238749	-0.235359615356007	1.50550129124672	-0.156333054461284	0.8757705029525671	1.0	1.0
chr9	136796338	136807741	CCDC183	4.15189713630339	1.00529290856633	1.49571829325174	0.672113801844856	0.5015112506325999	1.0	1.0
chr9	123029373	123029753	ENSG00000213216	6.98741629934695	-0.28672240185237197	1.43397016798056	-0.199950046559308	0.841519649172979	1.0	1.0
chr9	120792403	120801787	B3GALT9	3.76336930493209	0.12236226569129599	1.64682495586522	0.0743019258091148	0.940770144695404	1.0	1.0
chr9	135462727	135480777	PPP1R26-AS1	16.779692796608	0.31036284648472806	1.0901787106733	0.284689880150976	0.7758817444361541	1.0	1.0
chr9	72305367	72356721	LINC01504	6.1923655000613795	0.5175888873770379	1.4005779762947899	0.3695537814655	0.711714993765592	1.0	1.0
chr9	129575117	129584556	ENSG00000227619	6.13165457320245	-0.219207421444702	1.25272948196792	-0.174983844956174	0.8610923275901379	1.0	1.0
chr9	34318407	34319655	SERPINH1P1	2.8503758046198304	-0.19152594786025604	1.7108774244639298	-0.11194603723306899	0.9108661935568411	1.0	1.0
chr9	112399512	112487204	HSDL2-AS1	4.767837905536781	-0.822451012916618	1.5457770652644098	-0.532063148948284	0.594682259308061	1.0	1.0
chr9	6834456	6835577	ACTG1P14	2.67449338124734	-1.18911370236817	2.19708225633221	-0.541224025154736	0.588353179739902	1.0	1.0
chr9	77456295	77526697	GNA14-AS1	5.55644764967211	1.1068565167559898	1.40294521192848	0.7889520612387321	0.430140025773561	1.0	1.0
chr9	63817748	63818462	DUX4L50	2.9982469299826002	-0.536569080972245	1.6123030938134302	-0.33279665779413	0.739287781272043	1.0	1.0
chr9	128128529	128130628	ENSG00000232850	6.73493970225292	-0.28030718591782694	1.523799915284	-0.18395275069009603	0.854050521772227	1.0	1.0
chr9	128108581	128118693	SLC25A25-AS1	30.4244171859729	0.0187878543840037	0.72490198000886	0.0259177859933202	0.9793229136404731	1.0	1.0
chr9	33775183	33818795	UBE2R2-AS1	30.406892629608397	-0.661970934406078	0.884984125358516	-0.748003173659083	0.454458243264324	1.0	1.0
chr9	131132852	131167505	ENSG00000236986	3.8415760209645597	-0.21419062626468302	2.1048045632485404	-0.101762714697892	0.918945021323332	1.0	1.0
chr9	135907812	135916126	ENSG00000238058	9.118706734143231	0.803791742350444	1.1608399528293898	0.692422534554662	0.48867201827403395	1.0	1.0
chr9	136114581	136118875	TMEM250	10.1459548711811	-0.504232435434667	1.14527755371171	-0.44027094899442404	0.659740878856288	1.0	1.0
chr9	112272596	112272837	RN7SL430P	3.9175558094609304	-0.23603918088229298	1.68223119447587	-0.14031316364682903	0.888412564128523	1.0	1.0
chr9	112581779	112582590	ENSG00000250068	2.83762305481785	-0.43604026976107396	1.76400954163461	-0.247187024485718	0.804763486742412	1.0	1.0
chr9	136249973	136306901	CCDC187	4.344053294727931	0.42363845131703004	1.4613442536808	0.28989640890569	0.771895488998438	1.0	1.0
chr9	122937623	122940333	ENSG00000261094	3.98271752584257	-0.7486355562232371	1.4637266247347	-0.511458590403743	0.6090299773906429	1.0	1.0
chr9	70193997	70258866	SMC5-DT	6.2790093630938495	0.40822874393761893	1.24694754268152	0.32738245191913695	0.743378637188981	1.0	1.0
chr9	137084946	137086817	MAN1B1-DT	2.18538862006144	0.863963154504104	2.3054696830917796	0.37474496448180294	0.707850148235884	1.0	1.0
chr9	104077308	104093073	SMC2-DT	4.70274526869248	-1.34203678238995	1.52520826177789	-0.8799039554280821	0.37891134178061403	1.0	1.0
chr9	114491564	114491741	ENSG00000271214	4.789880659917009	0.82143707732892	1.3755884145721	0.5971532390264	0.5504050757280661	1.0	1.0
chr9	4676600	4679502	CDC37L1-DT	3.10331718061979	-0.265867787967917	1.71274136053619	-0.15522938494618	0.876640483222704	1.0	1.0
chr9	41006999	41074957	PGM5P2	3.98805288569615	-0.21306190002270603	2.1790023099731	-0.0977795659268191	0.9221073336459591	1.0	1.0
chr9	37079645	37090928	EBLN3P	269.020377480907	0.0607560141592632	0.47681133351027005	0.127421497538616	0.898606802346018	1.0	1.0
chr9	69035747	69255187	ENSG00000285130	2.1750066197705	0.8644321507297141	2.3163287377230897	0.373190616967191	0.709006579144763	1.0	1.0
chr9	19386927	19408532	ENSG00000285911	3.3769573455649797	0.224527227510847	1.79301221281854	0.12522347918528698	0.900346629844818	1.0	1.0
chr9	35023840	35025402	ENSG00000287868	2.45375768585907	1.29119580753459	2.1230375782502	0.6081832091727671	0.54306596961787	1.0	1.0
chr9	110668779	110806558	MUSK	0.167473292973884	0.0	4.99742379395376	0.0	1.0	none	1.0
chr9	120902393	120929173	TRAF1	0.693402887029535	-0.33320664091596003	3.51183333250386	-0.0948811089159494	0.924409261717604	none	1.0
chr9	111631334	111654351	DNAJC25	1.2996063441976298	0.217859602313971	2.40992745397829	0.0904008964893656	0.927968644316145	none	1.0
chr9	37650954	37746904	FRMPD1	0.33465493973364	0.0	4.99742379390511	0.0	1.0	none	1.0
chr9	119153458	119369435	BRINP1	0.0900139328354124	-1.6344200713383898	4.98973742211498	-0.327556328734753	0.7432471462902971	none	1.0
chr9	122370530	122395703	PTGS1	0.667796876397322	-4.41118522640406	4.81743222949707	-0.915671464851012	0.359839235881837	none	1.0
chr9	129094142	129111189	CRAT	0.27394008748502197	0.9113326722600842	4.87726234576675	0.18685332214107397	0.851775638060127	none	1.0
chr9	127738317	127778710	SH2D3C	2.06316622284289	0.18770530470447	2.27639832998015	0.0824571439156287	0.934283196434845	none	1.0
chr9	130713016	130887675	ABL1	1.2846602014501298	1.70697504861932	2.8013905670621697	0.609331333049156	0.542304842501474	none	1.0
chr9	76611376	76906114	PRUNE2	1.86181717235222	-1.15732882487565	2.2588003925824998	-0.5123643632594129	0.608396027125317	none	1.0
chr9	120600811	120714470	MEGF9	0.27623537921581104	-1.78925715197478	4.97969211922324	-0.359310798566775	0.719362596917266	none	1.0
chr9	120952335	121050275	C5	0.625982284804018	-3.2219665258178902	4.28623892145525	-0.751700169976521	0.452231388173179	none	1.0
chr9	122202577	122229626	LHX6	0.322224611770122	2.10562353318877	4.900283225394849	0.42969425160504	0.6674180655074721	none	1.0
chr9	114060127	114078328	AMBP	0.16493589981625698	0.0	4.9974237939535895	0.0	1.0	none	1.0
chr9	114334156	114394405	AKNA	1.02490975517763	-0.323594859451967	2.9327249395477097	-0.11033931450177999	0.912140279134994	none	1.0
chr9	114893343	114930595	TNFSF8	0.7593238123026921	-1.6357285101368502	4.49284934812988	-0.364073749950622	0.715802938144697	none	1.0
chr9	5334930	5339876	RLN1	0.16493589981625698	0.0	4.9974237939535895	0.0	1.0	none	1.0
chr9	135702185	135795508	KCNT1	1.66400006468008	0.0	3.2898909110948997	0.0	1.0	none	1.0
chr9	35673928	35681159	CA9	0.35860212418883103	-0.343671263891055	4.7929305205646	-0.0717037859022775	0.9428376432062628	none	1.0
chr9	35732598	35736999	CREB3	0.367852309299219	3.31533163276707	4.83502839431847	0.6856902095265539	0.49290848189600805	none	1.0
chr9	136862119	136866308	EDF1	0.20131341223496602	-2.68427316410427	4.89220645730956	-0.548683541368872	0.583222643079396	none	1.0
chr9	137039463	137046179	NPDC1	0.33465493973364	0.0	4.99742379390511	0.0	1.0	none	1.0
chr9	69427532	69672371	APBA1	0.166949219099331	0.0	4.99742379395329	0.0	1.0	none	1.0
chr9	17579066	17797124	SH3GL2	0.18392615464960999	2.3107547223843903	4.8851281867365195	0.473018236994939	0.636200168218885	none	1.0
chr9	37915898	38069227	SHB	1.2596529646386	0.380727412479823	2.46546282404515	0.154424316913915	0.877275181498721	none	1.0
chr9	74722495	74888094	TRPM6	0.270041798506237	-3.1199452345609098	4.864425569460769	-0.641379992356788	0.521275828860549	none	1.0
chr9	128633653	128656847	DYNC2I2	0.15728871195386498	2.1056069144457297	4.90028454042333	0.429690744910056	0.66742061670998	none	1.0
chr9	129110950	129148946	PTPA	0.16493589981625698	0.0	4.9974237939535895	0.0	1.0	none	1.0
chr9	121074660	121177729	CNTRL	1.73230767330277	1.1980017417811397	2.557793854404	0.46837306287151703	0.639517827862784	none	1.0
chr9	124257606	124353307	NEK6	0.681253773736306	-4.0353511020380495	4.06793634185501	-0.991989737036518	0.321202531847583	none	1.0
chr9	113349541	113371233	BSPRY	0.16732746986682	0.0	4.9974237939537804	0.0	1.0	none	1.0
chr9	36136536	36163913	GLIPR2	1.0932326820451899	1.58440497410504	3.35633192655827	0.472064446775311	0.636880788601561	none	1.0
chr9	34957608	34982544	PHF24	0.15728871195386498	2.1056069144457297	4.90028454042333	0.429690744910056	0.66742061670998	none	1.0
chr9	37800554	37867666	DCAF10	0.15728871195386498	2.1056069144457297	4.90028454042333	0.429690744910056	0.66742061670998	none	1.0
chr9	133663560	133739955	SARDH	0.35087537374894	2.31076739220765	4.885127314257571	0.47302091502580107	0.6361982576201639	none	1.0
chr9	136881912	136926607	TRAF2	1.64460574794042	-0.35733530136695707	2.29637200574698	-0.155608629818112	0.8763415222005769	none	1.0
chr9	134641803	134844843	COL5A1	0.167473292973884	0.0	4.99742379395376	0.0	1.0	none	1.0
chr9	131502789	131523806	POMT1	0.167473292973884	0.0	4.99742379395376	0.0	1.0	none	1.0
chr9	131523801	131531264	UCK1	0.257341402702232	-1.63440235060864	4.9897374022734295	-0.32755277860193105	0.743249830933065	none	1.0
chr9	130902438	130939286	FIBCD1	1.06274087474916	-4.8386842508960894	3.4013625784916606	-1.4225723189563102	0.154860173175573	none	1.0
chr9	78297125	78330093	PSAT1	0.843488922418063	3.21113998503422	3.5127168399475597	0.91414712068911	0.360639545490279	none	1.0
chr9	128882133	128918039	LRRC8A	0.166949219099331	0.0	4.99742379395329	0.0	1.0	none	1.0
chr9	129803157	129811281	TOR1B	0.25748722580929606	-1.6344023430767	4.9897374022734	-0.32755277709244607	0.743249832074552	none	1.0
chr9	129827290	129835863	C9orf78	0.32987179963251395	0.0	4.9974237939053605	0.0	1.0	none	1.0
chr9	122476958	122477926	OR1J1	0.257341402702232	-1.63440235060864	4.9897374022734295	-0.32755277860193105	0.743249830933065	none	1.0
chr9	127397138	127408424	SLC2A8	1.61542166334003	-0.0472624576344009	2.51264371443513	-0.0188098524923682	0.9849927940618779	none	1.0
chr9	117704175	117724735	TLR4	1.4878411098611102	0.141595544658249	2.23022988928775	0.0634892148734806	0.949376947202591	none	1.0
chr9	127935099	127937854	DPM2	0.11129947939955401	-1.7892751351796103	4.979692119247731	-0.359314409873579	0.7193598956376942	none	1.0
chr9	124853417	124857890	WDR38	0.18392615464960999	2.3107547223843903	4.8851281867365195	0.473018236994939	0.636200168218885	none	1.0
chr9	124481236	124507420	NR5A1	0.16493589981625698	0.0	4.9974237939535895	0.0	1.0	none	1.0
chr9	124878275	124948492	GOLGA1	0.9518727578925	1.69885341887068	3.01899364523084	0.562721760462924	0.5736243641997671	none	1.0
chr9	122723990	122724925	OR1L4	0.16493589981625698	0.0	4.9974237939535895	0.0	1.0	none	1.0
chr9	124862130	124877733	ARPC5L	0.33226336968307696	0.0	4.99742379395357	0.0	1.0	none	1.0
chr9	6011025	6015625	RANBP6	0.385239566884576	-0.138523226991293	4.77743365783896	-0.0289953219473807	0.976868321572386	none	1.0
chr9	37485948	37503697	POLR1E	0.25748722580929606	-1.6344023430767	4.9897374022734	-0.32755277709244607	0.743249832074552	none	1.0
chr9	35649295	35650931	SIT1	0.18392615464960999	2.3107547223843903	4.8851281867365195	0.473018236994939	0.636200168218885	none	1.0
chr9	34989641	34998900	DNAJB5	0.816829901348677	1.3734895724792502	3.80243165297238	0.36121348069611997	0.7179398653691851	none	1.0
chr9	38392702	38398661	ALDH1B1	0.869110288632288	-4.09008895526205	3.7808182714000695	-1.0817999336814101	0.27934143609347695	none	1.0
chr9	113444731	113597743	RGS3	1.61382709571152	2.26818826812996	2.56563046543442	0.884066625606545	0.37666024805396503	none	1.0
chr9	2621182	2660056	VLDLR	0.8937783363667572	-4.17192171401725	3.45952137367302	-1.20592453793337	0.22784658833733898	none	1.0
chr9	6413151	6507054	UHRF2	1.0092580771928101	-2.55598716053866	3.44529635911748	-0.741877299981641	0.458161680461791	none	1.0
chr9	21304326	21305313	IFNA5	0.6689316286997901	0.0	4.70112497266452	0.0	1.0	none	1.0
chr9	37510892	37576380	FBXO10	0.278772772373438	-1.7892571146770901	4.97969211922337	-0.35931079107680797	0.7193626025198101	none	1.0
chr9	78236062	78279690	CEP78	0.385239566884576	-0.138523226991293	4.77743365783896	-0.0289953219473807	0.976868321572386	none	1.0
chr9	112683926	112718149	INIP	0.9687038703357149	2.3132252671396403	3.13633597304629	0.73755659056285	0.460783942507892	none	1.0
chr9	108854588	108855986	ACTL7B	0.166949219099331	0.0	4.99742379395329	0.0	1.0	none	1.0
chr9	124517275	124771311	NR6A1	0.47951332372398703	3.10042491307492	4.84306140043182	0.6401787333934019	0.522056407068998	none	1.0
chr9	133356550	133361158	SURF2	0.32987179963251395	0.0	4.9974237939053605	0.0	1.0	none	1.0
chr9	128161251	128204383	CIZ1	0.443708672189695	-1.7892385999283302	4.9796921521557405	-0.35930707064969003	0.719365385425717	none	1.0
chr9	128149071	128153453	LCN2	0.167473292973884	0.0	4.99742379395376	0.0	1.0	none	1.0
chr9	137877782	138124624	CACNA1B	0.0900139328354124	-1.6344200713383898	4.98973742211498	-0.327556328734753	0.7432471462902971	none	1.0
chr9	8314246	10613002	PTPRD	1.09243367769879	0.738672367161006	3.47099095797147	0.21281310614323898	0.8314727406787091	none	1.0
chr9	18858906	19049358	SAXO1	0.334946585947768	0.0	4.99742379390507	0.0	1.0	none	1.0
chr9	19049427	19051025	RRAGA	1.9905394960398102	0.184478705378841	2.15236558375029	0.0857097450226856	0.9316971552308241	none	1.0
chr9	77716097	78031811	GNAQ	0.530903239419765	0.00324927386631196	4.53123762516816	0.00071708308746915	0.999427850524729	none	1.0
chr9	113876282	114056593	ZNF618	1.98757777251807	0.14434189711917902	2.04942033585535	0.0704305966881784	0.9438509390727601	none	1.0
chr9	136940435	136944738	FBXW5	0.333898438198661	0.0	4.9974237939048205	0.0	1.0	none	1.0
chr9	138150075	138177433	TUBBP5	0.669455702574344	0.0	4.64547780060025	0.0	1.0	none	1.0
chr9	35791003	35809732	NPR2	0.16493589981625698	0.0	4.9974237939535895	0.0	1.0	none	1.0
chr9	127706988	127716002	CFAP157	0.508688159577359	3.21146398972048	4.57572733563192	0.7018477619311589	0.48277410919208297	none	1.0
chr9	127731524	127735313	TOR2A	0.16732746986682	0.0	4.9974237939537804	0.0	1.0	none	1.0
chr9	128729786	128772414	ZER1	0.166949219099331	0.0	4.99742379395329	0.0	1.0	none	1.0
chr9	14737152	14910995	FREM1	0.35139944762349395	2.31076732569861	4.885127318837941	0.473020900967692	0.636198267649692	none	1.0
chr9	34329506	34343711	NUDT2	1.4142764717133103	-4.22366603285319	2.6884370471357597	-1.57104888781125	0.11617129356744699	none	1.0
chr9	15553043	16061663	CCDC171	1.8369948105411003	0.758580878694154	2.19360006076066	0.34581548946124097	0.7294813836468449	none	1.0
chr9	69012504	69014113	PRKACG	0.18392615464960999	2.3107547223843903	4.8851281867365195	0.473018236994939	0.636200168218885	none	1.0
chr9	70043848	70226972	MAMDC2	0.33731657762469003	-0.199033783159393	4.8043529935983305	-0.0414278017091167	0.9669548492587892	none	1.0
chr9	72521608	72838297	TMC1	0.347501158644709	-2.5396224487314303	4.90339732906231	-0.5179311971475671	0.604506274546649	none	1.0
chr9	72900671	73080442	ALDH1A1	1.68246764307958	0.48421411543733595	2.64998579709674	0.182723287033398	0.855015142960938	none	1.0
chr9	110365248	110579880	SVEP1	0.11129947939955401	-1.7892751351796103	4.979692119247731	-0.359314409873579	0.7193598956376942	none	1.0
chr9	111686171	111795008	SHOC1	0.38134127790579103	-3.6105337397712796	4.84158154688076	-0.745734364857987	0.455827895698268	none	1.0
chr9	135693407	135704498	SOHLH1	0.494807699448771	0.0	4.997423793889039	0.0	1.0	none	1.0
chr9	136410641	136423761	PMPCA	2.0649721162739096	-1.63478394699094	2.05871198446359	-0.7940809396011221	0.427148313036313	none	1.0
chr9	136401922	136410614	ENTR1	0.166949219099331	0.0	4.99742379395329	0.0	1.0	none	1.0
chr9	132725578	132878777	AK8	0.16493589981625698	0.0	4.9974237939535895	0.0	1.0	none	1.0
chr9	132891348	132946874	TSC1	0.5815793337554279	0.7086046273838359	4.13059421332163	0.171550288115571	0.8637910922538761	none	1.0
chr9	132944000	132991687	GFI1B	0.167473292973884	0.0	4.99742379395376	0.0	1.0	none	1.0
chr9	127716079	127731590	TTC16	0.334946585947768	0.0	4.99742379390507	0.0	1.0	none	1.0
chr9	127940582	127980989	FAM102A	0.641792396784242	2.5017489404976003	4.62241213732761	0.541221523778698	0.588354903638922	none	1.0
chr9	128305159	128322447	TRUB2	0.489552081636942	2.10634056156051	4.75505396928968	0.442968802281578	0.6577883005181551	none	1.0
chr9	128371361	128392016	URM1	0.776117864979835	-1.77388726728632	4.15428732784958	-0.42700158349532	0.669378174334786	none	1.0
chr9	2717510	2730037	KCNV2	1.00400245938098	-0.205155700058742	2.9860832235279102	-0.0687039458385761	0.9452252773030742	none	1.0
chr9	126805006	126838210	ZBTB43	0.18392615464960999	2.3107547223843903	4.8851281867365195	0.473018236994939	0.636200168218885	none	1.0
chr9	116231	118417	FOXD4	0.513926303869486	-4.0361053107620695	4.82711282139533	-0.83613237562477	0.403080436595237	none	1.0
chr9	62897368	62900104	ENSG00000170161	1.1276584263728	4.93865475786236	3.60130532696181	1.3713513044529297	0.17026546961321	none	1.0
chr9	133061981	133071861	CEL	0.9068654125577299	1.70217287822109	3.5064751616087597	0.48543702714840703	0.6273663724335179	none	1.0
chr9	128832942	128882494	KYAT1	0.167473292973884	0.0	4.99742379395376	0.0	1.0	none	1.0
chr9	133205277	133209250	OBP2B	0.333898438198661	0.0	4.9974237939048205	0.0	1.0	none	1.0
chr9	122567117	122583384	OR1L8	0.517344443295515	-1.19190974474392	4.74445327088813	-0.251221727076006	0.8016426873258521	none	1.0
chr9	136658856	136672678	EGFL7	1.91725606276521	0.721252216209738	2.68357358402189	0.268765582022459	0.788110080648001	none	1.0
chr9	1049858	1057552	DMRT2	0.44519791759821503	-3.8240808360599	4.833794710641	-0.791113620866367	0.428877691455686	none	1.0
chr9	111525159	111577844	ZNF483	0.44557616836570396	-1.78923849761328	4.97969215215532	-0.35930705010326	0.719365400794602	none	1.0
chr9	35041095	35045986	C9orf131	1.3489285846880001	-2.55649864427181	3.4189033479104305	-0.747753997150664	0.454608554638661	none	1.0
chr9	128920966	128942041	PHYHD1	0.16732746986682	0.0	4.9974237939537804	0.0	1.0	none	1.0
chr9	14611071	14693432	ZDHHC21	0.6666858817562911	0.0	4.03518786319086	0.0	1.0	none	1.0
chr9	137174784	137188560	ANAPC2	0.15728871195386498	2.1056069144457297	4.90028454042333	0.429690744910056	0.66742061670998	none	1.0
chr9	126860665	126885878	ZBTB34	0.43553741045274896	0.551320759449106	4.882194077341469	0.112924793794621	0.9100901794507981	none	1.0
chr9	124968294	124968840	FXNP2	0.0900139328354124	-1.6344200713383898	4.98973742211498	-0.327556328734753	0.7432471462902971	none	1.0
chr9	6532467	6645729	GLDC	0.16732746986682	0.0	4.9974237939537804	0.0	1.0	none	1.0
chr9	129612225	129620776	C9orf50	2.10378463675217	0.8435545799461609	2.12420089472491	0.39711619651464497	0.6912817767935839	none	1.0
chr9	35406755	35483035	ATP8B5P	1.28924592228034	0.783570124704489	3.04282824523275	0.257513754163457	0.796782198953335	none	1.0
chr9	124451425	124478589	ADGRD2	0.35139944762349395	2.31076732569861	4.885127318837941	0.473020900967692	0.636198267649692	none	1.0
chr9	116153791	116402321	PAPPA	1.28076191247135	-0.8648376435272659	2.71288748384341	-0.318788614963872	0.7498868121540551	none	1.0
chr9	122159908	122200088	MORN5	0.8798448564631299	0.381955350423048	3.2095731151066103	0.119005031736241	0.9052713693644409	none	1.0
chr9	68302867	68305084	FOXD4L3	0.20131341223496602	-2.68427316410427	4.89220645730956	-0.548683541368872	0.583222643079396	none	1.0
chr9	136361903	136373681	CARD9	1.7767887894881498	-1.73255557256223	2.9361901470361	-0.590069268610255	0.555144210950975	none	1.0
chr9	137205685	137219361	NDOR1	0.166949219099331	0.0	4.99742379395329	0.0	1.0	none	1.0
chr9	130892707	130896812	QRFP	1.10327143995815	0.607318308638245	3.17428204677822	0.19132462071373002	0.8482712728319742	none	1.0
chr9	137255327	137273542	NELFB	0.166949219099331	0.0	4.99742379395329	0.0	1.0	none	1.0
chr9	36833269	37034268	PAX5	0.16493589981625698	0.0	4.9974237939535895	0.0	1.0	none	1.0
chr9	35906202	35907136	HRCT1	0.39007225177299104	-2.81791240072275	4.88279489999344	-0.577110539852194	0.563864784778442	none	1.0
chr9	135479079	135488893	PPP1R26	0.27623537921581104	-1.78925715197478	4.97969211922324	-0.359310798566775	0.719362596917266	none	1.0
chr9	133577081	133609389	FAM163B	0.669223274913919	0.0	4.30899375641367	0.0	1.0	none	1.0
chr9	137224635	137226315	CYSRT1	0.16732746986682	0.0	4.9974237939537804	0.0	1.0	none	1.0
chr9	122510802	122511743	OR1J2	0.167473292973884	0.0	4.99742379395376	0.0	1.0	none	1.0
chr9	5510531	5571282	PDCD1LG2	0.167473292973884	0.0	4.99742379395376	0.0	1.0	none	1.0
chr9	128552558	128633662	SPTAN1	0.8890950415735192	1.9495484050999998	3.56476736747473	0.546893584946907	0.5844518432293149	none	1.0
chr9	133532164	133575519	ADAMTSL2	0.247302644789277	0.7061882215921171	4.89244275307729	0.144342664234126	0.8852298898498521	none	1.0
chr9	21440439	21441316	IFNA1	0.331885118915587	0.0	4.9974237939050905	0.0	1.0	none	1.0
chr9	137277726	137282641	TOR4A	0.11129947939955401	-1.7892751351796103	4.979692119247731	-0.359314409873579	0.7193598956376942	none	1.0
chr9	110873263	111038470	LPAR1	0.247302644789277	0.7061882215921171	4.89244275307729	0.144342664234126	0.8852298898498521	none	1.0
chr9	101569352	101738647	GRIN3A	0.665783557114249	0.0	4.655470431025639	0.0	1.0	none	1.0
chr9	35490111	35561898	RUSC2	1.46012955492697	-1.20362327056971	2.46878703892226	-0.487536288709271	0.62587833287925	none	1.0
chr9	133376366	133406096	STKLD1	0.344963765487082	-2.53962248602652	4.9033973290621695	-0.5179312047535539	0.604506269239695	none	1.0
chr9	109042386	109042487	ENSG00000199331	0.167473292973884	0.0	4.99742379395376	0.0	1.0	none	1.0
chr9	112169286	112169397	ENSG00000200261	1.01164964724337	-2.55990287521696	3.2595079183645397	-0.7853648278607019	0.4322396964120229	none	1.0
chr9	127470875	127470987	ENSG00000200788	1.39424211263468	-2.79675706824167	3.13952473592269	-0.8908217974016759	0.37302477939390205	none	1.0
chr9	33830978	33831078	ENSG00000200834	1.52298338290536	2.29540857521016	3.1619610604674797	0.7259446056779709	0.4678727300262679	none	1.0
chr9	71902455	71902550	ENSG00000200922	1.6987487687119698	-1.16168015840598	2.47040294089211	-0.47023914163026	0.638184172274842	none	1.0
chr9	4386410	4386556	RNU6-694P	1.25844979653174	-1.64342172495145	3.16940248569081	-0.518527303607274	0.604090415183671	none	1.0
chr9	77635203	77635309	RNU6-1303P	1.0038782146475602	0.0	3.7409175949506497	0.0	1.0	none	1.0
chr9	558826	558930	RNU6-1327P	1.48371819297518	2.12643515330394	2.95742552470362	0.7190156220475021	0.472131294279886	none	1.0
chr9	128745857	128746138	ENSG00000203286	0.166949219099331	0.0	4.99742379395329	0.0	1.0	none	1.0
chr9	74952968	74996293	CARNMT1-AS1	1.24333625230353	0.716071917579949	3.0470429375054504	0.235005522490662	0.814204446918274	none	1.0
chr9	137615326	137618906	ARRDC1-AS1	0.0900139328354124	-1.6344200713383898	4.98973742211498	-0.327556328734753	0.7432471462902971	none	1.0
chr9	110303476	110337884	TXNDC8	0.18392615464960999	2.3107547223843903	4.8851281867365195	0.473018236994939	0.636200168218885	none	1.0
chr9	69820817	69906227	C9orf135	0.257341402702232	-1.63440235060864	4.9897374022734295	-0.32755277860193105	0.743249830933065	none	1.0
chr9	63974762	64004155	ENSG00000204790	0.11129947939955401	-1.7892751351796103	4.979692119247731	-0.359314409873579	0.7193598956376942	none	1.0
chr9	34621074	34629045	ARID3C	0.166949219099331	0.0	4.99742379395329	0.0	1.0	none	1.0
chr9	16203935	16410990	C9orf92	0.31457742390772997	3.1004091520834907	4.84306203398356	0.640175395303231	0.5220585769973489	none	1.0
chr9	34389943	34390051	ENSG00000207032	0.278772772373438	-1.7892571146770901	4.97969211922337	-0.35931079107680797	0.7193626025198101	none	1.0
chr9	137838419	137838516	MIR602	0.15728871195386498	2.1056069144457297	4.90028454042333	0.429690744910056	0.66742061670998	none	1.0
chr9	109046229	109046298	MIR32	1.8101145086410901	-0.711990131463568	2.35641460032173	-0.30214977082825606	0.7625378927478309	none	1.0
chr9	75198071	75198177	RNU6-1228P	0.0900139328354124	-1.6344200713383898	4.98973742211498	-0.327556328734753	0.7432471462902971	none	1.0
chr9	112362714	112363116	RPL32P22	0.16493589981625698	0.0	4.9974237939535895	0.0	1.0	none	1.0
chr9	109532830	109534332	YBX1P6	0.33465493973364	0.0	4.99742379390511	0.0	1.0	none	1.0
chr9	108040213	108040592	ENSG00000213557	1.6615734862399998	2.12676995559285	2.94302863950822	0.722646707219346	0.469896964857101	none	1.0
chr9	136935840	136937161	ENSG00000213590	0.16732746986682	0.0	4.9974237939537804	0.0	1.0	none	1.0
chr9	34638133	34651035	GALT	1.58105265906935	0.720037602964658	2.75494558233437	0.261361824197828	0.793813493980891	none	1.0
chr9	5418373	5418976	RNF152P1	0.257341402702232	-1.63440235060864	4.9897374022734295	-0.32755277860193105	0.743249830933065	none	1.0
chr9	35561831	35563899	FAM166B	0.166949219099331	0.0	4.99742379395329	0.0	1.0	none	1.0
chr9	35147410	35149184	ENSG00000215198	0.167473292973884	0.0	4.99742379395376	0.0	1.0	none	1.0
chr9	42667506	42668887	FGF7P4	0.167473292973884	0.0	4.99742379395376	0.0	1.0	none	1.0
chr9	134164439	134164564	RNU6ATAC	0.18002786567082502	-2.53963582119081	4.90339770659844	-0.5179338844518471	0.604504399525097	none	1.0
chr9	35073835	35079942	FANCG	0.16493589981625698	0.0	4.9974237939535895	0.0	1.0	none	1.0
chr9	122945988	122946094	RNY1P15	1.08773010017516	2.3536124847632403	2.8794291148403994	0.8173885832552241	0.41370639797392705	none	1.0
chr9	36267783	36267922	RNU4-53P	0.49719926949933396	0.0	4.99742379390534	0.0	1.0	none	1.0
chr9	130120806	130120912	ENSG00000223188	0.6760156294441789	3.2112661452993603	3.80127348992638	0.84478692569988	0.398229815674415	none	1.0
chr9	33786221	33786828	TRBV29OR9-2	1.8879270661856598	2.2104495753630897	2.41959781576152	0.913560741774516	0.36094770278006105	none	1.0
chr9	134505472	134521442	ENSG00000223795	0.324616181820685	2.10562356047986	4.90028322323551	0.42969425736367606	0.667418061317933	none	1.0
chr9	5096666	5098193	MTCO1P11	0.48205071688161405	3.10042494615411	4.84306139910226	0.640178740399373	0.522056402514766	none	1.0
chr9	37383178	37384434	LINC01627	0.0900139328354124	-1.6344200713383898	4.98973742211498	-0.327556328734753	0.7432471462902971	none	1.0
chr9	135447446	135450154	SOCS5P2	0.331885118915587	0.0	4.9974237939050905	0.0	1.0	none	1.0
chr9	129883693	129884170	ENSG00000224988	0.9160018458286421	-1.39689480438067	3.1260967516690803	-0.446849510858817	0.654983720433774	none	1.0
chr9	132768965	132770212	ENSG00000224992	0.0900139328354124	-1.6344200713383898	4.98973742211498	-0.327556328734753	0.7432471462902971	none	1.0
chr9	123061845	123063312	ENSG00000225078	0.0900139328354124	-1.6344200713383898	4.98973742211498	-0.327556328734753	0.7432471462902971	none	1.0
chr9	38566260	38568211	SNX18P3	0.166949219099331	0.0	4.99742379395329	0.0	1.0	none	1.0
chr9	5719021	5720244	ENSG00000225408	0.0900139328354124	-1.6344200713383898	4.98973742211498	-0.327556328734753	0.7432471462902971	none	1.0
chr9	112173522	112173971	ENSG00000225513	1.0941245751434	-1.6394132394428997	3.6700052679435897	-0.446705963547979	0.6550873754409849	none	1.0
chr9	103140523	103325034	LINC01492	0.0900139328354124	-1.6344200713383898	4.98973742211498	-0.327556328734753	0.7432471462902971	none	1.0
chr9	41073670	41076417	ENSG00000225655	0.16732746986682	0.0	4.9974237939537804	0.0	1.0	none	1.0
chr9	37878116	37879493	PAICSP1	1.16111533043757	0.0	3.5748885636487997	0.0	1.0	none	1.0
chr9	21321300	21321827	IFNA20P	0.5008476572979921	0.0	4.99742379388867	0.0	1.0	none	1.0
chr9	547156	549967	ENSG00000226403	0.15728871195386498	2.1056069144457297	4.90028454042333	0.429690744910056	0.66742061670998	none	1.0
chr9	112748902	112750565	ENSG00000226609	0.18392615464960999	2.3107547223843903	4.8851281867365195	0.473018236994939	0.636200168218885	none	1.0
chr9	3684076	3689626	ENSG00000226669	0.58922652161782	-1.6367808590452297	4.19745985874176	-0.38994556568216293	0.696576799103819	none	1.0
chr9	33968071	33968518	OSTCP8	1.5096291519261598	1.4239306741281	2.46029657518035	0.5787638321708101	0.562748538498582	none	1.0
chr9	107420191	107466613	LINC01509	0.32987179963251395	0.0	4.9974237939053605	0.0	1.0	none	1.0
chr9	131240687	131241724	ENSG00000226987	0.33731657762469003	-0.199033783159393	4.8043529935983305	-0.0414278017091167	0.9669548492587892	none	1.0
chr9	125567579	125573023	ENSG00000227068	0.33427668896615004	0.0	4.99742379395328	0.0	1.0	none	1.0
chr9	20683304	20684688	FOCAD-AS1	0.18392615464960999	2.3107547223843903	4.8851281867365195	0.473018236994939	0.636200168218885	none	1.0
chr9	452492	492248	ENSG00000227155	0.16493589981625698	0.0	4.9974237939535895	0.0	1.0	none	1.0
chr9	127934503	127940952	ENSG00000227218	0.11129947939955401	-1.7892751351796103	4.979692119247731	-0.359314409873579	0.7193598956376942	none	1.0
chr9	107543151	107543616	PPIAP88	0.167473292973884	0.0	4.99742379395376	0.0	1.0	none	1.0
chr9	121369893	121463371	ENSG00000227355	0.333898438198661	0.0	4.9974237939048205	0.0	1.0	none	1.0
chr9	34191555	34191881	RPL35AP2	0.42429062180156296	-1.6343842573291698	4.98973740226175	-0.32754915250416605	0.743252573024438	none	1.0
chr9	35772163	35790432	ENSG00000227388	0.919244144357398	-1.63955120458505	3.64720400575617	-0.44953646738637104	0.653044707435353	none	1.0
chr9	136542881	136543835	ENSG00000227512	0.27824869849888395	-1.7892570421273	4.9796921192228	-0.35931077650771603	0.719362613417587	none	1.0
chr9	5091093	5091604	MTND6P5	0.0900139328354124	-1.6344200713383898	4.98973742211498	-0.327556328734753	0.7432471462902971	none	1.0
chr9	2907073	3053408	CARM1P1	0.0900139328354124	-1.6344200713383898	4.98973742211498	-0.327556328734753	0.7432471462902971	none	1.0
chr9	673478	685555	ENSG00000227914	1.33950812759281	-2.5603463066903602	3.24027443055004	-0.7901634141080249	0.42943233941328796	none	1.0
chr9	110024881	110025358	ENSG00000228053	0.16732746986682	0.0	4.9974237939537804	0.0	1.0	none	1.0
chr9	77580245	77580628	NUTF2P3	0.256963151934743	-1.6344022705278798	4.9897374022728895	-0.32755276255287297	0.743249843069516	none	1.0
chr9	37205112	37205368	ENSG00000228292	0.9042309833029031	-3.68415817103631	3.4692051726166295	-1.06196030148818	0.288253707701785	none	1.0
chr9	35962195	36014623	OR2S1P	0.16732746986682	0.0	4.9974237939537804	0.0	1.0	none	1.0
chr9	4299390	4306046	ENSG00000228322	0.247302644789277	0.7061882215921171	4.89244275307729	0.144342664234126	0.8852298898498521	none	1.0
chr9	128528657	128552410	ENSG00000228395	0.34735533553764497	-2.53962245625672	4.90339732906234	-0.517931198682273	0.6045062734758321	none	1.0
chr9	112957722	113012230	ZNF883	0.33226336968307696	0.0	4.99742379395357	0.0	1.0	none	1.0
chr9	115324932	115744330	ENSG00000228714	0.167473292973884	0.0	4.99742379395376	0.0	1.0	none	1.0
chr9	6047360	6066714	ENSG00000228739	1.06369144853524	1.57761665301075	3.22765345185458	0.488781300887266	0.6249965378074929	none	1.0
chr9	116504283	116562293	ASTN2-AS1	1.43503794440289	-4.26885565791245	2.7655540568694703	-1.5435806243992498	0.122689961865678	none	1.0
chr9	123759220	123759775	ENSG00000229115	0.0900139328354124	-1.6344200713383898	4.98973742211498	-0.327556328734753	0.7432471462902971	none	1.0
chr9	137057663	137062461	ENSG00000229257	0.166949219099331	0.0	4.99742379395329	0.0	1.0	none	1.0
chr9	69472466	69494513	ENSG00000229312	0.167473292973884	0.0	4.99742379395376	0.0	1.0	none	1.0
chr9	659986	660326	EIF1P1	0.33427668896615004	0.0	4.99742379395328	0.0	1.0	none	1.0
chr9	4070906	4071884	ENSG00000230001	1.5992117222186797	-2.55423434641721	2.42304111129731	-1.05414404011068	0.29181697572896304	none	1.0
chr9	114656304	114662374	TEX53	0.5815793337554279	0.7086046273838359	4.13059421332163	0.171550288115571	0.8637910922538761	none	1.0
chr9	34665607	34681981	ENSG00000230074	0.16732746986682	0.0	4.9974237939537804	0.0	1.0	none	1.0
chr9	112280978	112281335	HSPE1P28	1.95837497025105	1.72004831084368	2.49155474992249	0.6903514004246489	0.48997323130584003	none	1.0
chr9	128090969	128094457	ENSG00000230536	0.9954871361385241	2.37240648246547	3.4125883241641803	0.6951926974803001	0.486934548131954	none	1.0
chr9	114666434	114682192	TEX48	0.16493589981625698	0.0	4.9974237939535895	0.0	1.0	none	1.0
chr9	116567636	116586328	ENSG00000230894	1.3607370873938	-0.27029177715984604	2.7442438267914997	-0.0984940822389913	0.921539970802013	none	1.0
chr9	2541097	2541635	ENSG00000231052	0.11129947939955401	-1.7892751351796103	4.979692119247731	-0.359314409873579	0.7193598956376942	none	1.0
chr9	6734598	6735076	PRELID3BP11	0.681923670717923	-2.54498109194136	4.23247272153344	-0.6012988764211811	0.54764093780242	none	1.0
chr9	35642514	35643517	ENSG00000231393	0.9356523238771991	0.599681936829783	3.3231371237444707	0.18045657296081397	0.856794144416126	none	1.0
chr9	131490486	131490571	SNORD62B	0.11129947939955401	-1.7892751351796103	4.979692119247731	-0.359314409873579	0.7193598956376942	none	1.0
chr9	108701370	108703092	ENSG00000231678	0.341214866603475	3.21148892294668	4.83876245726729	0.663700471206924	0.506882037729919	none	1.0
chr9	3526466	3691814	RFX3-AS1	0.7470393074462379	0.711573492511364	3.5635075737065898	0.199683451709693	0.841728156746971	none	1.0
chr9	26880178	26880549	H3P31	1.61672463625074	-3.8656763133682297	2.9780464955577703	-1.29805774326711	0.19426749346658398	none	1.0
chr9	109760355	109772290	ENSG00000232939	1.42682541414767	-1.6432097327494402	3.1905895204935897	-0.5150175922646509	0.606540726747112	none	1.0
chr9	34546524	34546996	ENSG00000232983	0.15728871195386498	2.1056069144457297	4.90028454042333	0.429690744910056	0.66742061670998	none	1.0
chr9	35010703	35011285	SYF2P2	1.10958850762372	0.8900743872310201	3.2141981579722403	0.27691957480074797	0.7818418616326509	none	1.0
chr9	4803788	4804972	KLF4P1	0.980360981021978	3.1053353463663704	3.65672331538004	0.849212554120637	0.39576302885384396	none	1.0
chr9	37112548	37120446	ENSG00000233242	0.363954020320435	0.00611425515585695	4.788893064773401	0.00127675750390686	0.99898129517651	none	1.0
chr9	33166948	33182865	B4GALT1-AS1	0.16732746986682	0.0	4.9974237939537804	0.0	1.0	none	1.0
chr9	117643151	117657032	ENSG00000233569	0.858890069356568	-4.471445840405099	3.6979141380696405	-1.2091805470473302	0.226593489534817	none	1.0
chr9	34223984	34224628	ENSG00000233668	1.6576096945657801	2.1299669992095303	2.81848519408628	0.755713389475525	0.449821054505182	none	1.0
chr9	66253424	66254464	CDRT15P12	0.334800762840704	0.0	4.9974237939050905	0.0	1.0	none	1.0
chr9	113619228	113622634	ENSG00000233817	0.9856640901437179	4.1569757021097	3.5595548901235	1.16783581948513	0.242872996579746	none	1.0
chr9	129332300	129359541	LINC01503	2.05303384247037	-0.166848051274796	2.3140463418035804	-0.0721022946950808	0.942520500078249	none	1.0
chr9	137640986	137641547	SETP5	0.167473292973884	0.0	4.99742379395376	0.0	1.0	none	1.0
chr9	5040945	5041940	CSNK1G2P1	0.166949219099331	0.0	4.99742379395329	0.0	1.0	none	1.0
chr9	76398699	76399586	RPSAP9	0.42443644490862703	-1.63438424979723	4.98973740226172	-0.32754915099468107	0.743252574165927	none	1.0
chr9	62856999	62898095	LERFS	0.324762004927749	2.10562356771575	4.90028322266292	0.429694258890512	0.667418060207125	none	1.0
chr9	128663129	128684493	HMGA1P4	0.166949219099331	0.0	4.99742379395329	0.0	1.0	none	1.0
chr9	22646200	22824213	LINC01239	0.40262682446993203	-3.6849508266120803	4.83873779316487	-0.761552079101576	0.446327384978278	none	1.0
chr9	19383217	19383887	NDUFA5P3	0.6860543873571341	2.30700283637118	4.18278227288561	0.551547435621035	0.58125845845659	none	1.0
chr9	134025481	134034666	BRD3OS	0.0900139328354124	-1.6344200713383898	4.98973742211498	-0.327556328734753	0.7432471462902971	none	1.0
chr9	131485665	131485750	SNORD62A	0.18392615464960999	2.3107547223843903	4.8851281867365195	0.473018236994939	0.636200168218885	none	1.0
chr9	477750	478423	RPL12P25	0.18392615464960999	2.3107547223843903	4.8851281867365195	0.473018236994939	0.636200168218885	none	1.0
chr9	35909490	35937153	SPAAR	0.166949219099331	0.0	4.99742379395329	0.0	1.0	none	1.0
chr9	72257336	72257783	ENSG00000235523	1.4928546262461	0.0	3.3078822687401597	0.0	1.0	none	1.0
chr9	35507564	35507873	RPL36AP33	1.99342312025036	4.15988867961501	2.61086090549226	1.59330153163816	0.111092563261166	none	1.0
chr9	121280768	121285530	GSN-AS1	0.166949219099331	0.0	4.99742379395329	0.0	1.0	none	1.0
chr9	107534390	107535162	ENSG00000236005	0.49921258878240704	0.0	4.79150835791788	0.0	1.0	none	1.0
chr9	72007881	72008136	HSPB1P1	0.0900139328354124	-1.6344200713383898	4.98973742211498	-0.327556328734753	0.7432471462902971	none	1.0
chr9	2421597	2622457	VLDLR-AS1	0.18002786567082502	-2.53963582119081	4.90339770659844	-0.5179338844518471	0.604504399525097	none	1.0
chr9	5110913	5112849	TCF3P1	0.49921258878240704	0.0	4.79150835791788	0.0	1.0	none	1.0
chr9	19026892	19028129	ENSG00000236680	0.31457742390772997	3.1004091520834907	4.84306203398356	0.640175395303231	0.5220585769973489	none	1.0
chr9	32836575	32869595	ENSG00000236796	0.666540058649227	0.0	4.34970413254167	0.0	1.0	none	1.0
chr9	72871130	72874135	LINC01474	0.0900139328354124	-1.6344200713383898	4.98973742211498	-0.327556328734753	0.7432471462902971	none	1.0
chr9	20532552	20533339	ENSG00000237088	0.16493589981625698	0.0	4.9974237939535895	0.0	1.0	none	1.0
chr9	109300186	109301172	MTND2P11	0.8161815827407	3.10373122429514	3.9365994331922205	0.7884295257793871	0.430445505955463	none	1.0
chr9	123491884	123493156	ENSG00000237336	0.48917383086945204	2.1063467784696104	4.75287369366659	0.44317331244809	0.657640380700662	none	1.0
chr9	3630947	3648390	ENSG00000237359	0.34735533553764497	-2.53962245625672	4.90339732906234	-0.517931198682273	0.6045062734758321	none	1.0
chr9	121884636	121963719	ENSG00000237548	0.833867528516047	0.0	4.05108248718754	0.0	1.0	none	1.0
chr9	38643042	38643768	YWHABP1	0.15728871195386498	2.1056069144457297	4.90028454042333	0.429690744910056	0.66742061670998	none	1.0
chr9	5100236	5101009	MTCO3P11	1.0880608596327401	-1.64095373631591	3.44660882203807	-0.47610675334648705	0.633998325985053	none	1.0
chr9	136546212	136549893	NALT1	1.9821247354353202	0.142780295099075	2.14683818169198	0.0665072460126206	0.946973989000487	none	1.0
chr9	33952769	33952850	SNORD121A	0.923172451126392	2.35648390330502	3.40836443286353	0.6913826117253609	0.489325128441827	none	1.0
chr9	122519141	122520082	OR1J4	0.11129947939955401	-1.7892751351796103	4.979692119247731	-0.359314409873579	0.7193598956376942	none	1.0
chr9	125241663	125257071	ENSG00000239705	0.16493589981625698	0.0	4.9974237939535895	0.0	1.0	none	1.0
chr9	26895678	26895970	RN7SL100P	0.166949219099331	0.0	4.99742379395329	0.0	1.0	none	1.0
chr9	131725168	131725467	RN7SL328P	0.51820284361576	2.30974031322011	4.65363045842802	0.49633083972901704	0.619661011197906	none	1.0
chr9	35049271	35049563	RN7SL338P	0.16732746986682	0.0	4.9974237939537804	0.0	1.0	none	1.0
chr9	104270228	104286955	TOPORSLP	0.11129947939955401	-1.7892751351796103	4.979692119247731	-0.359314409873579	0.7193598956376942	none	1.0
chr9	112242550	112242839	RN7SL57P	1.17442640466949	-2.55355735502957	3.5788402870170404	-0.713515315084919	0.47552693960790904	none	1.0
chr9	121203159	121203435	RN7SL181P	0.0900139328354124	-1.6344200713383898	4.98973742211498	-0.327556328734753	0.7432471462902971	none	1.0
chr9	125512902	125513207	RN7SL30P	1.0037916100942	0.0	4.1167527639582095	0.0	1.0	none	1.0
chr9	107811616	107811914	RN7SL659P	0.167473292973884	0.0	4.99742379395376	0.0	1.0	none	1.0
chr9	34478622	34478905	RN7SKP24	0.20131341223496602	-2.68427316410427	4.89220645730956	-0.548683541368872	0.583222643079396	none	1.0
chr9	33868540	33868665	RNU4ATAC11P	0.0900139328354124	-1.6344200713383898	4.98973742211498	-0.327556328734753	0.7432471462902971	none	1.0
chr9	26796173	26796304	ENSG00000252580	0.16493589981625698	0.0	4.9974237939535895	0.0	1.0	none	1.0
chr9	37333857	37333957	RNU6-677P	0.8329260906305541	3.76087751884747	3.51000366228778	1.0714739586329	0.28395637378954	none	1.0
chr9	126408041	126408410	NRON	0.16732746986682	0.0	4.9974237939537804	0.0	1.0	none	1.0
chr9	5113549	5114804	IGHEP2	0.33226336968307696	0.0	4.99742379395357	0.0	1.0	none	1.0
chr9	26746953	26786874	ENSG00000254261	0.18392615464960999	2.3107547223843903	4.8851281867365195	0.473018236994939	0.636200168218885	none	1.0
chr9	137776539	137789235	ENSG00000255585	0.5016041588329699	0.0	4.997423793904599	0.0	1.0	none	1.0
chr9	37588413	38068687	ENSG00000255872	0.18392615464960999	2.3107547223843903	4.8851281867365195	0.473018236994939	0.636200168218885	none	1.0
chr9	136107808	136109424	LINC02846	0.516189524332687	2.30977095670531	4.65994397058087	0.49566496320284903	0.620130810661996	none	1.0
chr9	27937617	27944497	ENSG00000260412	0.15728871195386498	2.1056069144457297	4.90028454042333	0.429690744910056	0.66742061670998	none	1.0
chr9	79135374	79198314	ENSG00000260995	0.65866044312641	2.10914335054713	4.28593381209017	0.4921082412886211	0.62264282654375	none	1.0
chr9	121815674	121819452	ENSG00000261534	0.32423793105319604	2.10562363422646	4.90028321739961	0.429694272924868	0.667418049996811	none	1.0
chr9	9442060	9442380	RN7SL5P	0.5675627242861889	-3.68477787087224	4.38139463427383	-0.841005702167924	0.400344739974238	none	1.0
chr9	63819574	63819654	MIR4477B	0.16732746986682	0.0	4.9974237939537804	0.0	1.0	none	1.0
chr9	19957394	19958147	ENSG00000270712	0.16732746986682	0.0	4.9974237939537804	0.0	1.0	none	1.0
chr9	130044713	130045081	ENSG00000270755	0.594803803433986	-0.7793221609489742	4.30981714608013	-0.180824878303198	0.8565050349375799	none	1.0
chr9	127366770	127367397	ENSG00000271833	0.33465493973364	0.0	4.99742379390511	0.0	1.0	none	1.0
chr9	5351796	5352410	ENSG00000272866	0.16493589981625698	0.0	4.9974237939535895	0.0	1.0	none	1.0
chr9	134132242	134135772	WDR5-DT	0.16493589981625698	0.0	4.9974237939535895	0.0	1.0	none	1.0
chr9	134168769	134169340	ENSG00000273473	0.333898438198661	-3.4069420847914795	4.850143658430361	-0.7024414790002459	0.482403885277514	none	1.0
chr9	136728953	136729855	ENSG00000274356	0.16493589981625698	0.0	4.9974237939535895	0.0	1.0	none	1.0
chr9	137638128	137638408	ENSG00000274841	0.35139944762349395	2.31076732569861	4.885127318837941	0.473020900967692	0.636198267649692	none	1.0
chr9	123485529	123485622	MIR7150	1.07864245391411	-0.237663173220969	2.6293605065049	-0.090388203760193	0.927978730357092	none	1.0
chr9	41233755	41233835	MIR4477A	0.247302644789277	0.7061882215921171	4.89244275307729	0.144342664234126	0.8852298898498521	none	1.0
chr9	66106815	66179474	ANKRD20A3P	0.4713552107412029	-3.9163722988519	4.83076639513829	-0.810714486793102	0.417529652018375	none	1.0
chr9	41578903	41579186	RN7SL565P	0.167473292973884	0.0	4.99742379395376	0.0	1.0	none	1.0
chr9	40883634	40883763	ENSG00000276868	1.1851211530324801	2.2983669551291	3.34094199789346	0.6879397955960539	0.49149069470175805	none	1.0
chr9	35360540	35362054	ENSG00000279083	1.0845582949411399	-1.64028142044482	3.5372151740430295	-0.46372113081545596	0.642847555874553	none	1.0
chr9	34201273	34201515	ENSG00000279336	0.9769072033402478	-3.31083141010387	3.20491690128801	-1.03304750546677	0.301581667731592	none	1.0
chr9	41061290	41062917	ENSG00000279456	1.65725865243451	-3.9789103168283098	2.79527779964162	-1.4234400306611499	0.154608634963428	none	1.0
chr9	122628579	122629573	OR1B1	0.0900139328354124	-1.6344200713383898	4.98973742211498	-0.327556328734753	0.7432471462902971	none	1.0
chr9	38433696	38543880	ENSG00000283162	1.4348530080523798	-0.270799131720335	2.31189391425083	-0.117133026758318	0.906754638300595	none	1.0
chr9	131545514	131558620	PRRT1B	0.16732746986682	0.0	4.9974237939537804	0.0	1.0	none	1.0
chr9	22703516	23438700	ENSG00000284418	0.6475594775822879	-3.31539289477512	4.23413296529073	-0.7830157725213229	0.43361784998059205	none	1.0
chr9	117759455	117879988	ENSG00000284977	0.347501158644709	-2.5396224487314303	4.90339732906231	-0.5179311971475671	0.604506274546649	none	1.0
chr9	131370933	131372514	ENSG00000285287	0.167473292973884	0.0	4.99742379395376	0.0	1.0	none	1.0
chr9	7177577	7203458	ENSG00000285688	0.27623537921581104	-1.78925715197478	4.97969211922324	-0.359310798566775	0.719362596917266	none	1.0
chr9	122940539	122941260	ENSG00000286718	0.18392615464960999	2.3107547223843903	4.8851281867365195	0.473018236994939	0.636200168218885	none	1.0
chr9	35012963	35016076	ENSG00000286782	0.16732746986682	0.0	4.9974237939537804	0.0	1.0	none	1.0
chr9	35491133	35491969	ENSG00000287287	0.15728871195386498	2.1056069144457297	4.90028454042333	0.429690744910056	0.66742061670998	none	1.0
chr9	36779475	36830456	ENSG00000287514	1.20775212382243	-1.9395436564264	2.97183954083758	-0.652640773424717	0.51398789310556	none	1.0
chr9	125426169	125438509	ENSG00000287782	0.167473292973884	0.0	4.99742379395376	0.0	1.0	none	1.0
chr9	36764896	36777347	ENSG00000288571	0.11129947939955401	-1.7892751351796103	4.979692119247731	-0.359314409873579	0.7193598956376942	none	1.0
chr9	35603437	35605139	ENSG00000288586	0.598178018538218	1.80938207088255	3.96945743910194	0.455826041377562	0.6485150762584649	none	1.0
