chr6	104487095	104528158	ENSG00000287616	2.04083299973307	-4.54623301783731	2.7571606423621	-1.6488821681215102	0.0991717769799198	0.240100091635595	0.5005257920515952	17944.5	60289.5
chr6	104728094	104859919	HACE1	11.4955017805579	0.7155454957503141	1.01828547433662	0.702696359502202	0.482244996901445	0.7503854497240241	0.9760450227053924	304324.5	65488.5
chr6	10474500	10478502	LINC02522	4.4448072663234415	-0.135820834171161	1.70004325112907	-0.0798925757217983	0.9363226946714448	0.979863214762466	0.992010528674858	55945.0	6351.0
chr6	104766822	104766926	RNU6-897P	0.260208249933267	-1.5667052736628797	4.993959667965429	-0.313720049385415	0.7537336717915	none	0.9760450227053924	277192.0	92621.0
chr6	104831129	104845820	ENSG00000227535	0.510208249933267	-2.54621171908927	4.816336784868089	-0.5286614771394171	0.5970403051160339	none	0.9760450227053924	348792.5	21020.5
chr6	10492223	10629368	GCNT2	252.98971132851898	0.004799463719527611	0.292350878277045	0.0164167925467267	0.986901883039642	0.9922947895043391	0.992010528674858	28349.5	29831.5
chr6	105273218	105454062	PREP	77.6338630329058	0.23423123863285106	0.431149900289708	0.5432710026732249	0.586943226324835	0.8259851139102841	0.9760450227053924	115882.0	9934.0
chr6	10574749	10575227	ENSG00000217181	5.94152982833846	-0.115200376029465	1.4047700510431	-0.0820065717829932	0.9346414875335258	0.979863214762466	0.992010528674858	42542.0	44024.0
chr6	106271634	106271720	ENSG00000273744	0.260208249933267	-1.5667052736628797	4.993959667965429	-0.313720049385415	0.7537336717915	none	0.9760450227053924	241138.0	53314.0
chr6	106283413	106283711	RN7SL47P	0.25	-1.53758373469357	4.99602001395321	-0.307761724412493	0.7582636483208629	none	0.9760450227053924	229253.0	41429.0
chr6	106304176	106304286	RNU6-344P	0.260208249933267	-1.5667052736628797	4.993959667965429	-0.313720049385415	0.7537336717915	none	0.9760450227053924	208584.0	20760.0
chr6	10633762	10634695	GCNT2P1	1.99785872800396	-0.83781735186428	2.3118528587846603	-0.362400811401432	0.717052533240538	0.915609686513665	0.9760450227053924	60045.5	89117.5
chr6	106570771	106629498	RTN4IP1	2.0080669779372298	-0.84744447496426	2.34555402014669	-0.3612982125695229	0.7178765297678129	0.915609686513665	0.9760450227053924	87319.5	28771.5
chr6	10659498	10692860	ENSG00000285763	0.242291381714318	1.3602795770232	4.99391019017813	0.272387673230198	0.78532394984111	none	0.9760450227053924	18095.0	47167.0
chr6	106629578	106668417	QRSL1	59.7898653678316	-0.138818187461134	0.478125090485196	-0.29033863778255703	0.77155718255564	0.9333605582815421	0.9760450227053924	136182.5	17987.5
chr6	106705328	106788148	LINC02532	0.25	-1.53758373469357	4.99602001395321	-0.307761724412493	0.7582636483208629	none	0.9760450227053924	233923.0	52486.0
chr6	106969831	106975627	CD24	530.0255343187471	0.131805547561922	0.314787529546837	0.418712735385885	0.6754260871177541	0.8886243802556829	0.9760450227053924	459914.0	21.0
chr6	107028199	107051586	MTRES1	3.52191102550703	-1.45097825172367	1.86716118732544	-0.7771039059579431	0.437097469706824	0.710162776389012	0.9760450227053924	527077.5	10750.5
chr6	107065182	107115515	BEND3	0.242291381714318	1.3602795770232	4.99391019017813	0.272387673230198	0.78532394984111	none	0.9760450227053924	577533.5	24435.5
chr6	107192300	107192573	ENSG00000276620	0.260208249933267	-1.5667052736628797	4.993959667965429	-0.313720049385415	0.7537336717915	none	0.9760450227053924	679621.5	76558.5
chr6	10722915	10731129	TMEM14C	28.4510242927748	-0.426101692545329	0.66574524328978	-0.6400371566152651	0.5221484432459821	0.782470962659113	0.9760450227053924	32748.0	3676.0
chr6	10743324	10747663	TMEM14B-DT	0.232651214775525	1.33074524736846	4.99599925882453	0.26636217870087503	0.789960290363505	none	0.9760450227053924	51219.5	10905.5
chr6	10747759	10852753	TMEM14B	3.41168288487606	0.28529997703596005	1.86748945961437	0.152771934303112	0.87857813107219	0.9782655135690351	0.992010528674858	105982.0	37916.0
chr6	107509803	107511721	ENSG00000234206	2.03369246444186	-2.92801561245646	2.66649528891502	-1.09807642437195	0.272171118970005	0.510304407862738	0.9760450227053924	446772.0	309958.0
chr6	10762723	10838553	MAK	10.7744047050475	0.2884444141083221	1.03563622036234	0.278519047940794	0.780613945135226	0.934286484733749	0.9760450227053924	106364.0	37534.0
chr6	107867756	107958208	SEC63	2.98357765742154	-0.603660132726026	1.9216920444769496	-0.31412948524243395	0.7534226961720659	0.9257414096538241	0.9760450227053924	44552.0	40732.0
chr6	107957413	107959986	ENSG00000272476	0.949885192979686	3.3395356829162206	3.69441647770516	0.903941313349334	0.366026521039449	none	0.9760450227053924	52.5	4985.5
chr6	108004357	108005568	RPL3P7	1.21973360985175	1.89582672380506	3.19565368188733	0.593251620020791	0.5530127711948171	0.8107916326680991	0.9760450227053924	46210.5	51248.5
chr6	108030249	108030718	ENSG00000271734	1.42482778946953	3.92450988978973	3.14522100992483	1.24776919568	0.21211559263939295	0.429367978744302	0.9145486356010007	71731.5	44926.5
chr6	108060818	108060930	ENSG00000238490	1.44274465768848	2.20099409251643	2.98033455103417	0.7385057129753059	0.4602071968196539	0.7284139717403559	0.9760450227053924	56372.0	14536.0
chr6	108798929	108837113	ENSG00000286511	0.232651214775525	1.33074524736846	4.99599925882453	0.26636217870087503	0.789960290363505	none	0.9760450227053924	258659.0	30145.0
chr6	108848416	108974476	ARMC2	23.728150257027	-1.01377451873482	0.736882405834644	-1.37576160145464	0.168895453178736	0.36886366035474705	0.7864245453370763	352084.0	63280.0
chr6	108856400	108856737	ENSG00000218872	0.5204164998665329	-2.5722598705840896	4.890371974329112	-0.52598450262814	0.5988989746121329	none	0.9760450227053924	297206.5	8402.5
chr6	108907615	108907873	ATP5MFP2	0.994791013361903	-0.0795045563837732	3.3792255401686	-0.0235274489490887	0.981229543446844	none	0.992010528674858	348382.0	59578.0
chr6	108922976	108924103	ARMC2-AS1	1.49785872800396	-0.119029927298067	2.83350943434373	-0.0420079516430605	0.966492359219674	0.9838705067575111	0.992010528674858	364177.5	75373.5
chr6	109165831	109355063	CCDC162P	40.3560009270658	-0.906181388861433	0.5756758502793801	-1.57411742810065	0.115460304123685	0.26977391693660896	0.572629716405328	338847.0	9607.0
chr6	109305494	109305595	RNY3P11	0.232651214775525	1.33074524736846	4.99599925882453	0.26636217870087503	0.789960290363505	none	0.9760450227053924	293749.5	54704.5
chr6	109327175	109327914	RPL7P28	0.502499631647585	-0.103057904510694	4.95320114055655	-0.0208063233424667	0.983400153534088	none	0.992010528674858	271749.5	55403.5
chr6	109366514	109382467	CD164	2543.84409625963	-0.262583889181482	0.250249689553485	-1.04928757214446	0.294045784146998	0.539302824408183	0.9760450227053924	224803.5	8457.5
chr6	109382795	109383666	ENSG00000260273	0.977442228137428	1.47501847808479	3.46357709804573	0.42586564015481104	0.670205753286351	none	0.9760450227053924	216063.5	282.5
chr6	109390215	109441171	PPIL6	16.958453214770003	0.278088924366488	0.845329168583207	0.328971168512465	0.742177480427451	0.922840517218385	0.9760450227053924	183601.0	24629.0
chr6	109440724	109443919	SMPD2	0.260208249933267	-1.5667052736628797	4.993959667965429	-0.313720049385415	0.7537336717915	none	0.9760450227053924	156972.5	943.5
chr6	109444062	109465968	MICAL1	14.734498147960501	-0.195043919429843	0.90702589479395	-0.21503677077946104	0.8297386501533941	0.95909744753797	0.9779062662522144	144279.0	13637.0
chr6	109462594	109483219	ZBTB24	14.7279256956637	-0.105001198580767	0.89979848101229	-0.116694127403548	0.907102444133894	0.979863214762466	0.992010528674858	126387.5	10235.5
chr6	109690609	109878098	FIG4	137.576575667247	-0.21958004450152105	0.349259307709139	-0.62870205504841	0.529544132477628	0.787362588896028	0.9760450227053924	185059.5	93731.5
chr6	110099819	110180004	WASF1	56.79575865942571	-0.151689385758985	0.552626455905934	-0.27448809976047306	0.783709547578475	0.9363802386651909	0.9760450227053924	540617.5	39558.5
chr6	110863860	110864451	ENSG00000271607	0.25	-1.53758373469357	4.99602001395321	-0.307761724412493	0.7582636483208629	none	0.9760450227053924	9244.5	10312.5
chr6	11093834	11138733	SMIM13	15.086222287641599	-0.632741505346782	0.890789144865928	-0.710315689176943	0.4775083927686979	0.7461702273413199	0.9760450227053924	225605.5	21333.5
chr6	110958706	110967890	GTF3C6	6.44346137699157	-0.106899948852298	1.34660941459672	-0.079384525084664	0.9367267769873	0.979863214762466	0.992010528674858	89898.0	3734.0
chr6	110982015	111028263	RPF2	88.81313603284259	0.231238302342388	0.455150798161685	0.508047669643423	0.611419913024899	0.846458052960145	0.9760450227053924	131739.0	22533.0
chr6	11102489	11111725	ERVFRD-1	0.492859464708791	-0.132603487101674	4.990937600851639	-0.0265688529303685	0.97880361624644	none	0.992010528674858	234782.0	12157.0
chr6	111087503	111231194	SLC16A10	2.65556503191871	4.8209912974339	2.62149252293119	1.83902538544851	0.0659114523658386	0.174499384680781	0.3625129880121123	285948.5	72100.5
chr6	1111367	1114329	ENSG00000286324	0.242291381714318	1.3602795770232	4.99391019017813	0.272387673230198	0.78532394984111	none	0.9760450227053924	492136.0	1642.0
chr6	111227747	111259034	ENSG00000231046	0.242291381714318	1.3602795770232	4.99391019017813	0.272387673230198	0.78532394984111	none	0.9760450227053924	369990.5	16200.5
chr6	111259327	111445354	MFSD4B	155.784665658106	-0.721885483215256	0.34721635806746	-2.07906530450677	0.03761134853294	0.109764053643752	0.2305323784703319	478940.5	92749.5
chr6	111297126	111298510	ENSG00000271789	1.72937377679054	0.34433167666298503	2.67880400852887	0.12853933156986802	0.8977221742783871	0.979863214762466	0.992010528674858	424418.0	38227.0
chr6	111299028	111483715	REV3L	172.627317486213	0.129854419734035	0.376770689330675	0.344651066049534	0.730356710101201	0.9210991581683029	0.9760450227053924	481436.5	90557.5
chr6	111309203	111313517	ENSG00000272356	0.260208249933267	-1.5667052736628797	4.993959667965429	-0.313720049385415	0.7537336717915	none	0.9760450227053924	437960.0	51769.0
chr6	111353702	111354183	FCF1P5	0.7627078815808509	-1.1100249720593602	4.14534510308312	-0.267776251302642	0.7888715520684759	none	0.9760450227053924	480542.5	94351.5
chr6	111360641	111361607	REV3L-IT1	9.17940760607884	-0.47478731495675	1.19283294762858	-0.39803336745573104	0.69060558981557	0.896447467556014	0.9760450227053924	487724.0	101533.0
chr6	111430260	111431781	BRD7P4	0.492859464708791	-0.132603487101674	4.990937600851639	-0.0265688529303685	0.97880361624644	none	0.992010528674858	441787.5	50908.5
chr6	111494991	111495713	ENSG00000220506	0.25	-1.53758373469357	4.99602001395321	-0.307761724412493	0.7582636483208629	none	0.9760450227053924	377456.0	13423.0
chr6	111505307	111511071	ENSG00000286616	0.958161894259841	1.43862039155792	3.78453208535271	0.380131640877302	0.7038476995514309	none	0.9760450227053924	364619.0	26260.0
chr6	11173452	11259099	ENSG00000247925	0.98515084642311	-0.103335408787915	3.15899987451087	-0.0327114317482887	0.973904707554	none	0.992010528674858	125613.5	96.5
chr6	112988311	113084454	ENSG00000288560	1.4331044907496795	2.19022662128731	3.02240593368472	0.72466328790492	0.468658622550017	0.740199026173418	0.9760450227053924	155631.5	116462.5
chr6	113531118	113543793	ENSG00000236347	2.51770714487602	-1.30758018944675	2.25548512322252	-0.579733457775393	0.562094377074178	0.8160794103594742	0.9760450227053924	656704.5	6015.5
chr6	116033901	116046753	ENSG00000287933	1.51520751322844	-1.0936947449503	2.83474700372896	-0.385817409282594	0.699631900966188	0.9065652801252009	0.9760450227053924	296275.0	15441.0
chr6	116249964	116254075	TSPYL4	94.8487049110103	-0.0501096451730452	0.42906421047586	-0.116788219454311	0.9070278793773828	0.979863214762466	0.992010528674858	507967.5	1228.5
chr6	116681187	116741867	KPNA5	26.7223112925064	0.0516667027554208	0.836259909869245	0.0617830678544655	0.950735587619693	0.979863214762466	0.992010528674858	390909.0	28491.0
chr6	116877212	116932161	RFX6	0.959525359918479	3.35287604447349	3.70679300912067	0.9045220588858448	0.36571864295971296	none	0.9760450227053924	197749.5	27712.5
chr6	11712054	11807046	ADTRP	0.232651214775525	1.33074524736846	4.99599925882453	0.26636217870087503	0.789960290363505	none	0.9760450227053924	417661.0	222405.0
chr6	11722547	11731923	ENSG00000287593	0.492291381714318	-0.0739175168831817	4.99243987697868	-0.0148058902469778	0.9881870403596872	none	0.992010528674858	385346.0	190090.0
chr6	118894152	118909171	ASF1A	17.7015224028217	-0.0966434557360778	0.82775197859965	-0.116754122291045	0.9070549001273	0.979863214762466	0.992010528674858	1699201.5	5305.5
chr6	118934770	119182745	ENSG00000253194	1.4703016928462198	0.8749282004705091	2.8381556478454604	0.308273508936939	0.7578742219170072	0.928112191898365	0.9760450227053924	1856297.5	123439.5
chr6	119269133	119269714	ENSG00000216316	0.474942596489843	2.33951061666246	4.89226991458057	0.478205548244578	0.6325039139656229	none	0.9760450227053924	2066963.5	81300.5
chr6	119349909	119608236	ENSG00000287100	0.474942596489843	2.33951061666246	4.89226991458057	0.478205548244578	0.6325039139656229	none	0.9760450227053924	2276612.5	78682.5
chr6	12007670	12008856	ENSG00000229896	0.232651214775525	1.33074524736846	4.99599925882453	0.26636217870087503	0.789960290363505	none	0.9760450227053924	315729.0	177.0
chr6	12008762	12164999	HIVEP1	45.758113142456395	0.0455954370624437	0.591021668215345	0.07714681121611701	0.9385067539695408	0.979863214762466	0.992010528674858	237111.5	42187.5
chr6	12290361	12297194	EDN1	4.73200446841998	-0.584162648678268	1.59450741089079	-0.36635931867630495	0.714096971684611	0.915609686513665	0.9760450227053924	30214.5	6013.5
chr6	12319453	12319592	SUMO2P12	0.260208249933267	-1.5667052736628797	4.993959667965429	-0.313720049385415	0.7537336717915	none	0.9760450227053924	4469.5	24511.5
chr6	123519697	123557670	ENSG00000285691	0.260208249933267	-1.5667052736628797	4.993959667965429	-0.313720049385415	0.7537336717915	none	0.9760450227053924	4056494.5	32256.5
chr6	123589711	123685323	ENSG00000285941	1.01270788158085	-1.68155448861568	3.42142082662898	-0.491478416080276	0.6230881142613189	none	0.9760450227053924	3957661.0	66577.0
chr6	12406486	12406781	RN7SKP293	0.5204164998665329	-2.5722598705840896	4.890371974329112	-0.52598450262814	0.5988989746121329	none	0.9760450227053924	82641.5	40406.5
chr6	125219962	125302078	HDDC2	30.2369072120328	0.6054504763911059	0.646328404595405	0.9367536256898872	0.348885304736007	0.6056122270889189	0.9760450227053924	2334158.0	14838.0
chr6	125577545	125749190	ENSG00000237742	0.25	-1.53758373469357	4.99602001395321	-0.307761724412493	0.7582636483208629	none	0.9760450227053924	1931810.5	85722.5
chr6	125747664	125761269	HEY2	2.42482778946953	0.505038818702675	2.27938895739352	0.221567634196222	0.824650480411489	0.95909744753797	0.9779062662522144	1840711.5	4428.5
chr6	126304223	127213609	ENSG00000286215	0.7172339782041609	2.93337833999511	4.1640949118052415	0.7044456003341709	0.4811553165424679	none	0.9760450227053924	836262.0	431894.0
chr6	127266726	127288567	RNF146	9.18438929304725	-0.98550799153431	1.12855466153203	-0.8732479029384961	0.38252796988736704	0.6474060053672479	0.9760450227053924	317531.5	64959.5
chr6	127317883	127317973	RNA5SP217	0.25	-1.53758373469357	4.99602001395321	-0.307761724412493	0.7582636483208629	none	0.9760450227053924	277250.0	24678.0
chr6	127355756	127356789	YWHAZP4	0.242291381714318	1.3602795770232	4.99391019017813	0.272387673230198	0.78532394984111	none	0.9760450227053924	238905.5	12734.5
chr6	127362513	127363403	RPL5P18	0.260208249933267	-1.5667052736628797	4.993959667965429	-0.313720049385415	0.7537336717915	none	0.9760450227053924	232220.0	19420.0
chr6	127416535	127416952	ENSG00000220522	0.242291381714318	1.3602795770232	4.99391019017813	0.272387673230198	0.78532394984111	none	0.9760450227053924	178434.5	73205.5
chr6	129576132	129710177	ARHGAP18	51.95507651879622	0.0454427876804187	0.5134811305218441	0.0884994306104994	0.929479736871721	0.979863214762466	0.992010528674858	13274.5	798.5
chr6	130144315	130365425	SAMD3	0.46530242955105	2.31268586824432	4.89426541541551	0.472529720386645	0.636548733137038	none	0.9760450227053924	598441.0	5926.0
chr6	130839347	131063322	EPB41L2	347.636348617428	-0.255964378398512	0.30318526845992605	-0.844250710790534	0.398529322634925	0.6621164367027189	0.9760450227053924	1294905.5	110385.5
chr6	1312098	1314758	FOXQ1	0.492291381714318	-0.0739175168831817	4.99243987697868	-0.0148058902469778	0.9881870403596872	none	0.992010528674858	291556.0	68325.0
chr6	132769370	132813339	SLC18B1	1.94524428933606	1.46135669324081	2.53044776085176	0.577509133304104	0.563595570590854	0.8160926411405408	0.9760450227053924	123161.5	21683.5
chr6	132814569	132817564	RPS12	2.41632378851968	0.456108050828945	2.32148844900935	0.196472246512181	0.844240553388942	0.965144851272178	0.9856495134145228	98449.5	634.5
chr6	132868218	132868859	HMGB1P13	1.54083299973307	-4.13992346392361	3.06944570646379	-1.34875279116537	0.17741638276506394	0.37783506974948294	0.8094692593524501	45977.5	51492.5
chr6	133150568	133150816	MTCYBP4	0.25	-1.53758373469357	4.99602001395321	-0.307761724412493	0.7582636483208629	none	0.9760450227053924	51186.0	27086.0
chr6	133821147	133872922	LINC01312	0.977442228137428	1.47501847808479	3.46357709804573	0.42586564015481104	0.670205753286351	none	0.9760450227053924	63792.5	9048.5
chr6	133952170	133990432	TBPL1	1.4151876225307398	3.9155443503373	3.1629572135908504	1.2379378176576898	0.21573911844457	0.429367978744302	0.9163572456705004	19371.0	133315.0
chr6	135497422	135813990	LINC00271	2.99071819271275	-1.10339490726981	1.91450949890222	-0.576332949981443	0.5643901553539878	0.8160926411405408	0.9760450227053924	472743.0	115354.0
chr6	13574227	13615158	SIRT5	41.294955198702	-0.398307101944644	0.559091454040685	-0.712418512331006	0.476205655318697	0.7461702273413199	0.9760450227053924	20976.5	20326.5
chr6	135854053	135880942	ENSG00000286313	0.9479536443265748	1.4631979229111	3.79980330051129	0.385072017468434	0.7001840592875891	none	0.9760450227053924	684534.5	96437.5
chr6	13615335	13632739	NOL7	1.27041649986653	-3.86289396345808	3.2968328853054203	-1.17169844449068	0.24131814777317495	0.46041036408418107	0.9760450227053924	50321.0	9018.0
chr6	13621498	13711835	RANBP9	11.9370375610035	-0.34716564653997195	1.0291977592474302	-0.33731675319020005	0.7358781317975029	0.9210991581683029	0.9760450227053924	92950.5	44317.5
chr6	136475862	136476150	NDUFS5P1	0.969165526857272	3.36654659289451	4.05068716602224	0.831105058206813	0.40591428250791706	none	0.9760450227053924	1293043.0	50216.0
chr6	136545192	136545492	RN7SKP299	0.742291381714318	-1.05948098413331	4.18832927274872	-0.25296028920811	0.8002988999837659	none	0.9779062662522144	1323499.0	5959.0
chr6	136550661	136552554	ENSG00000272189	0.242291381714318	1.3602795770232	4.99391019017813	0.272387673230198	0.78532394984111	none	0.9760450227053924	1317233.5	306.5
chr6	136557046	136792477	MAP3K5	7.848440749589042	0.440237451162676	1.2110219243766598	0.3635255830643	0.716212305656927	0.915609686513665	0.9760450227053924	1194079.5	115582.5
chr6	136629066	136648198	MAP3K5-AS1	0.510208249933267	-2.54621171908927	4.816336784868089	-0.5286614771394171	0.5970403051160339	none	0.9760450227053924	1230209.0	87331.0
chr6	13671720	13678908	ENSG00000286316	1.48515084642311	-1.09118528360663	2.67661500133501	-0.407673603810178	0.6835133190641	0.8919606433176899	0.9760450227053924	101598.0	35670.0
chr6	137657998	137763984	ENSG00000230533	0.25	-1.53758373469357	4.99602001395321	-0.307761724412493	0.7582636483208629	none	0.9760450227053924	157850.0	49534.0
chr6	137693068	137700415	ENSG00000283265	0.242291381714318	1.3602795770232	4.99391019017813	0.272387673230198	0.78532394984111	none	0.9760450227053924	172099.5	35284.5
chr6	137823673	137868233	WAKMAR2	0.242291381714318	1.3602795770232	4.99391019017813	0.272387673230198	0.78532394984111	none	0.9760450227053924	22888.0	28173.0
chr6	13786557	13814568	MCUR1	26.8148706547155	-0.705639408954934	0.688106782755505	-1.02547951370167	0.30513698692576097	0.5542660472819929	0.9760450227053924	226846.5	14103.5
chr6	137867214	137883312	TNFAIP3	1.48515084642311	-1.09118528360663	2.67661500133501	-0.407673603810178	0.6835133190641	0.8919606433176899	0.9760450227053924	6422.0	1137.0
chr6	138088505	138107419	PERP	624.861200030989	0.445216164587149	0.24585011443410296	1.81092518753528	0.0701524330693044	0.185061615552	0.3833808125698291	9006.0	7523.0
chr6	1389576	1395603	FOXF2	0.474942596489843	2.33951061666246	4.89226991458057	0.478205548244578	0.6325039139656229	none	0.9760450227053924	212394.5	10836.5
chr6	140575812	140898448	ENSG00000234147	0.7326512147755251	-1.0862576797686	4.20942514456941	-0.25805368725228	0.796365473493625	none	0.9775129846316598	92794.0	825718.0
chr6	14117256	14136918	CD83	54.485875839285406	-0.461565790448221	0.517678448269577	-0.8916071201941651	0.372603552398367	0.6377586385237171	0.9760450227053924	553371.0	8936.0
chr6	141447011	141451006	ENSG00000259828	0.232651214775525	1.33074524736846	4.99599925882453	0.26636217870087503	0.789960290363505	none	0.9760450227053924	117391.5	113839.5
chr6	141635650	141636503	RPS3AP23	0.242291381714318	1.3602795770232	4.99391019017813	0.272387673230198	0.78532394984111	none	0.9760450227053924	69676.5	73228.5
chr6	142788123	142794086	ENSG00000237851	2.3939933163268	4.67219350999978	2.62255596405958	1.78154196670315	0.0748239553828101	0.19322958302367801	0.4012434607403192	155199.5	29309.5
chr6	14280127	14285454	LINC01108	0.9749425964898428	-0.0795333131997955	3.4045039174135097	-0.0233612047831683	0.9813621506521172	none	0.992010528674858	709074.5	71852.5
chr6	142946406	142957945	ENSG00000232618	0.242291381714318	1.3602795770232	4.99391019017813	0.272387673230198	0.78532394984111	none	0.9760450227053924	5871.5	66443.5
chr6	142966293	143059682	LINC01277	0.9402450260408928	3.3260720514311304	3.73434493224019	0.8906708169124201	0.37310579524058	none	0.9760450227053924	47384.5	127255.5
chr6	143039425	143042324	ENSG00000227192	0.492291381714318	-0.0739175168831817	4.99243987697868	-0.0148058902469778	0.9881870403596872	none	0.992010528674858	19497.5	155142.5
chr6	143094034	143099645	ENSG00000225752	0.46530242955105	2.31268586824432	4.89426541541551	0.472529720386645	0.636548733137038	none	0.9760450227053924	36467.5	211107.5
chr6	143858062	143858689	ENSG00000270890	0.7172339782041609	2.93337833999511	4.1640949118052415	0.7044456003341709	0.4811553165424679	none	0.9760450227053924	427438.5	113197.5
chr6	144094884	144095573	SF3B5	6.120640161800059	-0.209841096924906	1.3909829574903998	-0.150858136539285	0.8800876246591299	0.9784659996210259	0.992010528674858	190585.5	847.5
chr6	144150517	144191939	STX11	0.957593811265368	1.4806872604868	3.4882605678643595	0.4244772521088739	0.6712177917698	none	0.9760450227053924	114586.0	20799.0
chr6	144311699	144333301	ENSG00000225311	0.484582763428636	2.36593338093092	4.89033948281319	0.483797370151062	0.6285296816529301	none	0.9760450227053924	36686.0	172071.0
chr6	145793502	145814795	FBXO30	19.946930681998197	1.85012172806981	0.8166897125025241	2.26539124926726	0.0234886808571796	0.0735645494080179	0.15622704011984573	9474.5	159329.5
chr6	145799409	145887430	FBXO30-DT	5.403196460252969	0.4215454315381421	1.4493908067258603	0.29084318017057204	0.7711712591358051	0.9333605582815421	0.9760450227053924	29796.5	120058.5
chr6	145864245	145964423	SHPRH	9.65582715188241	-0.488925120409535	1.11502396634769	-0.43848844075615	0.661032247703225	0.8813763302709671	0.9760450227053924	100711.0	49144.0
chr6	146543833	146554953	RAB32	5.40012874561092	0.16839734159214098	1.4385108610189	0.11706365669902802	0.906809609422354	0.979863214762466	0.992010528674858	735770.0	3835.0
chr6	148272304	148552044	SASH1	94.7770466564073	0.496702326720307	0.408723022281055	1.21525409542199	0.22426919408221	0.440165671585351	0.9295795580798848	901077.0	70174.0
chr6	148478693	148480763	CYP51A1P3	0.232651214775525	1.33074524736846	4.99599925882453	0.26636217870087503	0.789960290363505	none	0.9760450227053924	968631.0	137728.0
chr6	149304107	149304428	FABP12P1	0.260208249933267	-1.5667052736628797	4.993959667965429	-0.313720049385415	0.7537336717915	none	0.9760450227053924	541876.5	12659.5
chr6	149566294	149591748	GINM1	0.977442228137428	1.47501847808479	3.46357709804573	0.42586564015481104	0.670205753286351	none	0.9760450227053924	267123.0	11957.0
chr6	149576089	149590864	ENSG00000281021	2.4728013244938	-0.10326570183916	2.0705044933377503	-0.049874657201391004	0.9602222727865508	0.981560545515141	0.992010528674858	262667.5	16412.5
chr6	149592687	149601878	RPS18P9	2.22086977584069	-0.44162032333534496	2.20040563674355	-0.20069950556430705	0.8409335463520509	0.965144851272178	0.9843396763575166	248861.5	30218.5
chr6	149594873	149648972	KATNA1	14.0969986205693	-0.470748971926871	0.932276203143239	-0.5049458200688879	0.613596890517664	0.8472932672063801	0.9760450227053924	224221.5	25270.5
chr6	149631437	149631549	ENSG00000207292	0.502499631647585	-0.103057904510694	4.95320114055655	-0.0208063233424667	0.983400153534088	none	0.992010528674858	214651.0	15700.0
chr6	149658153	149718105	LATS1	105.991463415713	-0.0918184894473587	0.3914745136373	-0.234545254540959	0.814561704742109	0.954913623336595	0.9779062662522144	158015.0	28454.0
chr6	149749443	149811420	PCMT1	9.369425332450039	-0.10834057551632	1.10704852116081	-0.0978643423891832	0.9220400146794352	0.979863214762466	0.992010528674858	65712.5	29207.5
chr6	149796151	149799150	ENSG00000231760	0.242291381714318	1.3602795770232	4.99391019017813	0.272387673230198	0.78532394984111	none	0.9760450227053924	48493.5	33975.5
chr6	149818757	149864359	LRP11	4.96601914885414	-0.112762374085399	1.54601344399286	-0.0729375119754258	0.9418558431851808	0.979863214762466	0.992010528674858	4586.0	9932.0
chr6	149852462	149853192	ENSG00000273132	0.474942596489843	2.33951061666246	4.89226991458057	0.478205548244578	0.6325039139656229	none	0.9760450227053924	3041.0	843.0
chr6	149879962	149881572	CCT7P1	0.994791013361903	-0.0795045563837732	3.3792255401686	-0.0235274489490887	0.981229543446844	none	0.992010528674858	24899.0	14579.0
chr6	149916878	149923121	RAET1G	0.7075938112653679	2.91554324497006	4.18592798856545	0.696510607190174	0.4861091168165179	none	0.9760450227053924	18286.5	4090.5
chr6	150143044	150250392	PPP1R14C	2.91054671888711	0.8904850338103579	1.93878169646222	0.459301341370854	0.64601778465016	0.877983057499923	0.9760450227053924	128320.0	28644.0
chr6	150164584	150164686	ENSG00000238594	1.89783883730626	2.69916187679439	2.72141090979721	0.9918244492506728	0.32128316879247804	0.571170077853294	0.9760450227053924	96237.0	3439.0
chr6	150368892	150405969	IYD	2.1324216007349	4.50649867631145	2.7114656494324	1.6620157726338205	0.0965096120230969	0.23835931023154103	0.4958398030887254	319032.5	31200.5
chr6	150599883	150843665	PLEKHG1	47.477491606457214	-0.584765576558546	0.533657025663395	-1.0957704076539	0.273179261817824	0.510304407862738	0.9760450227053924	324064.0	80173.0
chr6	150600834	150605850	ENSG00000232891	1.4697336098517502	0.9090569464841608	2.6869338309059305	0.33832502163913103	0.7351182697765641	0.9210991581683029	0.9760450227053924	442496.0	2772.0
chr6	150624677	150626086	ENSG00000224029	0.502499631647585	-0.103057904510694	4.95320114055655	-0.0208063233424667	0.983400153534088	none	0.992010528674858	420456.5	16219.5
chr6	150827663	150828384	PDCL3P5	0.492291381714318	-0.0739175168831817	4.99243987697868	-0.0148058902469778	0.9881870403596872	none	0.992010528674858	217814.5	15006.5
chr6	150865679	151101887	MTHFD1L	186.838980519603	-0.5324075626348089	0.321075209017596	-1.6582020276926202	0.0972766956609636	0.23945032778083303	0.4968059814113498	62055.0	2382.0
chr6	150934968	150935566	ARL4AP5	1.23571892941758	-0.7196146380152959	3.07198621827775	-0.234250607549514	0.814790428607855	0.954913623336595	0.9779062662522144	110571.0	3795.0
chr6	151088103	151228447	ENSG00000223598	0.232651214775525	1.33074524736846	4.99599925882453	0.26636217870087503	0.789960290363505	none	0.9760450227053924	51099.0	86846.0
chr6	151364115	151391559	ZBTB2	153.952861558703	0.139603225952329	0.335501588059972	0.416103025799611	0.677334615928584	0.8886243802556829	0.9760450227053924	20709.0	2917.0
chr6	151378000	151378099	ENSG00000252615	0.242291381714318	1.3602795770232	4.99391019017813	0.272387673230198	0.78532394984111	none	0.9760450227053924	20921.5	3129.5
chr6	151398898	151452158	RMND1	42.5071256127761	0.541348943664802	0.5574784044948621	0.971067110940961	0.331514860311352	0.5828262136615121	0.9760450227053924	25518.0	31754.0
chr6	151411259	151413945	HSPA8P15	3.16497789918781	1.61859379375977	2.0569211548349497	0.7869012334066071	0.43133968544845	0.7039157616187571	0.9760450227053924	38444.0	18828.0
chr6	151452258	151470101	ARMT1	7.73186745633103	1.73914445239775	1.2636794139547098	1.37625447814732	0.168742861037244	0.36886366035474705	0.7864245453370763	7803.5	33700.5
chr6	15243923	15245000	JARID2-DT	0.492859464708791	-0.132603487101674	4.990937600851639	-0.0265688529303685	0.97880361624644	none	0.992010528674858	2846.5	3796.5
chr6	15246069	15522042	JARID2	14.4677350220572	0.446000935633053	0.9109443271880708	0.489602846542535	0.624414961787135	0.8590082464959471	0.9760450227053924	136747.5	135797.5
chr6	152970519	152983579	FBXO5	122.722418127205	-0.111655197808618	0.4229256137772	-0.264006705130513	0.791774752058631	0.9425927840897741	0.9760450227053924	218379.0	3405.0
chr6	152983331	152991322	ENSG00000227627	2.770774859518081	-0.917018724011623	2.07277533815102	-0.442411054943192	0.658191780756832	0.879181761591703	0.9760450227053924	228656.5	2214.5
chr6	152987362	153002709	MTRF1L	6.83380131935508	0.518306313346455	1.28906278761358	0.40207995943005	0.687625181093027	0.8947408238755721	0.9760450227053924	236365.5	7224.5
chr6	154010496	154246867	OPRM1	0.484582763428636	2.36593338093092	4.89033948281319	0.483797370151062	0.6285296816529301	none	0.9760450227053924	272725.5	118166.5
chr6	154387515	154510685	CNKSR3	11.0235541874561	-0.920328725964303	1.08501993870487	-0.8482136531636941	0.39631899494269496	0.66143034076604	0.9760450227053924	593144.0	202252.0
chr6	154477982	154479593	ENSG00000286553	0.7351508464231099	0.8797428629448659	3.8796185250413706	0.22676014594385505	0.820610255365937	none	0.9779062662522144	622831.5	231939.5
chr6	154510791	154522307	ENSG00000287260	0.753067714642058	-1.13668650154998	4.1655931934526	-0.27287506214879603	0.7849492568081209	none	0.9760450227053924	660593.0	216351.0
chr6	154825176	154825279	RNU6-824P	0.242291381714318	1.3602795770232	4.99391019017813	0.272387673230198	0.78532394984111	none	0.9760450227053924	969271.5	92327.5
chr6	157107727	157119706	ENSG00000233044	0.242291381714318	1.3602795770232	4.99391019017813	0.272387673230198	0.78532394984111	none	0.9760450227053924	160150.5	33868.5
chr6	157289025	157323601	TMEM242	32.6030845870388	-0.186208157817754	0.631065296955584	-0.29506955732801193	0.7679407446370329	0.9333605582815421	0.9760450227053924	35235.0	4379.0
chr6	157299045	157300126	LDHAL6FP	0.46530242955105	2.31268586824432	4.89426541541551	0.472529720386645	0.636548733137038	none	0.9760450227053924	41962.5	11106.5
chr6	157377062	157380896	ENSG00000286482	0.232651214775525	1.33074524736846	4.99599925882453	0.26636217870087503	0.789960290363505	none	0.9760450227053924	37431.0	1735.0
chr6	157381133	157678157	ZDHHC14	6.8513774042492415	0.545517285372742	1.33737227172347	0.407902344699979	0.683345371299354	0.8919606433176899	0.9760450227053924	63723.0	146910.0
chr6	157829143	157830573	ENSG00000234361	0.7704164998665329	-3.13988967187553	4.04860536887223	-0.775548463186021	0.43801564007508703	none	0.9760450227053924	236490.0	4470.0
chr6	157872571	157875210	ENSG00000229502	0.260208249933267	-1.5667052736628797	4.993959667965429	-0.313720049385415	0.7537336717915	none	0.9760450227053924	280522.5	48502.5
chr6	158168350	158199344	GTF2H5	3.1514746349427902	0.551389855315869	1.93195831754249	0.285404633375969	0.775334158176175	0.9339540759699909	0.9760450227053924	265274.0	15199.0
chr6	158237336	158242797	SRP72P2	0.474942596489843	2.33951061666246	4.89226991458057	0.478205548244578	0.6325039139656229	none	0.9760450227053924	209054.5	71418.5
chr6	158765741	158819368	EZR	67.4218156007541	-0.632963520077746	0.485122931523419	-1.30474871202247	0.191978428481007	0.396899222927026	0.8490592352407422	20864.5	10517.5
chr6	158869848	158919105	LINC02901	0.46530242955105	2.31268586824432	4.89426541541551	0.472529720386645	0.636548733137038	none	0.9760450227053924	78822.5	780.5
chr6	159720415	159720540	RNU4ATAC18P	0.5204164998665329	-2.5722598705840896	4.890371974329112	-0.52598450262814	0.5988989746121329	none	0.9760450227053924	262735.5	6627.5
chr6	159725585	159756319	WTAP	11.365442799381599	2.1850149738995	1.10085444907074	1.98483548460373	0.0471627781337845	0.13049550641528398	0.27527662339310954	283210.0	13847.0
chr6	159762045	159779112	ACAT2	3.49764900466103	-0.10308496795667503	1.89578907330659	-0.0543757580461607	0.9566357925506328	0.979863214762466	0.992010528674858	312836.5	9043.5
chr6	159778498	159789703	TCP1	5.43098079508041	0.451177306426469	1.5681993520143205	0.287704051048701	0.773573288793126	0.9333605582815421	0.9760450227053924	326358.5	4801.5
chr6	159789812	159798436	MRPL18	26.027350245620894	-0.23700139363627	0.722545023091542	-0.328009170448945	0.742904728869355	0.922840517218385	0.9760450227053924	336382.0	3112.0
chr6	159800249	159820704	PNLDC1	1.92596395545848	1.4436319584193302	2.5937144502920297	0.5565886245715239	0.577808527633104	0.8193970642349979	0.9760450227053924	352734.5	19464.5
chr6	160003291	160007664	AIRN	1.21723397820416	0.512815251344688	3.08879887310763	0.166024164217836	0.8681379337757661	0.9701003391199949	0.992010528674858	444866.5	26425.5
chr6	1601654	1607354	FOXCUT	0.5204164998665329	-2.5722598705840896	4.890371974329112	-0.52598450262814	0.5988989746121329	none	0.9760450227053924	480.0	252.0
chr6	160742509	160767490	ENSG00000287558	0.260208249933267	-1.5667052736628797	4.993959667965429	-0.313720049385415	0.7537336717915	none	0.9760450227053924	11983.5	21906.5
chr6	160773988	160783214	ENSG00000274903	0.242291381714318	1.3602795770232	4.99391019017813	0.272387673230198	0.78532394984111	none	0.9760450227053924	9300.0	11351.0
chr6	160872888	160926204	ENSG00000224371	5.10458213098025	-4.35000973677926	2.0358895557763703	-2.13666292674723	0.0326254174313265	0.0987340417105648	0.20888569754406006	93746.0	19554.0
chr6	160905770	160913638	ENSG00000220913	0.25	-1.53758373469357	4.99602001395321	-0.307761724412493	0.7582636483208629	none	0.9760450227053924	83588.0	9396.0
chr6	160931080	160985624	ENSG00000231863	1.9928594647087905	-2.89864938389771	2.72518747727184	-1.0636513664004998	0.287486663616277	0.53297275672942	0.9760450227053924	34940.0	7794.0
chr6	1609915	1613897	FOXC1	4.540832999733071	-5.7014057499591	2.17826791266498	-2.61740335833335	0.0088601573471515	0.0310527419404929	0.06787513396299989	2420.0	7654.0
chr6	16129086	16148248	MYLIP	62.0990463066891	0.113285785250274	0.469141517562228	0.241474653189796	0.809187259137795	0.951376713618878	0.9779062662522144	8618.0	6461.0
chr6	16160926	16161411	ENSG00000218073	2.40033846895385	1.89038791565264	2.21303233731217	0.8542070912296759	0.392990254785251	0.657365517095328	0.9760450227053924	31119.5	28962.5
chr6	16238587	16295549	GMPR	21.3088138887925	-0.713497545818646	0.756778150622703	-0.942809389028417	0.34577840840182805	0.6016380817582629	0.9760450227053924	91840.0	134862.0
chr6	163338363	163346744	ENSG00000285564	0.510208249933267	-2.54621171908927	4.816336784868089	-0.5286614771394171	0.5970403051160339	none	0.9760450227053924	697350.5	75410.5
chr6	163413065	163413960	CAHM	0.7428594647087909	-1.11138914422513	3.86541431301998	-0.287521350682023	0.7737131562984009	none	0.9760450227053924	626391.5	4451.5
chr6	163414000	163578592	QKI	20.402957256369103	0.598519952177615	0.798316706973027	0.7497274539662578	0.453418869155006	0.725033737955129	0.9760450227053924	543608.0	78332.0
chr6	164791288	164827683	ENSG00000287550	2.93867183703933	0.357854651488173	1.96855630067538	0.18178532733120106	0.8557511997555509	0.9665536599952321	0.9887675958582504	50615.5	101202.5
chr6	165279664	165309605	C6orf118	34.8897720548687	-0.8181512350399971	0.6225806156398079	-1.3141289890614498	0.188802800146696	0.39143341100836204	0.8393409457298714	262379.5	14435.5
chr6	166922113	166957191	RNASET2	5.14685130762593	1.21635568415505	1.5817933605911	0.7689725563777259	0.441909602505433	0.7163997080264292	0.9760450227053924	54576.0	15548.0
chr6	166969626	166999065	ENSG00000227598	9.00471087659117	-0.9288057375211208	1.15985208810883	-0.8007967111009531	0.423249343337522	0.6922478148809239	0.9760450227053924	99269.5	13775.5
chr6	166995735	166999511	ENSG00000285730	1.2280103111318998	0.45070616593005	3.07788158935606	0.146433887349235	0.8835788773913191	0.979863214762466	0.992010528674858	87178.0	498.0
chr6	166997807	166997912	MIR3939	0.474942596489843	2.33951061666246	4.89226991458057	0.478205548244578	0.6325039139656229	none	0.9760450227053924	86941.5	261.5
chr6	166999317	167094789	CEP43	24.1844533138877	-0.165125233990395	0.713307236231751	-0.23149244197032895	0.816932256431285	0.9559016545841421	0.9779062662522144	37748.0	46877.0
chr6	167146414	167196913	TCP10L2	0.25	-1.53758373469357	4.99602001395321	-0.307761724412493	0.7582636483208629	none	0.9760450227053924	32284.5	323.5
chr6	167996241	168045091	KIF25	1.00306771464206	-1.7042478424811205	3.43308963529377	-0.496418102504711	0.6195994557219691	none	0.9760450227053924	60581.0	4320.0
chr6	168999401	169000527	ENSG00000285917	0.25	-1.53758373469357	4.99602001395321	-0.307761724412493	0.7582636483208629	none	0.9760450227053924	58072.0	222.0
chr6	169097799	169102428	ENSG00000286826	4.61479038091352	-4.19552012178475	2.1039498025050904	-1.99411607481761	0.0461393709169823	0.129120064619388	0.27114780990938914	132356.5	72388.5
chr6	169175277	169182841	LINC02544	0.502499631647585	-0.103057904510694	4.95320114055655	-0.0208063233424667	0.983400153534088	none	0.992010528674858	53411.0	3903.0
chr6	169702190	169704856	C6orf120	1.69988519297969	0.33516094266174795	2.6562105248836403	0.12618011242780902	0.899589353514376	0.979863214762466	0.992010528674858	49079.0	1493.0
chr6	169703902	169725566	PHF10	80.2262877889729	0.0428419300680018	0.433446313691452	0.0988402224560126	0.921265131936208	0.979863214762466	0.992010528674858	60290.0	8296.0
chr6	170135374	170142926	ENSG00000288162	1.73515084642311	-1.4104562845578998	2.53338419151464	-0.556747882647292	0.577699696779105	0.8193970642349979	0.9760450227053924	31858.0	5374.0
chr6	170535120	170553307	PSMB1	95.81578510865248	-0.00732707505448463	0.401758276105684	-0.018237521142084	0.985449370065212	0.9921897898331	0.992010528674858	263377.5	7338.5
chr6	170554302	170572870	TBP	138.917712407215	-0.200405676816228	0.36206065552649297	-0.553514097036604	0.579911430295523	0.820285764258614	0.9760450227053924	282750.0	8128.0
chr6	170575295	170584692	PDCD2	116.23209699295799	0.0267334853622258	0.369446125569937	0.0723609844899161	0.942314633232437	0.979863214762466	0.992010528674858	299157.5	4382.5
chr6	17393595	17557780	CAP2	8.96580942551121	-0.74557177523238	1.16195992038247	-0.6416501655125639	0.521100353099717	0.782470962659113	0.9760450227053924	226564.5	339818.5
chr6	17530899	17531652	RPL7P26	0.242291381714318	1.3602795770232	4.99391019017813	0.272387673230198	0.78532394984111	none	0.9760450227053924	170976.5	284230.5
chr6	17759183	17987635	KIF13A	35.9320612137881	-0.426158350552344	0.629736978001124	-0.676724355468266	0.498580860517313	0.766086666682135	0.9760450227053924	171157.0	57903.0
chr6	18120440	18122677	NHLRC1	23.8803443495793	-0.188218316630371	0.717819492938238	-0.262208422147942	0.7931607605648578	0.9425927840897741	0.9760450227053924	419306.5	717.5
chr6	18128311	18155077	TPMT	132.611462170911	-0.0511720322823473	0.36059524590588704	-0.14190989166757598	0.8871511809747291	0.979863214762466	0.992010528674858	439442.0	18396.0
chr6	18155329	18223854	KDM1B	70.4381552583171	-0.14123749332583602	0.535365067422705	-0.26381529524473	0.7919222480894129	0.9425927840897741	0.9760450227053924	487339.5	66293.5
chr6	18223860	18264548	DEK	18.5524511598387	-0.613909554104689	0.811901383701513	-0.756138080841585	0.44956641228719896	0.7226885665183149	0.9760450227053924	541952.0	120906.0
chr6	18366736	18368644	IMPDH1P9	0.510208249933267	-2.54621171908927	4.816336784868089	-0.5286614771394171	0.5970403051160339	none	0.9760450227053924	665438.0	20286.0
chr6	18387350	18468870	RNF144B	52.3781097717016	-0.297316647376736	0.508686366633461	-0.584479291914992	0.55889789350464	0.815317819645727	0.9760450227053924	725858.0	38516.0
chr6	19290319	19321021	ENSG00000231662	0.232651214775525	1.33074524736846	4.99599925882453	0.26636217870087503	0.789960290363505	none	0.9760450227053924	498996.0	514802.0
chr6	19837370	19842197	ID4	0.75	-3.1042256264939203	4.496007916532951	-0.69044042717961	0.489917260942175	none	0.9760450227053924	35117.5	1036556.5
chr6	20993474	20993568	RNU6-150P	0.484582763428636	2.36593338093092	4.89033948281319	0.483797370151062	0.6285296816529301	none	0.9760450227053924	98651.0	11034.0
chr6	21233168	21271132	ENSG00000287404	0.242291381714318	1.3602795770232	4.99391019017813	0.272387673230198	0.78532394984111	none	0.9760450227053924	159978.0	141205.0
chr6	21593751	21598619	SOX4	0.232651214775525	1.33074524736846	4.99599925882453	0.26636217870087503	0.789960290363505	none	0.9760450227053924	7049.0	391639.0
chr6	21602128	21602383	BOLA2P3	1.45238482462727	2.2113950023760096	2.97445719976118	0.7434616986768441	0.4572022020170949	0.7252172859581509	0.9760450227053924	13119.5	385568.5
chr6	22133205	22147193	NBAT1	0.25	-1.53758373469357	4.99602001395321	-0.307761724412493	0.7582636483208629	none	0.9760450227053924	551063.0	103477.0
chr6	2227803	2230261	ENSG00000285603	1.16325607387762	3.63390413641735	3.7677957943914	0.9644641946430972	0.334813251290592	none	0.9760450227053924	1905.0	250042.0
chr6	2353427	2386110	ENSG00000286512	0.7602082499332671	-3.1224147693101503	4.06928112478902	-0.767313604923778	0.4428950814209861	none	0.9760450227053924	138831.5	109305.5
chr6	24402908	24426194	MRS2	182.05873657004003	0.020240786702447	0.326662922840747	0.0619623020771006	0.9505928528731792	0.979863214762466	0.992010528674858	10385.0	25335.0
chr6	24424565	24495205	GPLD1	2.21509270620812	0.8830403039546271	2.3857579650074903	0.3701298777606121	0.7112857212414341	0.915609686513665	0.9760450227053924	55719.0	16555.0
chr6	24494867	24537207	ALDH5A1	28.6065541720399	-0.4060115224863621	0.6653903275902829	-0.610185489104923	0.541738941088785	0.799037796876444	0.9760450227053924	111871.0	21225.0
chr6	24649979	24666930	TDP2	176.64479892951303	0.0900906460787603	0.323236836555774	0.278714044595642	0.7804642834283281	0.934286484733749	0.9760450227053924	13626.5	9767.5
chr6	24706747	24707151	ENSG00000272402	0.242291381714318	1.3602795770232	4.99391019017813	0.272387673230198	0.78532394984111	none	0.9760450227053924	12238.0	13698.0
chr6	25061626	25452263	CMAHP	4.64048857867212	0.6711710282864369	1.54811310721798	0.433541338263428	0.6646215411789979	0.8845595918765681	0.9760450227053924	148287.5	70209.5
chr6	25383599	25383702	RNU6-987P	0.7806247497998001	-3.1576360283565004	4.42448557318064	-0.7136730307127109	0.475429386794011	none	0.9760450227053924	21581.5	13610.5
chr6	25962802	25991231	TRIM38	25.612613676269397	0.253692539650174	0.7190761433787181	0.35280344367725897	0.7242358019028791	0.9174484512917709	0.9760450227053924	39899.5	13316.5
chr6	25992641	26001775	ENSG00000272462	2.2299418597850096	-0.40898729859560495	2.19772657666382	-0.186095623968134	0.8523697735420049	0.965144851272178	0.9869544746275848	19708.0	4295.0
chr6	26021649	26022050	H4C1	0.260208249933267	-1.5667052736628797	4.993959667965429	-0.313720049385415	0.7537336717915	none	0.9760450227053924	4933.5	28936.5
chr6	26033092	26033618	H2AC4	0.25	-1.53758373469357	4.99602001395321	-0.307761724412493	0.7582636483208629	none	0.9760450227053924	57.0	23357.0
chr6	26055740	26056470	H1-2	3.0612494995996	-5.13120143951318	2.40482750026815	-2.13370873334617	0.032866630732457	0.0987340417105648	0.20888569754406006	231.0	607.0
chr6	26087281	26098343	HFE	30.9317439588972	-0.6342893048447851	0.6459910016304571	-0.98188566596727	0.326156178200823	0.577045546047609	0.9760450227053924	36938.0	10202.0
chr6	26103933	26104337	H4C3	0.492291381714318	-0.0739175168831817	4.99243987697868	-0.0148058902469778	0.9881870403596872	none	0.992010528674858	48261.0	309.0
chr6	26107412	26108135	H1-6	0.242291381714318	1.3602795770232	4.99391019017813	0.272387673230198	0.78532394984111	none	0.9760450227053924	51899.5	3329.5
chr6	26114873	26123926	H2BC4	25.9511169863024	0.357920223610866	0.7907487743412541	0.452634560083937	0.650811908510428	0.877983057499923	0.9760450227053924	63525.5	1478.5
chr6	26124145	26139116	H2AC6	132.18856031034701	0.17516618680177695	0.361422482402725	0.484657693780636	0.627919181157962	0.8622173830825749	0.9760450227053924	75756.5	6401.5
chr6	2617144	2640001	LINC02521	0.7806247497998001	-3.1576360283565004	4.42448557318064	-0.7136730307127109	0.475429386794011	none	0.9760450227053924	370529.5	121192.5
chr6	26233122	26233255	H2AC9P	0.260208249933267	-1.5667052736628797	4.993959667965429	-0.313720049385415	0.7537336717915	none	0.9760450227053924	21139.5	107959.5
chr6	26234212	26234987	H1-3	0.242291381714318	1.3602795770232	4.99391019017813	0.272387673230198	0.78532394984111	none	0.9760450227053924	19728.5	109370.5
chr6	26240393	26240793	H4C6	0.242291381714318	1.3602795770232	4.99391019017813	0.272387673230198	0.78532394984111	none	0.9760450227053924	13735.0	115364.0
chr6	26365159	26378320	BTN3A2	3.85208249933267	-5.461885343063999	2.25644423749904	-2.4205718237104503	0.0154961177279438	0.049804116365793	0.10636535208460624	117411.5	246510.5
chr6	26611903	26613109	ENSG00000271071	2.57145774953287	-4.87865798157566	2.56401279032535	-1.90274323122881	0.0570740579312193	0.15275093322682698	0.31798403704536465	4818.0	487277.0
chr6	26956932	27059749	LINC00240	1.77041649986653	-4.342269233613879	2.92033962053949	-1.48690556504922	0.137039754255816	0.310342335791633	0.6642944019858199	324793.5	222584.5
chr6	27033435	27034310	VN1R12P	0.46530242955105	2.31268586824432	4.89426541541551	0.472529720386645	0.636548733137038	none	0.9760450227053924	299261.5	197052.5
chr6	27268113	27269229	ENSG00000270935	0.46530242955105	2.31268586824432	4.89426541541551	0.472529720386645	0.636548733137038	none	0.9760450227053924	64463.0	12445.0
chr6	27285903	27312273	POM121L2	0.7075938112653679	2.91554324497006	4.18592798856545	0.696510607190174	0.4861091168165179	none	0.9760450227053924	34046.0	13534.0
chr6	27356451	27375277	ZNF204P	2.2324414914326	0.221684627021281	2.23541626661315	0.0991692823981965	0.9210038637007488	0.979863214762466	0.992010528674858	32730.0	53242.0
chr6	27450743	27473118	ZNF184	0.5	-2.51977269570326	4.89424165612543	-0.5148443564386761	0.6066617866531661	none	0.9760450227053924	128796.5	149308.5
chr6	27473194	27494436	ENSG00000286652	2.5510412496663304	-4.86816451245099	2.55216571220688	-1.90746411534596	0.0564605136374204	0.15221589024593898	0.3166217039274948	150681.0	171193.0
chr6	2765393	2786952	WRNIP1	31.7902618984376	0.0118485757382324	0.6362746742608121	0.0186217937276813	0.985142816969058	0.9921897898331	0.992010528674858	222929.5	10101.5
chr6	27824092	27824480	H4C11	7.00071671930309	-1.4096167573905	1.33280699377542	-1.05763007245145	0.290224126800039	0.5366958726754489	0.9760450227053924	15341.0	620.0
chr6	27831174	27831560	H4C12	0.5	-2.51977269570326	4.89424165612543	-0.5148443564386761	0.6066617866531661	none	0.9760450227053924	8260.0	6461.0
chr6	27890315	27893106	H3C12	1.0306247497998	-3.5592947643407595	3.6075940081938898	-0.986611785100145	0.32383299055514897	none	0.9760450227053924	20534.5	2131.5
chr6	27893425	27893891	H2BC17	8.325242183478009	-1.5218805686221102	1.24502597813471	-1.22236852511477	0.221568296274948	0.438209508636839	0.9274609912244904	22482.0	184.0
chr6	27911185	27912396	OR2B2	1.00306771464206	-1.7042478424811205	3.43308963529377	-0.496418102504711	0.6195994557219691	none	0.9760450227053924	40614.5	17948.5
chr6	27937465	27938403	OR2W6P	1.73050994277949	0.288569464690305	2.64000152503035	0.109306552270642	0.912959349777384	0.979863214762466	0.992010528674858	66758.0	44092.0
chr6	27957241	27958182	OR2B6	4.18696758805591	-0.587881251224495	1.73961267470893	-0.337938013312565	0.7354099005095022	0.9210991581683029	0.9760450227053924	86535.5	63869.5
chr6	28015122	28137313	ZSCAN16-AS1	0.977442228137428	1.47501847808479	3.46357709804573	0.42586564015481104	0.670205753286351	none	0.9760450227053924	131482.5	5018.5
chr6	28080568	28089563	ZNF165	1.49535909635638	-1.10339379084596	2.64536720988163	-0.417104206449786	0.6766021882826779	0.8886243802556829	0.9760450227053924	122634.5	3829.5
chr6	28091137	28093664	ZSCAN12P1	5.54353640261648	1.3917352152116698	1.46169154748885	0.9521401540582428	0.341025907129106	0.594775041817588	0.9760450227053924	115299.5	11164.5
chr6	28107689	28130082	ZSCAN16	4.3724989991992	-5.644526723406	2.18541876285363	-2.5828124199115097	0.00979985889444632	0.0338624232221244	0.07375683273188546	88814.5	23792.5
chr6	28141883	28159460	ZKSCAN8	15.238929328261197	-0.0971416124826319	0.885882466639874	-0.10965519257999	0.912682837182752	0.979863214762466	0.992010528674858	57028.5	7993.5
chr6	28161769	28169594	ZKSCAN8P1	3.2228013244938	-0.7708930640878509	1.8444622994964	-0.417950024946745	0.675983656256707	0.8886243802556829	0.9760450227053924	42018.5	3695.5
chr6	28170845	28172521	ENSG00000280107	0.25	-1.53758373469357	4.99602001395321	-0.307761724412493	0.7582636483208629	none	0.9760450227053924	36017.0	9697.0
chr6	28176188	28176674	ZNF603P	0.25	-1.53758373469357	4.99602001395321	-0.307761724412493	0.7582636483208629	none	0.9760450227053924	31269.0	14445.0
chr6	28217643	28218634	TOB2P1	6.674408342783671	0.0193562156179611	1.3478304564667698	0.0143610166435191	0.988541960392778	0.9925878347190792	0.992010528674858	10438.5	883.5
chr6	28224886	28233487	ZSCAN9	28.4550735849901	0.192088413078765	0.6621208975148829	0.29011078460100603	0.771731485515684	0.9333605582815421	0.9760450227053924	21486.5	3224.5
chr6	28241697	28252269	ZKSCAN4	30.8767609485636	-0.407450852499865	0.637293049027542	-0.6393461424404399	0.522597777148446	0.782470962659113	0.9760450227053924	39283.0	5046.0
chr6	28259297	28260958	NKAPL	0.994791013361903	-0.0795045563837732	3.3792255401686	-0.0235274489490887	0.981229543446844	none	0.992010528674858	52427.5	8098.5
chr6	28267058	28278224	ZSCAN26	0.977442228137428	1.47501847808479	3.46357709804573	0.42586564015481104	0.670205753286351	none	0.9760450227053924	64941.0	20612.0
chr6	28281572	28302549	PGBD1	29.032331932589397	-0.6748541592028829	0.658770677877954	-1.02441438555938	0.30563959008820696	0.5542660472819929	0.9760450227053924	59336.5	40031.5
chr6	28315613	28315883	ENSG00000273712	0.25	-1.53758373469357	4.99602001395321	-0.307761724412493	0.7582636483208629	none	0.9760450227053924	35649.0	19364.0
chr6	28319660	28319852	SMIM15P2	0.474942596489843	2.33951061666246	4.89226991458057	0.478205548244578	0.6325039139656229	none	0.9760450227053924	31641.0	15356.0
chr6	2832332	2841959	SERPINB1	224.835633024175	-0.30182883486454803	0.29820521664271993	-1.01215142465522	0.311465657630855	0.560485877790488	0.9760450227053924	161956.5	771.5
chr6	28324693	28356271	ZSCAN31	51.210899557448215	1.34133665315568	0.5306446424438069	2.5277493559123703	0.0114796272737064	0.0389355100158891	0.08490965690379389	10915.0	4720.0
chr6	28349947	28369172	ZKSCAN3	15.0380390292744	-0.154563923062374	0.8854261458529329	-0.17456444423547302	0.861421888923167	0.9691976011860558	0.992010528674858	5429.5	3201.5
chr6	28378955	28399747	ZSCAN12	50.30651741602671	0.0576618339323005	0.583375525712422	0.0988417089693358	0.9212639516497092	0.979863214762466	0.992010528674858	35221.0	10014.0
chr6	2851230	2881407	SERPINB9P1	0.474942596489843	2.33951061666246	4.89226991458057	0.478205548244578	0.6325039139656229	none	0.9760450227053924	132783.5	12160.5
chr6	28570535	28616212	ZBED9	0.25	-1.53758373469357	4.99602001395321	-0.307761724412493	0.7582636483208629	none	0.9760450227053924	239243.5	4506.5
chr6	2887270	2903309	SERPINB9	4.4552428159264	0.21680735255330605	1.6214448187426498	0.13371244586752498	0.8936299631672092	0.979863214762466	0.992010528674858	103812.5	25244.5
chr6	2916894	2917733	ENSG00000228365	0.260208249933267	-1.5667052736628797	4.993959667965429	-0.313720049385415	0.7537336717915	none	0.9760450227053924	81788.5	3220.5
chr6	2948159	2972165	SERPINB6	69.5631139246165	0.0225147064537967	0.474092765056714	0.0474900865679808	0.962122631195249	0.982139052093902	0.992010528674858	38940.0	1580.0
chr6	2987987	3019755	NQO2	51.6236785914009	-0.314766689318162	0.512048152769176	-0.6147208765736021	0.538739070409834	0.7962087466297941	0.9760450227053924	3863.0	13271.0
chr6	3023142	3023772	HTATSF1P2	1.24535909635638	-0.696238396743831	2.8626095019441897	-0.243218083455312	0.8078364588311719	0.951308213919588	0.9779062662522144	23449.0	427.0
chr6	3023472	3027426	ENSG00000288612	3.15170193461248	1.09752975012868	2.05381376713302	0.5343862075969771	0.593074359423292	0.8313626211297509	0.9760450227053924	25441.0	1565.0
chr6	3048835	3049211	SERPINB8P1	0.232651214775525	1.33074524736846	4.99599925882453	0.26636217870087503	0.789960290363505	none	0.9760450227053924	49015.0	15481.0
chr6	31366352	31366898	DHFRP2	0.260208249933267	-1.5667052736628797	4.993959667965429	-0.313720049385415	0.7537336717915	none	0.9760450227053924	9935.0	493.0
chr6	31639028	31652705	BAG6	0.25	-1.53758373469357	4.99602001395321	-0.307761724412493	0.7582636483208629	none	0.9760450227053924	265948.5	276278.5
chr6	3223324	3231730	TUBB2B	0.492291381714318	-0.0739175168831817	4.99243987697868	-0.0148058902469778	0.9881870403596872	none	0.992010528674858	565.0	70705.0
chr6	32254640	32407763	TSBP1-AS1	1.02041649986653	-3.54622078624744	3.59462368559533	-0.986534640735314	0.32387082514764504	none	0.9760450227053924	303838.5	333490.5
chr6	32628179	32647062	HLA-DQA1	1.19988519297969	1.90387504693753	3.18723238983245	0.597344283087437	0.550277544699973	none	0.9760450227053924	672.5	27071.5
chr6	32659467	32668383	HLA-DQB1	2.40033846895385	1.89038791565264	2.21303233731217	0.8542070912296759	0.392990254785251	0.657365517095328	0.9760450227053924	26977.0	767.0
chr6	33572547	33580293	BAK1	0.492291381714318	-0.0739175168831817	4.99243987697868	-0.0148058902469778	0.9881870403596872	none	0.992010528674858	488391.0	3185.0
chr6	33620365	33696574	ITPR3	5.8384422229987	0.631172072889856	1.39087552059704	0.453794795826821	0.649976529671976	0.877983057499923	0.9760450227053924	406341.5	24763.5
chr6	33771202	33789130	LEMD2	100.596659546343	-0.27568396745968	0.456661976007494	-0.603693720834676	0.5460472895824521	0.80378161026537	0.9760450227053924	284645.0	1746.0
chr6	34236873	34246231	HMGA1	2.72336940748828	-0.378926223784244	1.98948546490153	-0.190464434382284	0.848945210271949	0.965144851272178	0.9856495134145228	45603.0	3296.0
chr6	34246381	34249108	SMIM29	0.25	-1.53758373469357	4.99602001395321	-0.307761724412493	0.7582636483208629	none	0.9760450227053924	51795.5	2896.5
chr6	34279679	34392669	NUDT3	1.52041649986653	-4.12240594575167	3.08274131248088	-1.33725328462092	0.181139974120828	0.37783506974948294	0.8094692593524501	55872.0	91326.0
chr6	34417454	34426069	RPS10	0.9402450260408928	3.3260720514311304	3.73434493224019	0.8906708169124201	0.37310579524058	none	0.9760450227053924	3241.5	176913.5
chr6	34757505	34773857	SNRPC	2.33166599946613	-4.7366219285856905	2.72042050188948	-1.74113594765804	0.0816597515137117	0.20512483656686603	0.4272199195046624	340678.0	68371.0
chr6	34792083	34877514	UHRF1BP1	0.977442228137428	1.47501847808479	3.46357709804573	0.42586564015481104	0.670205753286351	none	0.9760450227053924	380852.5	52713.5
chr6	34877462	34889192	TAF11	2.72336940748828	-0.378926223784244	1.98948546490153	-0.190464434382284	0.848945210271949	0.965144851272178	0.9856495134145228	332324.0	4185.0
chr6	35023522	35023831	HSPE1P11	1.98821856106517	-0.8525340324034659	2.3154497769161497	-0.368193705129256	0.712728803743693	0.915609686513665	0.9760450227053924	191974.5	20866.5
chr6	35041116	35058015	ENSG00000286550	0.260208249933267	-1.5667052736628797	4.993959667965429	-0.313720049385415	0.7537336717915	none	0.9760450227053924	166085.5	5022.5
chr6	35070871	35071049	ENSG00000273870	1.02291613151412	-1.69723831102732	3.695984723407951	-0.459211397784768	0.6460823664795939	none	0.9760450227053924	144691.0	26417.0
chr6	35213956	35253079	SCUBE3	7.095014675295429	-0.184880700850763	1.34794585533669	-0.137157364384331	0.8909064106332941	0.979863214762466	0.992010528674858	17866.5	51204.5
chr6	35443044	35449847	MKRN6P	0.25	-1.53758373469357	4.99602001395321	-0.307761724412493	0.7582636483208629	none	0.9760450227053924	110527.5	6568.5
chr6	35452338	35467102	FANCE	1.24535909635638	-0.696238396743831	2.8626095019441897	-0.243218083455312	0.8078364588311719	0.951308213919588	0.9779062662522144	123802.0	6706.0
chr6	35468401	35470785	RPL10A	14.1920919592258	0.196767805584767	0.912617826279081	0.215608110995407	0.8292932328449101	0.95909744753797	0.9779062662522144	133675.0	401.0
chr6	35473597	35497079	TEAD3	3.68346285040123	0.463779041774087	1.7763968568835198	0.2610785084295489	0.7940319648582329	0.9425927840897741	0.9760450227053924	149420.0	12242.0
chr6	35497874	35512896	TULP1	1.7203016928462198	0.304266812320684	2.45562732048934	0.123905940360711	0.901389749469214	0.979863214762466	0.992010528674858	169467.0	1060.0
chr6	35539838	35546573	ENSG00000228559	0.25	-1.53758373469357	4.99602001395321	-0.307761724412493	0.7582636483208629	none	0.9760450227053924	207287.5	36760.5
chr6	35573585	35728583	FKBP5	216.851404598744	-0.0172138348460121	0.320978119261817	-0.0536293093298707	0.957230504638876	0.979863214762466	0.992010528674858	136984.0	36412.0
chr6	35607628	35607934	ENSG00000218749	0.7255106794843159	0.8524811706576021	4.22512009043239	0.201764956358995	0.8401004788559928	none	0.9843396763575166	180287.0	79715.0
chr6	35664717	35664789	MIR5690	1.75749889494275	-0.507058649311183	2.65331457546747	-0.191103857039585	0.8484442258498108	0.965144851272178	0.9856495134145228	123315.0	22743.0
chr6	35781019	35793675	CLPSL1	4.11229074926593	-5.55609301419572	2.2188487531490297	-2.50404314683928	0.0122783059812733	0.0401637031209652	0.08635070927813518	721.0	21069.0
chr6	36442767	36491143	KCTD20	121.646850806277	-0.204777194749468	0.366000473143317	-0.55949980881386	0.575820661666304	0.8193970642349979	0.9760450227053924	43897.0	22347.0
chr6	36493892	36547479	STK38	258.174525687999	-0.165285487416191	0.300891117783393	-0.549319928862697	0.582785913222363	0.8217058086813399	0.9760450227053924	76089.5	26200.5
chr6	36594353	36605600	SRSF3	0.9749425964898428	-0.0795333131997955	3.4045039174135097	-0.0233612047831683	0.9813621506521172	none	0.992010528674858	3201.5	53090.5
chr6	37353979	37394734	RNF8	10.0631750961456	-0.0246541942483882	1.07930002451442	-0.0228427626131854	0.9817756972806	0.9921897898331	0.992010528674858	691404.5	20892.5
chr6	38565950	38566055	ENSG00000199938	4.30967631059803	-2.34274371003655	1.74663150820342	-1.34129248157574	0.17982550988441395	0.37783506974948294	0.8094692593524501	482541.5	73409.5
chr6	38587323	38588529	TFGP1	0.5204164998665329	-2.5722598705840896	4.890371974329112	-0.52598450262814	0.5988989746121329	none	0.9760450227053924	460618.0	51486.0
chr6	38675925	38703145	GLO1	1304.47409969512	-0.0487886861269202	0.29461664500525103	-0.165600576050449	0.8684712939297131	0.9701003391199949	0.992010528674858	359009.0	50123.0
chr6	41026895	41039221	UNC5CL	6.253426074293599	-2.08945213921608	1.4379408528181898	-1.45308629010783	0.146199797103822	0.329061317028786	0.7047158759274117	4392.0	35154.0
chr6	41636882	41654244	MDFI	3.71816042085018	-0.298560162345734	1.71568298972695	-0.174018256364044	0.861851114628974	0.9691976011860558	0.992010528674858	89579.0	38073.0
chr6	41770176	41786542	FRS3	0.482651214775525	-0.103469429838092	4.99453082357153	-0.0207165464571308	0.983471769688515	none	0.992010528674858	43217.0	2227.0
chr6	41789896	41895375	USP49	20.900137631524107	-0.309683469317534	0.830335568751294	-0.372961825281378	0.7091768563337609	0.915609686513665	0.9760450227053924	107493.5	53523.5
chr6	41905354	41921139	MED20	145.045894974666	-0.33816888790057203	0.387343767556123	-0.8730458993420459	0.3826380602374361	0.6474060053672479	0.9760450227053924	178104.5	7999.5
chr6	41921499	41933046	BYSL	12.2967527535672	0.0121496993147825	0.969588813562142	0.0125307750510715	0.990002149696822	0.992699703238231	0.9923152388316276	191982.5	6026.5
chr6	42050513	42087461	TAF8	4.72836867078345	-0.8778054638031401	1.53783038196176	-0.5708077263263289	0.5681299849751971	0.8176697943958029	0.9760450227053924	50268.0	49327.0
chr6	42092233	42094259	ENSG00000261068	1.00499926329517	-0.102985720257635	3.63946193168109	-0.0282969631750114	0.9774253026668008	none	0.992010528674858	26009.0	25068.0
chr6	42101119	42142620	C6orf132	29.0961537750905	-0.00560500950659871	0.6616000487805229	-0.00847190008061516	0.993240482583686	0.9932404825836859	0.993240482583686	2614.5	442.5
chr6	42206807	42217861	MRPS10	4.0469684290171815	-2.93068285276334	1.93476885108847	-1.51474572847015	0.129836809128899	0.299560788460407	0.6365713270434019	93079.0	72105.0
chr6	42696598	42722597	PRPH2	0.232651214775525	1.33074524736846	4.99599925882453	0.26636217870087503	0.789960290363505	none	0.9760450227053924	420436.5	38143.5
chr6	42746958	42868558	BICRAL	0.492291381714318	-0.0739175168831817	4.99243987697868	-0.0148058902469778	0.9881870403596872	none	0.992010528674858	322276.0	24248.0
chr6	42879616	42889925	RPL7L1	4.64571514163698	1.8128017641653	1.72279424045539	1.05224508046075	0.292687121486817	0.539302824408183	0.9760450227053924	245263.5	5521.5
chr6	42928280	42929457	ENSG00000287825	3.2422913817143195	-3.6516593779732	2.55092667977687	-1.43150307177493	0.152286087243603	0.34171512259540104	0.7299523064525775	201165.5	81.5
chr6	42940364	42948360	ENSG00000231113	1.00499926329517	-0.102985720257635	3.63946193168109	-0.0282969631750114	0.9774253026668008	none	0.992010528674858	185672.0	15575.0
chr6	42963865	42979181	PEX6	1.27041649986653	-3.86289396345808	3.2968328853054203	-1.17169844449068	0.24131814777317495	0.46041036408418107	0.9760450227053924	158511.0	42736.0
chr6	43014103	43021298	KLHDC3	1.54083299973307	-4.13992346392361	3.06944570646379	-1.34875279116537	0.17741638276506394	0.37783506974948294	0.8094692593524501	112333.5	88913.5
chr6	4304942	4583871	ENSG00000285424	0.502499631647585	-0.103057904510694	4.95320114055655	-0.0208063233424667	0.983400153534088	none	0.992010528674858	690499.5	81862.5
chr6	43171269	43181506	SRF	0.260208249933267	-1.5667052736628797	4.993959667965429	-0.313720049385415	0.7537336717915	none	0.9760450227053924	46353.5	98966.5
chr6	43243481	43288258	TTBK1	0.260208249933267	-1.5667052736628797	4.993959667965429	-0.313720049385415	0.7537336717915	none	0.9760450227053924	120847.5	9484.5
chr6	43427366	43450427	ABCC10	1.52041649986653	-4.12240594575167	3.08274131248088	-1.33725328462092	0.181139974120828	0.37783506974948294	0.8094692593524501	10444.5	163542.5
chr6	43645036	43672600	RSPH9	0.744791013361903	0.9038857103091992	4.18305247945934	0.21608280430324106	0.8289232032697191	none	0.9779062662522144	30311.0	28000.0
chr6	43671202	43687791	MRPS18A	5.301245020902161	1.30220124930694	1.49483599348495	0.871133191187806	0.3836814331421311	0.647654360525011	0.9760450227053924	50989.5	7321.5
chr6	43770184	43786487	VEGFA	2.01327596457532	-2.91336310598638	2.65703751750538	-1.09647044379022	0.272872950913103	0.510304407862738	0.9760450227053924	149828.5	3485.5
chr6	44058792	44089288	ENSG00000231881	1.01020824993327	-3.5330288451745298	3.6336301337715	-0.972313833578723	0.33089444385636896	none	0.9760450227053924	1002.0	96493.0
chr6	44219553	44234142	SLC29A1	103.844215857476	-0.400706846881754	0.392466491650777	-1.02099632811024	0.307256178384583	0.5542660472819929	0.9760450227053924	19906.5	2659.5
chr6	44246166	44253888	HSP90AB1	0.25	-1.53758373469357	4.99602001395321	-0.307761724412493	0.7582636483208629	none	0.9760450227053924	3273.0	7103.0
chr6	44258166	44265788	NFKBIE	1.69081310903537	0.294421723497698	2.6990022680071	0.109085393142368	0.913134760330648	0.979863214762466	0.992010528674858	15223.0	2372.0
chr6	44298731	44313347	AARS2	3.68039513575917	0.0926245775897676	1.71341294628497	0.0540585255822867	0.95688853569253	0.979863214762466	0.992010528674858	59285.0	6859.0
chr6	4449392	4468181	ENSG00000285694	7.1704082333885015	4.7646551807172814	1.89417421145344	2.515426063720529	0.0118888610973109	0.0396779823535816	0.08518636388045069	676119.5	67482.5
chr6	44898711	44899295	NUDT19P4	2.5612494995996	-4.873413053383599	2.5535519177156	-1.9084840294703505	0.056328685386992	0.15221589024593898	0.3166217039274948	652249.0	14197.0
chr6	4599287	4602420	ENSG00000260673	0.25	-1.53758373469357	4.99602001395321	-0.307761724412493	0.7582636483208629	none	0.9760450227053924	534052.5	46734.5
chr6	46096004	46129857	ENSG00000231769	0.482651214775525	-0.103469429838092	4.99453082357153	-0.0207165464571308	0.983471769688515	none	0.992010528674858	57319.5	26674.5
chr6	4610539	4611919	ENSG00000205444	0.260208249933267	-1.5667052736628797	4.993959667965429	-0.313720049385415	0.7537336717915	none	0.9760450227053924	523677.0	36359.0
chr6	46492052	46606162	ENSG00000236466	0.25	-1.53758373469357	4.99602001395321	-0.307761724412493	0.7582636483208629	none	0.9760450227053924	103025.0	327637.0
chr6	46852522	46954943	ADGRF5	0.242291381714318	1.3602795770232	4.99391019017813	0.272387673230198	0.78532394984111	none	0.9760450227053924	221995.5	21803.5
chr6	46997708	47042350	ADGRF1	39.8174194691832	-0.42306090872937896	0.6137060514457671	-0.6893543052618321	0.490600331521173	0.7585753025201329	0.9760450227053924	105699.0	22161.0
chr6	4702463	4703779	PSMC1P11	0.5	-2.51977269570326	4.89424165612543	-0.5148443564386761	0.6066617866531661	none	0.9760450227053924	431785.0	55533.0
chr6	4714098	4724885	ENSG00000284823	0.232651214775525	1.33074524736846	4.99599925882453	0.26636217870087503	0.789960290363505	none	0.9760450227053924	415414.5	71903.5
chr6	47374561	47397398	ENSG00000287485	0.7428594647087909	-1.11138914422513	3.86541431301998	-0.287521350682023	0.7737131562984009	none	0.9760450227053924	74732.5	30066.5
chr6	47562622	47563018	ENSG00000216813	0.260208249933267	-1.5667052736628797	4.993959667965429	-0.313720049385415	0.7537336717915	none	0.9760450227053924	102108.0	146774.0
chr6	47685864	47722021	ADGRF4	0.25	-1.53758373469357	4.99602001395321	-0.307761724412493	0.7582636483208629	none	0.9760450227053924	243230.5	82881.5
chr6	47823390	47823550	RNU1-105P	3.2908329997330696	-5.23651543174727	2.36598352892561	-2.21325100860916	0.0268803451791126	0.0827779667440455	0.17605600124945506	362758.0	35470.0
chr6	5003774	5045666	ENSG00000272142	0.5	-2.51977269570326	4.89424165612543	-0.5148443564386761	0.6066617866531661	none	0.9760450227053924	110186.0	59640.0
chr6	5065795	5066982	ENSG00000220685	0.752499631647585	-1.08632805090827	3.84741090493223	-0.282353010310294	0.777672841992854	none	0.9760450227053924	68517.5	17971.5
chr6	5072601	5080946	ENSG00000288548	0.995359096356376	-0.126824433371595	3.3785284849971498	-0.0375383643899341	0.9700557513311192	none	0.992010528674858	58132.5	7586.5
chr6	5085341	5089487	PPP1R3G	3.19967546963676	0.5826560988285601	1.87423913329336	0.310876071510008	0.7558948359449791	0.927230998759174	0.9760450227053924	47492.0	3054.0
chr6	52361421	52407777	PAQR8	6.40376454324745	-0.106985308300873	1.32019858596909	-0.0810372844191012	0.935412301319128	0.979863214762466	0.992010528674858	21785.0	5343.0
chr6	52362123	52529886	EFHC1	18.3732097663952	-0.81579269886077	0.812097217221159	-1.00455054094663	0.31511332305614004	0.565666843339802	0.9760450227053924	83190.5	25773.5
chr6	524171	525581	ENSG00000230433	2.44274465768848	-0.093965483827489	2.1155408492204697	-0.0444167664557805	0.9645721971387242	0.9832758131497241	0.992010528674858	144074.0	22888.0
chr6	52497408	52577060	TRAM2	57.668651170930005	0.15380589467251998	0.484171920505718	0.31766793603369103	0.7507368356156279	0.923983797680773	0.9760450227053924	174420.0	32898.0
chr6	52576787	52643058	TRAM2-AS1	1.97086977584069	-0.126899944610636	2.3431651960239	-0.0541574895470332	0.956809689375786	0.979863214762466	0.992010528674858	247108.5	32176.5
chr6	52664366	52669155	ENSG00000216775	112.377264033874	0.280405590332651	0.3754195199511981	0.746912654859028	0.455116286596834	0.725033737955129	0.9760450227053924	303946.5	638.5
chr6	52671113	52686588	TMEM14A	22.6334296405481	0.34113675564798	0.757643361751971	0.45026033734280496	0.6525227343104051	0.877983057499923	0.9760450227053924	316036.5	12728.5
chr6	52873014	52879940	GSTA10P	0.260208249933267	-1.5667052736628797	4.993959667965429	-0.313720049385415	0.7537336717915	none	0.9760450227053924	236392.0	5699.0
chr6	5291030	5291388	ENSG00000220446	6.882779960386442	-0.2966744193870109	1.30766161125533	-0.22687399923150506	0.8205217205102758	0.958577756024703	0.9779062662522144	49707.0	29747.0
chr6	52977948	52995304	GSTA4	23.275838143653694	-0.470363879870773	0.7269043529296221	-0.64707808940073	0.517581405087127	0.782217482842146	0.9760450227053924	126243.0	8890.0
chr6	53001279	53061824	CILK1	0.242291381714318	1.3602795770232	4.99391019017813	0.272387673230198	0.78532394984111	none	0.9760450227053924	81317.5	36035.5
chr6	53497341	53616970	GCLC	73.1870315244015	0.0445078060309923	0.454984828917255	0.0978226156175563	0.9220731488436752	0.979863214762466	0.992010528674858	376821.5	8662.5
chr6	53503109	53507660	ENSG00000249379	5.70444743326224	-0.7518986782693492	1.4172313059518602	-0.530540551222403	0.595737201168042	0.8319973056160891	0.9760450227053924	325050.5	8350.5
chr6	53561289	53617171	ENSG00000231683	5.91340471018624	0.13322757028822302	1.38220676606694	0.0963875836517	0.9232127530184392	0.979863214762466	0.992010528674858	408896.0	25166.0
chr6	53616471	53631400	LINC01564	2.46316115755501	-0.112710627281732	2.0727154079907804	-0.0543782454876377	0.95663381079154	0.979863214762466	0.992010528674858	443601.5	6657.5
chr6	53647916	53665756	KLHL31	1.76270788158085	-2.66845087808946	2.7873787100213794	-0.957333450419082	0.338398976772643	0.591595360818683	0.9760450227053924	476502.0	5044.0
chr6	53739266	53794904	ENSG00000227885	5.82823397306543	0.636152635363204	1.40368525642735	0.453201764747702	0.6504034618206529	0.877983057499923	0.9760450227053924	586751.0	27327.0
chr6	5451683	5458075	ENSG00000269985	0.7172339782041609	2.93337833999511	4.1640949118052415	0.7044456003341709	0.4811553165424679	none	0.9760450227053924	113963.0	118003.0
chr6	54840118	54840855	ENSG00000224984	0.232651214775525	1.33074524736846	4.99599925882453	0.26636217870087503	0.789960290363505	none	0.9760450227053924	121998.5	6595.5
chr6	54846771	54945099	FAM83B	12.3301044346842	0.249195227518382	1.00337261412767	0.24835761312364604	0.8038577261327359	0.9496617759770369	0.9779062662522144	177447.0	48853.0
chr6	56843928	56864078	DST-AS1	0.25	-1.53758373469357	4.99602001395321	-0.307761724412493	0.7582636483208629	none	0.9760450227053924	12891.0	192801.0
chr6	57172326	57189833	BAG2	2.3554326485716297	4.65070253992236	2.63406836319236	1.76559674946551	0.0774635257570393	0.19659708605924497	0.41026978456505997	7315.5	89449.5
chr6	57186992	57222307	RAB23	3.2068160049279704	0.144292352696049	1.9092561502861205	0.0755751671531476	0.939757093689083	0.979863214762466	0.992010528674858	30885.5	112546.5
chr6	57390132	57390212	MIR548U	0.232651214775525	1.33074524736846	4.99599925882453	0.26636217870087503	0.789960290363505	none	0.9760450227053924	115918.0	72976.0
chr6	5918564	5918844	RN7SL221P	0.744791013361903	0.9038857103091992	4.18305247945934	0.21608280430324106	0.8289232032697191	none	0.9779062662522144	102815.0	26784.0
chr6	5997999	6007605	NRN1	1.73708239507622	-0.4825072581036521	2.66340307268076	-0.18116193641618106	0.8562404705392541	0.9665536599952321	0.9887675958582504	186913.0	5690.0
chr6	655939	657100	HUS1B	0.260208249933267	-1.5667052736628797	4.993959667965429	-0.313720049385415	0.7537336717915	none	0.9760450227053924	275717.5	35732.5
chr6	6680309	6686948	ENSG00000261211	18.506977256462	-0.455162884268097	0.810462357192998	-0.561608914008707	0.5743825057151299	0.8193970642349979	0.9760450227053924	332167.5	153.5
chr6	6685148	6686984	ENSG00000279368	3.13105813507626	0.56957751818999	1.97149771686307	0.288905999392314	0.7726533125590459	0.9333605582815421	0.9760450227053924	334605.0	454.0
chr6	669081	670307	ENSG00000219712	2.2561354292841203	-1.93432302379052	2.3938997030175897	-0.8080217485102841	0.419078062320454	0.686952013068718	0.9760450227053924	288892.0	22558.0
chr6	6692741	6801171	ENSG00000226281	1.92289624081642	0.64146881651429	2.5572552087941296	0.25084270600304	0.8019357222684459	0.9496617759770369	0.9779062662522144	395495.0	11846.0
chr6	6725036	6733191	ENSG00000288046	0.7627078815808509	-1.1100249720593602	4.14534510308312	-0.267776251302642	0.7888715520684759	none	0.9760450227053924	377652.5	29688.5
chr6	6794915	6795402	BTF3P7	0.242291381714318	1.3602795770232	4.99391019017813	0.272387673230198	0.78532394984111	none	0.9760450227053924	443697.5	15157.5
chr6	68332019	68576191	ENSG00000288088	0.260208249933267	-1.5667052736628797	4.993959667965429	-0.313720049385415	0.7537336717915	none	0.9760450227053924	987435.0	802411.0
chr6	692530	796781	ENSG00000271727	1.70431637328038	2.4873067327954104	2.8604431987119003	0.869552918902737	0.384544776561725	0.647654360525011	0.9760450227053924	363853.5	8124.5
chr6	70513294	70513356	RNU7-48P	0.46530242955105	2.31268586824432	4.89426541541551	0.472529720386645	0.636548733137038	none	0.9760450227053924	191765.0	100441.0
chr6	70566917	70589569	SDHAF4	3.20759381126537	-1.82133952918011	2.16983433968103	-0.8393910520596941	0.401249903410448	0.6651349750227249	0.9760450227053924	256683.0	89177.0
chr6	70596438	70596980	ENSG00000271967	0.744791013361903	0.9038857103091992	4.18305247945934	0.21608280430324106	0.8289232032697191	none	0.9779062662522144	275149.0	70711.0
chr6	70693839	70694619	ENSG00000262803	0.7249425964898429	0.904630741915388	3.8993665515828297	0.231994281622019	0.8165424552590741	none	0.9779062662522144	372669.0	25769.0
chr6	70734503	70734962	NDUFAB1P1	1.77348421450859	-2.70341038641887	2.78388804835957	-0.971091631364944	0.331502650773016	0.5828262136615121	0.9760450227053924	413172.5	66272.5
chr6	70856679	70957060	B3GAT2	0.7704164998665329	-3.13988967187553	4.04860536887223	-0.775548463186021	0.43801564007508703	none	0.9760450227053924	495071.5	22279.5
chr6	708592	711405	ENSG00000272463	2.86507281551042	2.23164866233525	2.18508865141435	1.02130806495689	0.30710850660064803	0.5542660472819929	0.9760450227053924	329196.5	837.5
chr6	7107597	7251980	RREB1	16.259913911122197	-0.27575629545707503	0.8544897255260401	-0.322714583007203	0.7469114069488509	0.9236314760304519	0.9760450227053924	730051.5	22265.5
chr6	71584721	71585906	KRT19P1	0.25	-1.53758373469357	4.99602001395321	-0.307761724412493	0.7582636483208629	none	0.9760450227053924	18730.5	165585.5
chr6	729128	760936	ENSG00000287293	0.242291381714318	1.3602795770232	4.99391019017813	0.272387673230198	0.78532394984111	none	0.9760450227053924	364230.0	8501.0
chr6	73241314	73310365	KHDC1	0.260208249933267	-1.5667052736628797	4.993959667965429	-0.313720049385415	0.7537336717915	none	0.9760450227053924	377756.5	139967.5
chr6	73263212	73301789	KHDC1-AS1	7.91819425013848	0.43342837824376	1.35573401441402	0.319700157726807	0.749195640204049	0.9236314760304519	0.9760450227053924	371095.5	146628.5
chr6	7326656	7389742	CAGE1	0.25	-1.53758373469357	4.99602001395321	-0.307761724412493	0.7582636483208629	none	0.9760450227053924	551641.0	96330.0
chr6	73394828	73417566	DDX43	2.28369246444186	-3.11583551716762	2.55513571807414	-1.2194403197948702	0.222677114443176	0.438209508636839	0.9274609912244904	247399.0	110959.0
chr6	7340854	7342056	ENSG00000230570	0.260208249933267	-1.5667052736628797	4.993959667965429	-0.313720049385415	0.7537336717915	none	0.9760450227053924	568385.0	79586.0
chr6	73413515	73452297	CGAS	78.64787248525721	0.624357414055189	0.481856891629569	1.2957320418178602	0.195067818223158	0.402156622443261	0.8582984001818952	220690.0	84250.0
chr6	73464073	73464177	RNU6-975P	0.242291381714318	1.3602795770232	4.99391019017813	0.272387673230198	0.78532394984111	none	0.9760450227053924	189471.0	53031.0
chr6	73593379	73653992	SLC17A5	0.98515084642311	-0.103335408787915	3.15899987451087	-0.0327114317482887	0.973904707554	none	0.992010528674858	29910.5	99557.5
chr6	7389793	7418037	RIOK1	24.080742490626196	-0.429460197510772	0.735757001791386	-0.583698417364894	0.559423232229745	0.815317819645727	0.9760450227053924	505925.0	101371.0
chr6	7540445	7543081	ENSG00000261189	0.474942596489843	2.33951061666246	4.89226991458057	0.478205548244578	0.6325039139656229	none	0.9760450227053924	368077.0	409.0
chr6	7541617	7586714	DSP	899.3097742053302	-0.13099956177351	0.22600505023970605	-0.57963112609461	0.562163398168822	0.8160794103594742	0.9760450227053924	345674.5	2953.5
chr6	75593055	75593145	RNU6-1338P	0.232651214775525	1.33074524736846	4.99599925882453	0.26636217870087503	0.789960290363505	none	0.9760450227053924	1939504.0	8984.0
chr6	75601509	75718281	SENP6	311.358595711208	-0.16301892368363502	0.29262184752729403	-0.557097581951495	0.577460759560602	0.8193970642349979	0.9760450227053924	2006299.0	56821.0
chr6	75610958	75611945	ENSG00000217488	4.58673797401528	1.81841732995718	1.6472838976266202	1.1038882445079	0.26964161887126104	0.5075606943459029	0.9760450227053924	1957855.5	8377.5
chr6	75644084	75644177	RNU6-1016P	6.855013201885768	0.745848871475819	1.3019014695115902	0.5728919499227739	0.5667178555200849	0.8176697943958029	0.9760450227053924	1990534.5	41056.5
chr6	75654970	75655299	RN7SKP163	2.99571745600792	-0.119368598880373	2.11999146969754	-0.0563061694287871	0.9550979041405327	0.979863214762466	0.992010528674858	2001538.5	52060.5
chr6	75744275	75744840	ENSG00000285401	0.510208249933267	-2.54621171908927	4.816336784868089	-0.5286614771394171	0.5970403051160339	none	0.9760450227053924	2090961.5	4213.5
chr6	7590198	7611967	SNRNP48	127.34775272948299	-0.0418589007746053	0.360553780470948	-0.116096136115755	0.907576351041165	0.979863214762466	0.992010528674858	308757.5	10329.5
chr6	75928513	75928625	ENSG00000200040	0.242291381714318	1.3602795770232	4.99391019017813	0.272387673230198	0.78532394984111	none	0.9760450227053924	2274973.0	78397.0
chr6	7881517	7910788	TXNDC5	1.00306771464206	-1.7042478424811205	3.43308963529377	-0.496418102504711	0.6195994557219691	none	0.9760450227053924	13687.5	51317.5
chr6	79278105	79278427	ENSG00000220154	0.734582763428636	0.93035426066689	4.20529207180656	0.221234160381925	0.824910112038896	none	0.9779062662522144	410564.0	34824.0
chr6	79301963	79302066	ENSG00000201464	1.26327596457532	-2.12321814615642	3.15902774036478	-0.6721112698780071	0.501512862409812	0.7673876647268639	0.9760450227053924	434312.5	11075.5
chr6	79307669	79313384	LCAL1	11.934042557615399	1.0847390155554	1.01202657764738	1.07184834816993	0.283788153119003	0.527444648221177	0.9760450227053924	442824.5	2563.5
chr6	79420172	79529276	ENSG00000231533	0.7351508464231099	0.8797428629448659	3.8796185250413706	0.22676014594385505	0.820610255365937	none	0.9779062662522144	393346.0	156079.0
chr6	79537185	79539976	ENSG00000287811	0.242291381714318	1.3602795770232	4.99391019017813	0.272387673230198	0.78532394984111	none	0.9760450227053924	329489.5	92222.5
chr6	79573877	79575530	ENSG00000279659	0.9479536443265748	1.4631979229111	3.79980330051129	0.385072017468434	0.7001840592875891	none	0.9760450227053924	293366.5	56099.5
chr6	79631329	79703655	SH3BGRL2	143.97229245934201	0.506571610893918	0.36752054327318495	1.37834910229052	0.16809552980764494	0.36886366035474705	0.7864245453370763	200578.0	36689.0
chr6	7986537	7988192	PIP5K1P1	0.742291381714318	-1.05948098413331	4.18832927274872	-0.25296028920811	0.8002988999837659	none	0.9779062662522144	77524.5	12076.5
chr6	8013567	8064396	BLOC1S5	3.1977439209836502	0.122500826760016	1.83131807866368	0.0668921626380739	0.946667552373804	0.979863214762466	0.992010528674858	63192.5	25034.5
chr6	80499196	80499392	ENSG00000181705	0.484582763428636	2.36593338093092	4.89033948281319	0.483797370151062	0.6285296816529301	none	0.9760450227053924	284833.0	1474.0
chr6	8073360	8102559	EEF1E1	14.3356542046471	-0.505979003005304	0.906252369434305	-0.558320198733542	0.576625754533525	0.8193970642349979	0.9760450227053924	14214.5	4436.5
chr6	8102711	8343139	ENSG00000232234	0.474942596489843	2.33951061666246	4.89226991458057	0.478205548244578	0.6325039139656229	none	0.9760450227053924	120751.0	122287.0
chr6	82363206	82367420	TPBG	426.1388253916349	-0.589974751768764	0.290127960654237	-2.03349842751583	0.0420021922800236	0.12028643392255801	0.2502630623351406	29911.0	840.0
chr6	83512534	83525704	PRSS35	6.29675870567425	-1.76370355548176	1.39982453557336	-1.25994616515231	0.207688783409472	0.42698029214908206	0.9091682457414642	84953.0	4001.0
chr6	85949690	85998263	ENSG00000288021	3.175395872464	-0.3163975092669181	1.91262515791886	-0.16542578035060002	0.8686088634240171	0.9701003391199949	0.992010528674858	17102.5	189345.5
chr6	87322583	87399749	SMIM8	9.32588297772647	0.355497509884889	1.11165901130617	0.319790067160242	0.749127477807189	0.9236314760304519	0.9760450227053924	208856.0	32071.0
chr6	87344813	87365463	C6orf163	5.8442368689580295	1.48350285123135	1.45139038448663	1.0221253131397	0.30672159394394	0.5542660472819929	0.9760450227053924	202828.0	32356.0
chr6	87356831	87358605	ENSG00000279616	0.232651214775525	1.33074524736846	4.99599925882453	0.26636217870087503	0.789960290363505	none	0.9760450227053924	205408.0	34936.0
chr6	87408012	87511634	ENSG00000213204	0.734582763428636	0.93035426066689	4.20529207180656	0.221234160381925	0.824910112038896	none	0.9779062662522144	243257.0	2769.0
chr6	87513459	87590028	RARS2	222.07218489485803	-0.23443220851470806	0.29899544869231204	-0.784066143949754	0.43300129991114505	0.70506406357213	0.9760450227053924	151336.5	37148.5
chr6	87674860	87702233	AKIRIN2	227.284143127277	-0.46724051624305	0.30114326189282503	-1.55155560614648	0.120768592451741	0.281283810267346	0.5955140938137574	14533.5	11833.5
chr6	89080751	89085160	PNRC1	58.050950069737	-0.384905454554549	0.6015461709058051	-0.639860202210182	0.522263489423503	0.782470962659113	0.9760450227053924	1491.5	530.5
chr6	89090946	89091242	RN7SL336P	0.9857189294175832	-0.152491126286441	3.6669081019727	-0.0415857507321781	0.966828932684078	none	0.992010528674858	9630.0	7608.0
chr6	89095959	89118071	SRSF12	9.13234293737382	-0.500381847750801	1.12622796436689	-0.444298901805456	0.656826495122092	0.878953273472472	0.9760450227053924	25551.0	10807.0
chr6	89130887	89145985	ENSG00000288009	1.25499926329517	-0.6735533727969188	3.05416777349029	-0.22053581294494	0.8254538841681228	0.95909744753797	0.9779062662522144	56972.0	7306.0
chr6	89146055	89165565	PM20D2	392.903922544239	-0.110005260702398	0.26372816554683604	-0.417116087977573	0.676593498020428	0.8886243802556829	0.9760450227053924	72334.0	7532.0
chr6	89254464	89315299	GABRR2	0.474942596489843	2.33951061666246	4.89226991458057	0.478205548244578	0.6325039139656229	none	0.9760450227053924	56737.5	27476.5
chr6	96521595	96555276	UFL1	83.0345283073828	1.08063312740569	0.487172671497444	2.2181727149926203	0.0265430583676174	0.082082735120027	0.17518418522627482	299455.5	16621.5
chr6	97283303	98400869	ENSG00000271860	13.793044244676599	-1.93731495191724	0.970729053548431	-1.99573191390072	0.0459631113436994	0.129117747896804	0.27114780990938914	814280.0	457584.0
chr6	97710953	97717197	ENSG00000226207	0.232651214775525	1.33074524736846	4.99599925882453	0.26636217870087503	0.789960290363505	none	0.9760450227053924	876184.0	331661.0
