seqnames	start	end	width	strand	Conc	Conc_haplotype1	Conc_haplotype2	Fold	pvalue	FDR	new_fdr
chr9	129885284	129886636	1353	*	6.17	7.17	-2.4	9.57	1.06e-26	2.33e-24	1.0229e-23
chr9	36470720	36471070	351	*	4.59	5.58	-2.69	8.27	1.5e-25	2.91e-23	7.2375e-23
chr9	41353813	41361860	8048	*	7.57	-0.72	8.56	-9.28	2.26e-25	3.9499999999999996e-23	7.269666666666667e-23
chr9	33165819	33166793	975	*	5.96	6.96	-2.54	9.51	1.02e-22	7.42e-21	2.4607500000000002e-20
chr9	128131486	128132124	639	*	3.42	4.4	-1.99	6.39	2.35e-22	1.53e-20	4.5355000000000003e-20
chr9	114681736	114682391	656	*	4.63	5.62	-2.69	8.31	2.27e-21	9.7e-20	3.6509166666666666e-19
chr9	33510574	33511459	886	*	4.13	5.12	-2.69	7.82	4.6999999999999995e-21	1.83e-19	6.479285714285713e-19
chr9	38423656	38425217	1562	*	3.94	4.93	-2.69	7.62	4.82e-20	1.48e-18	5.814125e-18
chr9	4987886	4988895	1010	*	4.4	5.4	-2.69	8.09	7.39e-20	2.16e-18	7.923722222222222e-18
chr9	133078642	133081065	2424	*	5.59	6.56	0.49	6.07	1.2999999999999998e-19	3.5499999999999996e-18	1.2544999999999998e-17
chr9	33750553	33751345	793	*	5.28	6.28	-2.69	8.97	4e-19	9.34e-18	3.509090909090909e-17
chr9	17290275	17291551	1277	*	5.92	6.91	-0.15	7.06	5.99e-19	1.33e-17	4.816958333333333e-17
chr9	14465339	14472306	6968	*	4.98	-0.72	5.96	-6.68	8.38e-19	1.79e-17	6.220538461538461e-17
chr9	133238826	133239263	438	*	3.72	4.71	-2.69	7.4	1.59e-18	3.17e-17	1.0959642857142857e-16
chr9	139353	140731	1379	*	6.77	7.77	0.42	7.34	1.1199999999999999e-17	1.8300000000000002e-16	7.205333333333333e-16
chr9	128340193	128340624	432	*	3.26	4.25	-2.69	6.94	1.4099999999999997e-17	2.29e-16	8.504062499999998e-16
chr9	33523710	33525567	1858	*	4.02	5.0	-1.06	6.06	1.64e-17	2.64e-16	9.309411764705883e-16
chr9	41073043	41076936	3894	*	4.58	-0.63	5.56	-6.2	2.0100000000000002e-17	3.14e-16	1.0775833333333336e-15
chr9	127714772	127715736	965	*	4.86	5.85	-2.69	8.54	3.0499999999999996e-17	4.69e-16	1.5490789473684207e-15
chr9	128068574	128069451	878	*	4.64	5.64	-2.69	8.33	5.08e-17	7.3e-16	2.4511e-15
chr9	34049445	34050084	640	*	4.11	5.11	-2.69	7.8	1.75e-16	2.2e-15	8.041666666666668e-15
chr9	35910521	35910977	457	*	3.32	4.31	-2.69	7.0	2.33e-16	2.8300000000000002e-15	1.0220227272727272e-14
chr9	114803830	114804543	714	*	4.36	5.35	-2.69	8.04	4.0599999999999994e-16	4.51e-15	1.7034347826086956e-14
chr9	131372686	131373264	579	*	3.99	4.98	-2.32	7.3	1.55e-15	1.57e-14	6.232291666666667e-14
chr9	32552605	32553373	769	*	3.76	4.75	-2.69	7.44	1.72e-15	1.7e-14	6.6392e-14
chr9	138147474	138148225	752	*	3.42	4.39	-1.11	5.5	1.84e-15	1.81e-14	6.829230769230769e-14
chr9	35811822	35812184	363	*	3.2	4.19	-2.69	6.88	2.3899999999999998e-15	2.31e-14	8.542037037037036e-14
chr9	138142905	138145781	2877	*	4.59	5.56	0.31	5.25	4.33e-15	4.01e-14	1.4923035714285712e-13
chr9	109101664	109102113	450	*	3.51	4.5	-2.69	7.19	1.01e-14	8.7e-14	3.360862068965517e-13
chr9	69414961	69416325	1365	*	2.62	3.59	-1.93	5.53	1.06e-14	9.01e-14	3.4096666666666667e-13
chr9	15379586	15379984	399	*	3.04	4.01	-1.89	5.9	3.71e-14	2.8699999999999994e-13	1.1548870967741936e-12
chr9	37463923	37464280	358	*	3.23	4.21	-2.69	6.9	5.39e-14	4.0899999999999997e-13	1.6254218750000002e-12
chr9	107492179	107492681	503	*	2.81	3.8	-2.69	6.49	7.28e-14	5.36e-13	2.128848484848485e-12
chr9	36272285	36272652	368	*	2.9	3.89	-2.69	6.58	8.94e-14	6.47e-13	2.5373823529411768e-12
chr9	112803738	112804524	787	*	3.62	4.61	-2.41	7.03	1.52e-13	1.07e-12	4.190857142857144e-12
chr9	28214791	28216482	1692	*	2.57	3.55	-2.69	6.24	1.8899999999999998e-13	1.31e-12	5.06625e-12
chr9	31937420	31938436	1017	*	5.18	6.15	0.58	5.57	2.26e-13	1.5400000000000001e-12	5.894324324324324e-12
chr9	34936021	34937011	991	*	2.71	3.66	-1.31	4.98	6.230000000000001e-12	3.51e-11	1.582092105263158e-10
chr9	4144579	4145579	1001	*	4.05	4.98	0.59	4.39	1.06e-11	5.78e-11	2.6228205128205124e-10
chr9	129610217	129611325	1109	*	6.07	7.05	0.62	6.43	3.6299999999999994e-11	1.8300000000000001e-10	8.757374999999998e-10
chr9	28348112	28348659	548	*	3.79	4.74	-0.14	4.89	4.17e-11	2.0899999999999998e-10	9.814756097560976e-10
chr9	111895916	111897350	1435	*	4.76	-0.37	5.73	-6.11	5.36e-11	2.62e-10	1.2315238095238096e-09
chr9	121415830	121420207	4378	*	3.8	4.76	-0.35	5.11	7.34e-11	3.51e-10	1.6472325581395349e-09
chr9	38458633	38459830	1198	*	1.55	2.51	-2.58	5.09	1.15e-10	5.36e-10	2.522159090909091e-09
chr9	41322287	41328907	6621	*	3.25	-0.72	4.21	-4.93	1.29e-10	5.96e-10	2.766333333333333e-09
chr9	101674079	101675142	1064	*	4.17	5.14	-0.22	5.36	1.72e-10	7.779999999999999e-10	3.6082608695652174e-09
chr9	20657800	20659038	1239	*	5.27	6.23	0.82	5.42	2.01e-10	9e-10	4.126914893617022e-09
chr9	41316302	41321213	4912	*	3.15	-0.48	4.09	-4.57	8.400000000000001e-10	3.3500000000000002e-09	1.68875e-08
chr9	14991860	14992662	803	*	3.49	4.45	-0.49	4.94	1.3400000000000001e-09	5.2200000000000006e-09	2.638979591836735e-08
chr9	5847411	5847887	477	*	1.59	2.55	-2.54	5.09	6.6e-09	2.4e-08	1.2738000000000002e-07
chr9	122759895	122761761	1867	*	2.57	3.49	-0.67	4.16	9.140000000000001e-09	3.25e-08	1.7294313725490198e-07
chr9	7547946	7550284	2339	*	2.64	-0.72	3.57	-4.29	2.5e-08	8.279999999999999e-08	4.639423076923076e-07
chr9	135343721	135346889	3169	*	4.78	5.73	1.03	4.7	3.25e-08	1.06e-07	5.917452830188679e-07
chr9	133310585	133314665	4081	*	3.73	4.65	0.48	4.17	4.83e-08	1.53e-07	8.63138888888889e-07
chr9	122472664	122474477	1814	*	2.25	3.14	-0.51	3.65	7.13e-08	2.23e-07	1.250990909090909e-06
chr9	34879776	34880782	1007	*	2.2	3.13	-1.19	4.31	8.269999999999999e-08	2.55e-07	1.4250982142857142e-06
chr9	113220679	113221352	674	*	3.26	-0.57	4.21	-4.78	1.3900000000000001e-07	4.19e-07	2.3532456140350878e-06
chr9	134587434	134589548	2115	*	2.13	3.03	-0.84	3.87	1.6100000000000003e-07	4.79e-07	2.6787068965517245e-06
chr9	17445607	17446341	735	*	2.37	3.27	-0.64	3.91	1.95e-07	5.74e-07	3.1894067796610174e-06
chr9	130939328	130939883	556	*	3.32	4.25	0.06	4.19	2.8300000000000003e-07	8.159999999999999e-07	4.551583333333334e-06
chr9	113274936	113275604	669	*	3.04	-0.72	3.98	-4.7	3.2799999999999997e-07	9.39e-07	5.188852459016393e-06
chr9	6377729	6378628	900	*	1.71	2.62	-1.38	4.0	4.0899999999999997e-07	1.16e-06	6.365887096774193e-06
chr9	133335043	133335891	849	*	3.86	4.81	-0.09	4.91	4.6700000000000004e-07	1.31e-06	7.153253968253968e-06
chr9	131040262	131041303	1042	*	2.43	3.35	-0.69	4.04	6.529999999999999e-07	1.79e-06	9.846015624999999e-06
chr9	34526748	34532149	5402	*	4.24	5.16	1.03	4.14	6.94e-07	1.9e-06	1.0303230769230769e-05
chr9	33816013	33817247	1235	*	4.13	0.38	5.08	-4.7	1.26e-06	3.38e-06	1.8422727272727275e-05
chr9	19250689	19251255	567	*	3.12	4.01	0.34	3.67	1.35e-06	3.62e-06	1.9444029850746267e-05
chr9	33669031	33672525	3495	*	3.37	4.29	0.24	4.05	1.51e-06	4e-06	2.1428676470588237e-05
chr9	4148297	4148677	381	*	2.83	3.67	0.6	3.07	2.16e-06	5.62e-06	3.0208695652173913e-05
chr9	126075285	126080199	4915	*	3.93	4.83	1.03	3.8	2.79e-06	7.15e-06	3.846214285714286e-05
chr9	137610454	137613985	3532	*	6.07	2.47	7.01	-4.54	4.51e-06	1.12e-05	6.129788732394366e-05
chr9	106425	112724	6300	*	4.29	1.62	5.18	-3.56	4.72e-06	1.17e-05	6.326111111111112e-05
chr9	41266683	41270308	3626	*	2.42	-0.19	3.3	-3.49	5.07e-06	1.25e-05	6.702123287671232e-05
chr9	74791338	74793282	1945	*	2.34	3.18	0.05	3.14	6.19e-06	1.51e-05	8.072094594594594e-05
chr9	15356772	15357361	590	*	3.42	4.29	0.87	3.42	6.78e-06	1.65e-05	8.7236e-05
chr9	108628066	108628593	528	*	1.33	2.15	-0.8	2.95	7.55e-06	1.83e-05	9.586513157894735e-05
chr9	115057	117520	2464	*	3.84	1.43	4.69	-3.26	8.21e-06	1.9600000000000002e-05	0.00010289155844155843
chr9	41278213	41279745	1533	*	1.64	-0.72	2.49	-3.21	8.77e-06	2.1e-05	0.00010850064102564102
chr9	132999994	133002579	2586	*	3.92	4.8	1.32	3.48	9e-06	2.15e-05	0.0001099367088607595
chr9	36033819	36038427	4609	*	4.9	5.77	2.4	3.37	9.22e-06	2.1899999999999997e-05	0.00011121624999999999
chr9	126965454	126967358	1905	*	4.64	5.56	1.33	4.23	9.69e-06	2.3e-05	0.0001154425925925926
chr9	124242624	124243370	747	*	3.96	4.83	1.35	3.48	1.05e-05	2.47e-05	0.0001235670731707317
chr9	129413922	129414612	691	*	2.43	-0.72	3.34	-4.06	1.18e-05	2.7699999999999996e-05	0.00013719277108433737
chr9	109476553	109477196	644	*	2.22	-0.72	3.13	-3.85	1.23e-05	2.8800000000000002e-05	0.00014130357142857144
chr9	121975205	121975980	776	*	2.29	-0.72	3.2	-3.92	1.27e-05	2.98e-05	0.0001441823529411765
chr9	79571953	79572542	590	*	2.5	-0.72	3.42	-4.14	1.4099999999999999e-05	3.28e-05	0.00015821511627906975
chr9	105739	106249	511	*	2.82	3.68	0.39	3.29	1.59e-05	3.6700000000000004e-05	0.00017636206896551722
chr9	34845640	34848415	2776	*	2.59	3.49	-0.22	3.7	1.62e-05	3.73e-05	0.00017764772727272727
chr9	39761917	39763376	1460	*	-0.68	0.12	-2.69	2.82	1.7e-05	3.8900000000000004e-05	0.0001843258426966292
chr9	134267066	134267834	769	*	3.58	4.37	1.69	2.68	1.77e-05	4.04e-05	0.0001867741935483871
chr9	127562787	127563658	872	*	3.77	4.66	0.94	3.72	1.7899999999999998e-05	4.09e-05	0.0001867741935483871
chr9	37675372	37676940	1569	*	2.99	3.8	0.95	2.84	1.8e-05	4.09e-05	0.0001867741935483871
chr9	122526750	122529853	3104	*	3.7	4.54	1.42	3.12	1.8e-05	4.11e-05	0.0001867741935483871
chr9	126150545	126152335	1791	*	3.83	4.55	2.33	2.21	1.86e-05	4.22e-05	0.00019094680851063832
chr9	4531063	4531819	757	*	4.25	5.09	2.04	3.05	1.9600000000000002e-05	4.44e-05	0.0001990947368421053
chr9	35815576	35816351	776	*	3.58	4.49	0.53	3.96	1.99e-05	4.51e-05	0.00020003645833333334
chr9	120843476	120844109	634	*	2.83	-0.3	3.74	-4.05	3.5499999999999996e-05	7.859999999999999e-05	0.0003531701030927835
chr9	135522083	135524590	2508	*	3.34	4.17	1.14	3.03	3.63e-05	8e-05	0.00035744387755102044
chr9	126986405	126987331	927	*	2.37	-0.72	3.28	-4.0	3.73e-05	8.209999999999999e-05	0.00036358080808080806
chr9	72305622	72306911	1290	*	4.72	5.6	1.98	3.62	3.79e-05	8.340000000000001e-05	0.000365735
chr9	76669960	76670805	846	*	3.69	4.52	1.55	2.97	5.7100000000000006e-05	0.000124	0.0005455594059405941
chr9	41292514	41293728	1215	*	1.53	-0.72	2.37	-3.09	5.7799999999999995e-05	0.000125	0.0005468333333333333
chr9	125631879	125632540	662	*	3.36	4.22	0.98	3.23	7.72e-05	0.000165	0.0007232815533980583
chr9	122550246	122556625	6380	*	5.0	5.83	2.89	2.94	0.000101	0.00021600000000000002	0.0009371634615384615
chr9	4225963	4226405	443	*	1.65	-0.72	2.51	-3.23	0.00011100000000000001	0.000234	0.0010201428571428573
chr9	32712181	32713395	1215	*	2.45	3.29	0.21	3.08	0.000113	0.000239	0.0010287264150943395
chr9	130680851	130681294	444	*	2.58	3.41	0.43	2.98	0.000117	0.000248	0.0010551869158878504
chr9	38171182	38171496	315	*	2.16	3.0	-0.02	3.02	0.000123	0.00026000000000000003	0.0010977981651376148
chr9	133347677	133348180	504	*	2.48	-0.07	3.35	-3.42	0.000124	0.000261	0.0010977981651376148
chr9	122406123	122406785	663	*	2.64	0.15	3.51	-3.36	0.000134	0.00028	0.0011755454545454545
chr9	135463255	135463911	657	*	3.8	4.64	1.52	3.12	0.000157	0.000328	0.0013649099099099099
chr9	18474999	18475565	567	*	0.79	1.58	-1.09	2.67	0.000181	0.000377	0.0015595089285714285
chr9	115495274	115495557	284	*	2.23	3.03	0.27	2.77	0.00018899999999999999	0.000391	0.0016140265486725663
chr9	38618482	38621858	3377	*	5.64	6.41	3.88	2.53	0.000221	0.000454	0.0018707456140350878
chr9	21205672	21207071	1400	*	2.23	3.02	0.37	2.66	0.000246	0.000503	0.0020642608695652176
chr9	130910138	130915300	5163	*	5.48	6.22	3.93	2.29	0.000272	0.000551	0.002262758620689655
chr9	36294635	36295055	421	*	2.59	3.43	0.3	3.13	0.000277	0.0005610000000000001	0.0022734745762711863
chr9	127448147	127449233	1087	*	4.29	5.14	1.93	3.21	0.000278	0.000563	0.0022734745762711863
chr9	131778826	131779865	1040	*	2.5	3.27	0.7	2.57	0.00028199999999999997	0.00057	0.0022868067226890754
chr9	41295658	41300707	5050	*	3.09	1.33	3.86	-2.53	0.00031800000000000003	0.00064	0.0025572500000000005
chr9	78768460	78769396	937	*	1.68	2.42	0.05	2.37	0.00032900000000000003	0.000659	0.002623842975206612
chr9	36733262	36736743	3482	*	3.72	4.51	1.84	2.67	0.000346	0.0006929999999999999	0.0027368032786885244
chr9	130535212	130536003	792	*	2.09	2.88	0.21	2.66	0.000376	0.000752	0.0029499186991869914
chr9	128098522	128099390	869	*	3.11	0.72	3.96	-3.24	0.000392	0.000784	0.0030506451612903225
chr9	518289	518813	525	*	3.9	4.73	1.74	2.99	0.00041600000000000003	0.000828	0.0032115200000000007
chr9	37421870	37423264	1395	*	5.76	6.62	3.32	3.3	0.000425	0.0008439999999999999	0.0032369291338582677
chr9	130292295	130293744	1450	*	2.52	3.31	0.65	2.66	0.000426	0.0008460000000000001	0.0032369291338582677
chr9	33752976	33754371	1396	*	3.99	4.85	1.61	3.24	0.000522	0.00103	0.003935390625
chr9	131276443	131277640	1198	*	3.54	4.34	1.62	2.72	0.000554	0.00109	0.004144263565891473
chr9	117802966	117803845	880	*	1.32	2.05	-0.25	2.3	0.000583	0.00115	0.004327653846153846
chr9	41229617	41229768	152	*	1.9	0.1	2.68	-2.58	0.00059	0.00116	0.00434618320610687
chr9	133972646	133974850	2205	*	3.66	4.34	2.34	2.0	0.00063	0.00123	0.004605681818181819
chr9	115961143	115962358	1216	*	2.71	3.5	0.81	2.69	0.000669	0.00131	0.004854022556390977
chr9	109313657	109314175	519	*	2.65	3.47	0.53	2.95	0.000685	0.00134	0.004933022388059701
chr9	119876983	119878593	1611	*	2.22	2.99	0.42	2.57	0.000726	0.00141	0.005189555555555556
chr9	37691323	37694715	3393	*	3.18	3.97	1.33	2.63	0.000745	0.00144	0.005286213235294118
chr9	69486424	69487051	628	*	3.02	3.84	0.89	2.96	0.0007559999999999999	0.00146	0.0053251094890510945
chr9	19476834	19478622	1789	*	3.15	3.93	1.32	2.61	0.000762	0.00147	0.005328478260869565
chr9	33551181	33554704	3524	*	3.66	4.45	1.8	2.65	0.000771	0.00149	0.005352625899280576
chr9	132672024	132672570	547	*	3.65	4.44	1.75	2.69	0.00081	0.00156	0.005583214285714286
chr9	134130920	134131274	355	*	3.31	4.1	1.47	2.63	0.0008300000000000001	0.00159	0.005647288732394367
chr9	36096158	36097816	1659	*	1.76	2.53	0.0	2.53	0.000831	0.00159	0.005647288732394367
chr9	115178002	115179168	1167	*	2.56	3.31	0.92	2.39	0.0008529999999999999	0.0016300000000000002	0.005756258741258741
chr9	133272300	133273213	914	*	4.14	4.94	2.22	2.71	0.0008710000000000001	0.0016699999999999998	0.005836909722222223
chr9	135014429	135015912	1484	*	3.2	4.02	1.14	2.88	0.000936	0.00179	0.006213013698630138
chr9	41219156	41224890	5735	*	3.35	1.55	4.13	-2.58	0.0009400000000000001	0.00179	0.006213013698630138
chr9	2619254	2625214	5961	*	5.9	6.62	4.37	2.26	0.0010400000000000001	0.00198	0.006827210884353742
chr9	134086424	134087389	966	*	1.92	2.66	0.32	2.35	0.00105	0.00199	0.0068462837837837826
chr9	19008531	19010604	2074	*	2.66	3.42	0.99	2.42	0.00114	0.00217	0.007383221476510066
chr9	135173648	135176363	2716	*	3.88	4.66	2.08	2.58	0.00124	0.00235	0.007977333333333333
chr9	109314495	109315423	929	*	2.71	3.48	0.94	2.55	0.00126	0.0023899999999999998	0.008052317880794703
chr9	129596109	129596769	661	*	3.39	4.15	1.64	2.52	0.00128	0.0024100000000000002	0.008126315789473685
chr9	130901138	130903375	2238	*	2.86	3.62	1.16	2.47	0.0013	0.00246	0.008199346405228758
chr9	15001886	15002967	1082	*	2.29	3.04	0.59	2.45	0.00146	0.00275	0.009148701298701298
chr9	130410701	130411272	572	*	3.04	3.81	1.26	2.56	0.00147	0.0027600000000000003	0.009151935483870968
chr9	33446982	33447784	803	*	4.83	5.53	3.43	2.11	0.0015	0.00281	0.009278846153846153
chr9	124056169	124056866	698	*	1.7	2.42	0.24	2.18	0.0015400000000000001	0.0028899999999999998	0.009465605095541401
chr9	37646115	37650467	4353	*	3.53	4.25	2.02	2.23	0.00156	0.00293	0.009527848101265822
chr9	993436	994340	905	*	2.05	2.8	0.38	2.42	0.00162	0.00302	0.009832075471698112
chr9	135771040	135771804	765	*	1.75	2.44	0.37	2.07	0.00164	0.0030600000000000002	0.009891249999999999
chr9	37669135	37671836	2702	*	3.86	4.58	2.32	2.26	0.0016600000000000002	0.0031	0.00994968944099379
chr9	133734020	133736000	1981	*	3.2	3.94	1.56	2.38	0.0017	0.00316	0.010000909090909092
chr9	19464296	19465039	744	*	4.34	5.1	2.65	2.45	0.0017	0.00316	0.010000909090909092
chr9	128415465	128416060	596	*	3.37	4.12	1.76	2.36	0.0017100000000000001	0.00317	0.010000909090909092
chr9	135166119	135168612	2494	*	3.24	4.03	1.4	2.62	0.0017100000000000001	0.00317	0.010000909090909092
chr9	14989528	14990853	1326	*	2.93	3.65	1.42	2.23	0.00173	0.0032	0.01005449101796407
chr9	37654845	37655708	864	*	1.76	2.5	0.18	2.31	0.0017399999999999998	0.00323	0.01005449101796407
chr9	130446232	130447254	1023	*	4.0	4.77	2.28	2.49	0.00182	0.00336	0.010454166666666667
chr9	130553213	130554592	1380	*	2.54	3.29	0.93	2.36	0.0018899999999999998	0.0034799999999999996	0.010728529411764704
chr9	18910861	18911323	463	*	1.58	2.32	-0.05	2.37	0.0018899999999999998	0.0034799999999999996	0.010728529411764704
chr9	69484951	69485585	635	*	3.79	4.63	1.58	3.05	0.00197	0.0036299999999999995	0.011052616279069767
chr9	69096192	69100355	4164	*	7.56	8.4	5.3	3.09	0.00197	0.0036299999999999995	0.011052616279069767
chr9	19494540	19495444	905	*	2.56	3.28	1.05	2.22	0.00199	0.00365	0.011083714285714285
chr9	37658363	37658703	341	*	1.14	1.87	-0.39	2.25	0.002	0.00367	0.011083714285714285
chr9	20067697	20068557	861	*	2.08	2.79	0.63	2.16	0.00201	0.0036799999999999997	0.011083714285714285
chr9	1631868	1633101	1234	*	1.5	2.23	-0.1	2.33	0.00205	0.00375	0.011176553672316385
chr9	15086517	15087157	641	*	1.88	2.61	0.31	2.29	0.00205	0.00375	0.011176553672316385
chr9	35999624	36007088	7465	*	5.13	5.82	3.77	2.05	0.0021100000000000003	0.00385	0.011365555555555556
chr9	69668390	69669684	1295	*	2.16	2.88	0.68	2.2	0.00212	0.00387	0.011365555555555556
chr9	76613560	76617403	3844	*	4.31	4.97	3.04	1.94	0.00212	0.00387	0.011365555555555556
chr9	122093830	122094998	1169	*	2.99	3.75	1.27	2.48	0.00215	0.00391	0.011462707182320443
chr9	135751056	135755179	4124	*	4.16	4.89	2.58	2.32	0.00224	0.00406	0.011812021857923497
chr9	39808577	39810821	2245	*	4.92	5.76	2.69	3.07	0.00224	0.004070000000000001	0.011812021857923497
chr9	34373900	34374812	913	*	3.25	4.01	1.54	2.47	0.0023	0.0041600000000000005	0.0120625
chr9	124040934	124041375	442	*	3.54	4.33	1.65	2.68	0.00233	0.00421	0.012153783783783784
chr9	34583238	34588153	4916	*	3.72	4.5	1.87	2.63	0.00237	0.00428	0.012295967741935485
chr9	34725028	34726434	1407	*	0.97	-0.57	1.7	-2.27	0.00242	0.00436	0.01247313829787234
chr9	130917038	130920309	3272	*	3.61	4.38	1.79	2.59	0.00243	0.004379999999999999	0.01247313829787234
chr9	128249937	128250450	514	*	1.99	2.72	0.42	2.3	0.00248	0.00446	0.01259578947368421
chr9	18347376	18349463	2088	*	2.57	3.33	0.91	2.42	0.00248	0.00446	0.01259578947368421
chr9	122166405	122167467	1063	*	2.64	3.36	1.13	2.23	0.00251	0.00451	0.012681413612565445
chr9	133563738	133564162	425	*	2.2	2.92	0.72	2.2	0.00257	0.00461	0.012916927083333333
chr9	135012108	135013126	1019	*	2.63	3.36	1.05	2.31	0.00263	0.00471	0.01308221649484536
chr9	17540477	17543417	2941	*	3.2	3.93	1.65	2.29	0.00263	0.00471	0.01308221649484536
chr9	109344903	109345618	716	*	3.32	4.08	1.63	2.45	0.00268	0.00479	0.013262564102564104
chr9	15078012	15078654	643	*	1.92	2.62	0.53	2.08	0.00274	0.00489	0.013490306122448979
chr9	32167868	32172049	4182	*	4.26	5.02	2.59	2.43	0.0027600000000000003	0.00492	0.013500252525252525
chr9	119829366	119830356	991	*	2.09	2.82	0.57	2.25	0.00277	0.00494	0.013500252525252525
chr9	36121776	36122284	509	*	1.91	2.62	0.42	2.2	0.00281	0.00499	0.013626381909547739
chr9	19160790	19161673	884	*	4.09	4.91	2.02	2.89	0.0028699999999999997	0.0051	0.013826865671641791
chr9	135148688	135149682	995	*	1.84	2.55	0.43	2.12	0.00288	0.00512	0.013826865671641791
chr9	38675408	38678434	3027	*	3.47	4.22	1.81	2.42	0.00295	0.005229999999999999	0.014092821782178218
chr9	41271071	41274403	3333	*	4.46	2.97	5.18	-2.21	0.00298	0.00527	0.01409656862745098
chr9	34591121	34591715	595	*	3.53	4.31	1.73	2.58	0.00298	0.00527	0.01409656862745098
chr9	131393426	131393973	548	*	3.82	4.59	2.09	2.5	0.00302	0.00534	0.01421609756097561
chr9	130895393	130899722	4330	*	4.49	5.21	3.01	2.2	0.00307	0.00541	0.014289423076923078
chr9	130921822	130924316	2495	*	4.07	4.83	2.35	2.48	0.0030800000000000003	0.00542	0.014289423076923078
chr9	126020672	126022292	1621	*	2.84	3.57	1.28	2.3	0.0030800000000000003	0.00542	0.014289423076923078
chr9	33734272	33735035	764	*	3.63	4.42	1.72	2.7	0.00315	0.005529999999999999	0.014544258373205741
chr9	16266969	16267651	683	*	3.29	4.0	1.79	2.21	0.00318	0.0055899999999999995	0.014589336492890995
chr9	3106844	3108612	1769	*	3.18	3.89	1.74	2.15	0.0031899999999999997	0.0056	0.014589336492890995
chr9	128218481	128218829	349	*	2.96	3.7	1.35	2.35	0.0032700000000000003	0.00573	0.014884669811320755
chr9	126125647	126126243	597	*	1.8	2.53	0.26	2.27	0.00329	0.00577	0.014905399061032864
chr9	115068388	115068911	524	*	1.2	1.91	-0.21	2.12	0.00337	0.00589	0.015170697674418605
chr9	134070541	134077765	7225	*	5.25	5.96	3.78	2.18	0.0033799999999999998	0.0059	0.015170697674418605
chr9	134855345	134858245	2901	*	2.96	3.68	1.48	2.2	0.00343	0.00598	0.015323842592592592
chr9	114153857	114157016	3160	*	5.98	6.66	4.65	2.01	0.00352	0.00614	0.015653456221198157
chr9	124036948	124039080	2133	*	3.71	4.4	2.34	2.06	0.0035700000000000003	0.00621	0.015802981651376148
chr9	127540943	127541756	814	*	4.64	5.4	2.94	2.46	0.00361	0.00627	0.015907077625570774
chr9	35988974	35998290	9317	*	5.37	6.1	3.82	2.28	0.00379	0.00657	0.016604954954954957
chr9	4762635	4763097	463	*	4.13	4.9	2.38	2.53	0.00381	0.0066	0.016604954954954957
chr9	137614089	137615197	1109	*	3.84	4.61	2.08	2.53	0.0038200000000000005	0.0066	0.016604954954954957
chr9	135616436	135618082	1647	*	3.13	3.84	1.69	2.15	0.0038399999999999997	0.00663	0.01661704035874439
chr9	131806930	131810571	3642	*	2.96	3.67	1.52	2.15	0.00392	0.0067599999999999995	0.0168875
chr9	134176803	134179549	2747	*	4.02	4.77	2.35	2.42	0.00394	0.00678	0.01689822222222222
chr9	135144734	135145773	1040	*	2.07	2.79	0.57	2.22	0.00398	0.00685	0.01699424778761062
chr9	133661195	133662219	1025	*	2.03	2.74	0.56	2.18	0.00411	0.00705	0.017472026431718062
chr9	131547285	131549510	2226	*	2.69	3.43	1.07	2.36	0.00419	0.00717	0.01769868995633188
chr9	135620951	135621574	624	*	1.62	2.34	0.08	2.26	0.0042	0.00718	0.01769868995633188
chr9	131831973	131833873	1901	*	3.2	3.92	1.69	2.23	0.0042899999999999995	0.00732	0.017999347826086955
chr9	133123639	133124391	753	*	2.68	3.41	1.16	2.25	0.00433	0.007370000000000001	0.018088528138528136
chr9	127612958	127614049	1092	*	4.6	5.36	2.91	2.44	0.0044399999999999995	0.00755	0.01846810344827586
chr9	131823418	131826229	2812	*	2.76	3.48	1.26	2.22	0.00446	0.00758	0.01847167381974249
chr9	129751536	129752975	1440	*	5.13	5.83	3.75	2.07	0.00454	0.00772	0.01872264957264957
chr9	15113378	15117635	4258	*	4.72	5.36	3.56	1.79	0.00457	0.00775	0.01876617021276596
chr9	134341845	134343322	1478	*	3.86	4.6	2.27	2.33	0.00461	0.00782	0.01885021186440678
chr9	72119880	72120896	1017	*	4.12	4.85	2.6	2.25	0.00463	0.00784	0.018852109704641348
chr9	34186534	34186845	312	*	2.16	2.93	0.39	2.54	0.00469	0.00792	0.019016176470588234
chr9	34072620	34073036	417	*	2.69	3.43	1.1	2.33	0.00474	0.008	0.019138493723849372
chr9	5600136	5600571	436	*	4.3	5.1	2.37	2.72	0.00476	0.008029999999999999	0.01913916666666667
chr9	130932598	130935791	3194	*	4.11	4.78	2.86	1.92	0.00494	0.008329999999999999	0.019780497925311204
chr9	124097669	124099426	1758	*	2.83	3.51	1.51	2.0	0.00506	0.00853	0.02017366255144033
chr9	19100915	19101838	924	*	4.21	5.01	2.33	2.68	0.0050799999999999994	0.00855	0.02017366255144033
chr9	132465792	132468042	2251	*	3.21	3.95	1.62	2.33	0.0051600000000000005	0.00866	0.020237651821862348
chr9	109478124	109479341	1218	*	3.35	4.1	1.71	2.39	0.0051600000000000005	0.00866	0.020237651821862348
chr9	34664348	34665419	1072	*	5.51	6.26	3.86	2.4	0.00518	0.00867	0.020237651821862348
chr9	2228503	2229859	1357	*	3.7	4.38	2.35	2.04	0.00518	0.00867	0.020237651821862348
chr9	133579540	133579995	456	*	1.79	2.47	0.45	2.02	0.00525	0.00878	0.02042842741935484
chr9	133533365	133536420	3056	*	4.31	5.0	2.9	2.1	0.005520000000000001	0.00921	0.021392771084337354
chr9	72152192	72154787	2596	*	6.03	6.81	4.24	2.56	0.0056	0.00933	0.021616000000000003
chr9	38140530	38142210	1681	*	2.37	3.07	0.98	2.09	0.0056700000000000006	0.00944	0.021750793650793646
chr9	4297007	4298577	1571	*	6.57	7.25	5.24	2.02	0.005679999999999999	0.00945	0.021750793650793646
chr9	133136991	133137665	675	*	2.5	3.25	0.82	2.43	0.00575	0.009559999999999999	0.021921456692913385
chr9	20622906	20624127	1222	*	4.68	5.43	3.03	2.4	0.00577	0.009590000000000001	0.021921456692913385
chr9	69130555	69132506	1952	*	5.36	6.08	3.85	2.23	0.00591	0.0098	0.0223296511627907
chr9	112112317	112112680	364	*	2.15	2.91	0.46	2.45	0.0059299999999999995	0.00983	0.0223296511627907
chr9	134892294	134893901	1608	*	2.86	3.56	1.45	2.11	0.0059700000000000005	0.00988	0.0223296511627907
chr9	126113271	126116218	2948	*	3.69	4.41	2.19	2.22	0.0059700000000000005	0.00988	0.0223296511627907
chr9	131373621	131374133	513	*	4.3	5.1	2.4	2.7	0.00606	0.01	0.022491923076923076
chr9	121652094	121653080	987	*	4.99	5.75	3.28	2.47	0.00606	0.01	0.022491923076923076
chr9	71759381	71760060	680	*	3.55	4.3	1.89	2.42	0.0063	0.0104	0.023293103448275863
chr9	36130589	36138770	8182	*	6.3	6.96	5.06	1.9	0.00636	0.0105	0.023425190839694656
chr9	134089947	134094288	4342	*	4.0	4.7	2.63	2.07	0.0066099999999999996	0.0109	0.024215355805243446
chr9	108039275	108039581	307	*	2.23	2.93	0.85	2.08	0.00665	0.0109	0.024215355805243446
chr9	131012471	131013521	1051	*	2.12	2.81	0.73	2.08	0.006670000000000001	0.0109	0.024215355805243446
chr9	134240941	134244176	3236	*	4.0	4.71	2.55	2.16	0.006679999999999999	0.0109	0.024215355805243446
chr9	132985354	132988193	2840	*	3.74	4.39	2.5	1.89	0.0067	0.011000000000000001	0.024215355805243446
chr9	110452338	110452589	252	*	1.75	2.49	0.15	2.33	0.00673	0.011000000000000001	0.0242330223880597
chr9	130433390	130434560	1171	*	4.78	5.37	3.74	1.63	0.00678	0.0111	0.02432230483271375
chr9	4509480	4510058	579	*	2.71	3.46	1.09	2.37	0.006840000000000001	0.0112	0.024336313868613135
chr9	109307772	109308318	547	*	3.1	3.84	1.5	2.35	0.006840000000000001	0.0112	0.024336313868613135
chr9	15330168	15330939	772	*	4.8	5.56	3.09	2.47	0.00688	0.0112	0.024336313868613135
chr9	112965705	112966848	1144	*	2.22	2.91	0.82	2.09	0.0069099999999999995	0.0112	0.024336313868613135
chr9	33527328	33531694	4367	*	4.15	4.88	2.64	2.24	0.0069099999999999995	0.0112	0.024336313868613135
chr9	134830726	134831736	1011	*	2.38	3.06	1.06	2.01	0.006940000000000001	0.0113	0.02435309090909091
chr9	19413410	19414066	657	*	2.92	3.63	1.44	2.18	0.0069700000000000005	0.0113	0.024369746376811597
chr9	35949174	35949796	623	*	3.62	4.3	2.31	1.99	0.00703	0.0114	0.024472122302158273
chr9	16264647	16265422	776	*	1.88	2.58	0.43	2.15	0.00705	0.0114	0.024472122302158273
chr9	114290882	114291219	338	*	2.88	3.63	1.21	2.42	0.0071400000000000005	0.0115	0.024695698924731186
chr9	20071208	20071728	521	*	1.22	1.9	-0.11	2.01	0.00718	0.0116	0.02470673758865248
chr9	37641200	37645183	3984	*	3.72	4.44	2.2	2.24	0.007209999999999999	0.0116	0.02470673758865248
chr9	135612047	135616415	4369	*	3.88	4.59	2.45	2.14	0.00722	0.0116	0.02470673758865248
chr9	38706385	38707578	1194	*	2.12	2.83	0.67	2.16	0.007359999999999999	0.0118	0.025096819787985863
chr9	38040400	38041722	1323	*	3.92	4.66	2.31	2.36	0.0074	0.0119	0.0251443661971831
chr9	134521059	134526103	5045	*	4.45	5.16	2.98	2.18	0.00743	0.0119	0.025157719298245614
chr9	134537167	134540883	3717	*	4.64	5.36	3.11	2.25	0.00748	0.012	0.02523846153846154
chr9	135711636	135713454	1819	*	2.54	3.24	1.15	2.08	0.00759	0.0122	0.02552038327526133
chr9	69286947	69289317	2371	*	2.5	3.18	1.14	2.04	0.00771	0.0122	0.02583385416666667
chr9	114719188	114719481	294	*	2.9	3.65	1.28	2.37	0.00812	0.0126	0.027099315068493154
chr9	114080087	114080618	532	*	2.89	3.59	1.44	2.15	0.008159999999999999	0.0127	0.027099315068493154
chr9	7266635	7268073	1439	*	1.82	2.5	0.48	2.02	0.00818	0.0127	0.027099315068493154
chr9	19161897	19162960	1064	*	4.39	5.14	2.77	2.37	0.0082	0.0127	0.027099315068493154
chr9	77433398	77433860	463	*	2.3	3.01	0.8	2.21	0.00836	0.013000000000000001	0.027533788395904434
chr9	873690	880997	7308	*	4.41	5.09	3.09	2.01	0.00851	0.0132	0.027874155405405405
chr9	130328786	130331245	2460	*	3.23	3.9	1.93	1.97	0.00855	0.0132	0.027874155405405405
chr9	132430486	132431409	924	*	1.92	2.61	0.57	2.04	0.00855	0.0132	0.027874155405405405
chr9	124161250	124163882	2633	*	2.65	3.36	1.18	2.18	0.008870000000000001	0.0137	0.028820033670033673
chr9	35660694	35661463	770	*	4.37	5.05	3.01	2.04	0.00894	0.0138	0.02895
chr9	71757921	71758361	441	*	2.97	3.7	1.45	2.25	0.009000000000000001	0.0139	0.028982166666666663
chr9	35603378	35603815	438	*	3.1	3.81	1.64	2.17	0.009009999999999999	0.0139	0.028982166666666663
chr9	133138142	133139063	922	*	2.99	3.68	1.62	2.06	0.00905	0.0139	0.029014119601328908
chr9	126940368	126940764	397	*	3.86	4.59	2.34	2.25	0.00916	0.0141	0.02926953642384106
chr9	135633835	135636972	3138	*	3.58	4.31	2.06	2.25	0.00923	0.0142	0.029395874587458744
chr9	36042075	36043184	1110	*	2.29	2.99	0.86	2.13	0.0093	0.0143	0.029456229508196718
chr9	33628426	33628868	443	*	1.93	2.57	0.72	1.85	0.009309999999999999	0.0143	0.029456229508196718
chr9	35961776	35969254	7479	*	4.84	5.52	3.5	2.02	0.0095	0.0146	0.029959150326797385
chr9	126033417	126038091	4675	*	4.18	4.91	2.61	2.3	0.00969	0.0148	0.0303599025974026
chr9	134794883	134796231	1349	*	2.92	3.6	1.61	1.99	0.00969	0.0148	0.0303599025974026
chr9	130906130	130908943	2814	*	3.31	3.99	1.98	2.0	0.00974	0.0149	0.030417799352750814
chr9	74887057	74887873	817	*	4.59	5.32	3.08	2.24	0.00982	0.015	0.03056870967741936
chr9	133615357	133616194	838	*	2.25	2.95	0.84	2.11	0.00988	0.0151	0.03065659163987138
chr9	34046184	34047753	1570	*	4.94	5.69	3.3	2.39	0.0102	0.0156	0.03154807692307692
chr9	124095187	124096288	1102	*	1.82	2.51	0.46	2.05	0.0103	0.0157	0.031755591054313095
chr9	130043212	130043878	667	*	4.59	5.33	3.03	2.29	0.0104	0.0159	0.031961783439490445
chr9	129640687	129641631	945	*	4.05	4.82	2.28	2.54	0.0105	0.016	0.032064873417721525
chr9	110207550	110208152	603	*	3.59	4.33	1.97	2.37	0.0105	0.016	0.032064873417721525
chr9	135654886	135657878	2993	*	3.3	3.97	2.02	1.95	0.0106	0.0161	0.03226813880126183
chr9	111484507	111485172	666	*	3.79	4.57	1.96	2.6	0.0108	0.0164	0.032670846394984326
chr9	75892190	75892570	381	*	1.79	2.45	0.56	1.89	0.0108	0.0164	0.032670846394984326
chr9	75207902	75208728	827	*	4.95	5.63	3.64	1.99	0.0109	0.0164	0.0328703125
chr9	134333086	134334864	1779	*	4.98	5.65	3.68	1.97	0.0111	0.0167	0.03326552795031056
chr9	126117964	126118867	904	*	2.15	2.83	0.82	2.01	0.0111	0.0168	0.03326552795031056
chr9	33818202	33818565	364	*	1.35	2.05	-0.08	2.13	0.0112	0.0169	0.033358024691358026
chr9	865237	868305	3069	*	3.68	4.33	2.45	1.88	0.0112	0.0169	0.033358024691358026
chr9	4664632	4665154	523	*	3.19	3.94	1.53	2.41	0.0115	0.0172	0.03404141104294478
chr9	134220465	134232497	12033	*	5.73	6.4	4.44	1.95	0.0115	0.0173	0.03404141104294478
chr9	134106793	134109071	2279	*	2.91	3.6	1.56	2.04	0.0119	0.0178	0.035117737003058105
chr9	72294645	72295761	1117	*	4.9	5.64	3.31	2.33	0.0121	0.0181	0.035599085365853655
chr9	19471786	19474039	2254	*	4.49	5.15	3.25	1.9	0.0122	0.0182	0.03578419452887538
chr9	134263277	134264991	1715	*	3.13	3.79	1.9	1.89	0.0123	0.0184	0.03596818181818182
chr9	4901038	4901869	832	*	4.33	5.03	2.92	2.11	0.0124	0.0185	0.036042168674698796
chr9	131789656	131792732	3077	*	3.85	4.54	2.51	2.03	0.0124	0.0186	0.036042168674698796
chr9	124020698	124022090	1393	*	2.5	3.17	1.22	1.95	0.0125	0.0187	0.036223723723723726
chr9	127545695	127547389	1695	*	5.83	6.56	4.25	2.31	0.0126	0.0187	0.03640419161676647
chr9	15027095	15030065	2971	*	4.01	4.71	2.59	2.12	0.0128	0.019	0.03661323529411765
chr9	133601520	133605155	3636	*	3.73	4.4	2.44	1.96	0.0129	0.0192	0.03661323529411765
chr9	132210588	132214005	3418	*	3.69	4.35	2.44	1.91	0.0129	0.0192	0.03661323529411765
chr9	131030589	131032933	2345	*	2.2	2.85	0.95	1.9	0.0129	0.0192	0.03661323529411765
chr9	131544459	131545104	646	*	2.18	2.79	1.08	1.71	0.0129	0.0192	0.03661323529411765
chr9	19399496	19400402	907	*	2.71	3.46	1.11	2.35	0.0129	0.0192	0.03661323529411765
chr9	133606493	133607402	910	*	1.68	2.35	0.36	1.99	0.0131	0.0194	0.037071847507331376
chr9	72314754	72316906	2153	*	5.04	5.78	3.48	2.3	0.0132	0.0195	0.03724561403508772
chr9	127583953	127584459	507	*	3.16	3.89	1.62	2.27	0.0133	0.0197	0.03741836734693877
chr9	115373830	115374323	494	*	2.63	3.31	1.27	2.04	0.0136	0.02	0.03815116279069767
chr9	134530103	134532980	2878	*	3.77	4.46	2.4	2.07	0.0137	0.0201	0.038209537572254336
chr9	35604378	35605246	869	*	5.61	6.35	3.99	2.36	0.0137	0.0202	0.038209537572254336
chr9	121650766	121651168	403	*	3.36	4.05	1.97	2.08	0.0138	0.0202	0.03837752161383286
chr9	115115982	115118683	2702	*	3.28	3.95	2.02	1.93	0.0139	0.0203	0.03854454022988505
chr9	6024074	6024358	285	*	3.26	3.96	1.84	2.12	0.0142	0.0208	0.03926361031518625
chr9	117783061	117783654	594	*	4.62	5.31	3.29	2.02	0.0143	0.021	0.039427142857142855
chr9	122172070	122174151	2082	*	3.04	3.7	1.76	1.95	0.0145	0.0212	0.039864672364672366
chr9	133528329	133528699	371	*	1.98	2.62	0.8	1.83	0.0146	0.0213	0.04002556818181818
chr9	33211816	33212471	656	*	3.15	3.84	1.77	2.06	0.0149	0.0217	0.04061723163841808
chr9	135469090	135469594	505	*	4.62	5.34	3.11	2.23	0.0149	0.0218	0.04061723163841808
chr9	130545646	130546472	827	*	1.75	2.33	0.77	1.56	0.0151	0.0219	0.04070251396648045
chr9	128084008	128084441	434	*	4.02	4.73	2.56	2.17	0.0151	0.0219	0.04070251396648045
chr9	134708308	134708912	605	*	2.38	3.02	1.2	1.82	0.0151	0.0219	0.04070251396648045
chr9	127523613	127523949	337	*	2.06	2.73	0.77	1.96	0.0151	0.022000000000000002	0.04070251396648045
chr9	113342329	113342851	523	*	2.11	2.81	0.72	2.09	0.0152	0.0221	0.04085793871866295
chr9	127396178	127396824	647	*	5.23	5.97	3.63	2.34	0.0155	0.0224	0.04154861111111111
chr9	5210614	5211017	404	*	0.98	1.6	-0.13	1.74	0.0158	0.0229	0.042235457063711915
chr9	128270631	128271198	568	*	2.87	3.6	1.33	2.27	0.016	0.0231	0.042534435261707984
chr9	129851800	129854058	2259	*	5.19	5.88	3.78	2.1	0.016	0.0231	0.042534435261707984
chr9	73151296	73151643	348	*	2.48	3.16	1.17	1.99	0.0161	0.0233	0.0426826923076923
chr9	900656	902380	1725	*	2.42	3.04	1.3	1.73	0.0163	0.0236	0.0430945205479452
chr9	69186177	69187954	1778	*	5.03	5.74	3.57	2.16	0.0164	0.0237	0.043240437158469945
chr9	72360360	72360786	427	*	2.44	3.14	1.01	2.13	0.0168	0.0242	0.044054347826086956
chr9	126526683	126527626	944	*	2.43	3.1	1.16	1.94	0.0168	0.0243	0.044054347826086956
chr9	15018457	15024986	6530	*	5.09	5.74	3.88	1.86	0.0169	0.0244	0.044077027027027024
chr9	119549777	119550619	843	*	1.68	2.28	0.65	1.62	0.0169	0.0244	0.044077027027027024
chr9	133333818	133334264	447	*	2.93	3.58	1.72	1.86	0.017	0.0244	0.04421832884097035
chr9	127047555	127049242	1688	*	5.29	6.01	3.82	2.19	0.0171	0.0245	0.04435887096774194
chr9	135251366	135252099	734	*	2.37	2.96	1.33	1.63	0.0173	0.0249	0.04463770053475936
chr9	130353632	130354147	516	*	2.66	3.3	1.48	1.82	0.0173	0.0249	0.04463770053475936
chr9	128295472	128296309	838	*	4.22	4.9	2.91	1.99	0.0174	0.0249	0.044775999999999996
chr9	19074216	19074865	650	*	3.22	3.89	1.92	1.97	0.0176	0.0252	0.04517021276595745
chr9	126851363	126854979	3617	*	3.1	3.7	2.03	1.67	0.0177	0.0254	0.045306366047745364
chr9	113765026	113767313	2288	*	2.09	2.71	1.0	1.71	0.0179	0.0256	0.045697089947089944
chr9	72121052	72121568	517	*	1.88	2.52	0.68	1.84	0.0181	0.0258	0.04596447368421053
chr9	27572306	27573202	897	*	3.87	4.53	2.61	1.92	0.0181	0.0258	0.04596447368421053
chr9	19406709	19407512	804	*	2.4	3.12	0.92	2.19	0.0182	0.0259	0.045988281250000006
chr9	114852521	114853053	533	*	3.32	4.03	1.86	2.18	0.0183	0.026000000000000002	0.045988281250000006
chr9	111959871	111960234	364	*	2.49	3.16	1.17	2.0	0.0183	0.026000000000000002	0.045988281250000006
chr9	108049108	108049524	417	*	2.57	3.22	1.33	1.9	0.0183	0.0261	0.045988281250000006
chr9	984864	987124	2261	*	3.01	3.64	1.87	1.77	0.0185	0.0262	0.04613049095607235
chr9	127225917	127226230	314	*	2.24	2.84	1.23	1.61	0.0185	0.0263	0.04613049095607235
chr9	35657060	35658300	1241	*	5.69	6.37	4.4	1.97	0.0185	0.0263	0.04613049095607235
chr9	111597557	111598834	1278	*	5.31	6.06	3.7	2.36	0.0186	0.0263	0.04626030927835051
chr9	21192829	21194601	1773	*	3.5	4.14	2.34	1.8	0.0188	0.0266	0.046544191919191916
chr9	113150587	113152387	1801	*	5.54	6.22	4.21	2.01	0.0189	0.0267	0.046544191919191916
chr9	32378821	32379367	547	*	2.39	3.09	1.0	2.09	0.0189	0.0267	0.046544191919191916
chr9	114662286	114663399	1114	*	3.07	3.73	1.83	1.9	0.019	0.0269	0.046544191919191916
chr9	32709836	32711578	1743	*	2.27	2.87	1.21	1.66	0.0191	0.0269	0.046544191919191916
chr9	112556676	112557704	1029	*	4.55	5.27	3.03	2.24	0.0191	0.0269	0.046544191919191916
chr9	76905963	76910148	4186	*	3.92	4.5	2.93	1.57	0.0191	0.0269	0.046544191919191916
chr9	3021691	3023415	1725	*	2.65	3.33	1.33	1.99	0.0191	0.0269	0.046544191919191916
chr9	77132031	77132491	461	*	1.01	1.63	-0.09	1.72	0.0194	0.0272	0.04691979949874687
chr9	134954903	134956699	1797	*	2.52	3.14	1.4	1.73	0.0194	0.0272	0.04691979949874687
chr9	131770983	131773355	2373	*	3.14	3.8	1.88	1.92	0.0194	0.0272	0.04691979949874687
chr9	131781107	131783557	2451	*	3.08	3.73	1.86	1.88	0.0196	0.0275	0.047285
chr9	72139824	72140553	730	*	3.2	3.9	1.8	2.09	0.0197	0.0276	0.0474077306733167
chr9	75196780	75198124	1345	*	2.5	3.13	1.37	1.75	0.0198	0.0277	0.047529850746268656
chr9	35979349	35981958	2610	*	3.5	4.18	2.13	2.05	0.0199	0.0278	0.04765136476426799
chr9	132705057	132706519	1463	*	2.66	3.33	1.37	1.96	0.0201	0.027999999999999997	0.04789259259259259
chr9	135115047	135116036	990	*	2.6	3.23	1.42	1.81	0.0201	0.0281	0.04789259259259259
chr9	19050596	19051802	1207	*	5.27	6.0	3.75	2.25	0.0202	0.0282	0.04801231527093596
chr9	15354914	15355148	235	*	2.38	3.08	0.96	2.13	0.0204	0.0284	0.048132029339853305
chr9	69178904	69180518	1615	*	4.45	5.14	3.1	2.04	0.0204	0.0284	0.048132029339853305
chr9	135160213	135164093	3881	*	3.74	4.4	2.47	1.93	0.0204	0.0284	0.048132029339853305
chr9	71760408	71761657	1250	*	4.91	5.59	3.58	2.01	0.0205	0.0286	0.04825
chr9	33633710	33635353	1644	*	1.82	2.47	0.61	1.87	0.0207	0.0287	0.04860048426150121
chr9	133670293	133673789	3497	*	4.09	4.73	2.92	1.81	0.0208	0.0289	0.04860048426150121
chr9	135299226	135304777	5552	*	4.24	4.87	3.09	1.78	0.0208	0.0289	0.04860048426150121
chr9	127422700	127423818	1119	*	5.08	5.82	3.51	2.31	0.0209	0.028999999999999998	0.048716183574879224
chr9	72442659	72443233	575	*	2.49	3.2	1.03	2.17	0.021	0.0291	0.04883132530120483
chr9	19104364	19104904	541	*	3.11	3.8	1.76	2.03	0.0212	0.0293	0.049059952038369305
chr9	34329532	34330402	871	*	5.09	5.83	3.53	2.3	0.0212	0.0293	0.049059952038369305
chr9	41338010	41338934	925	*	0.26	-0.72	0.83	-1.55	0.0213	0.0294	0.04916904761904762
chr9	134516431	134517078	648	*	1.89	2.53	0.73	1.8	0.0214	0.0295	0.04916904761904762
chr9	127198317	127199952	1636	*	5.88	6.6	4.39	2.21	0.0214	0.0295	0.04916904761904762
chr9	38063193	38064095	903	*	3.54	4.25	2.1	2.15	0.0216	0.0297	0.049510688836104516
chr9	6008612	6009275	664	*	3.97	4.69	2.49	2.2	0.0218	0.03	0.04973286052009456
chr9	112165165	112165996	832	*	2.78	3.44	1.53	1.91	0.0218	0.03	0.04973286052009456
chr9	114693617	114694161	545	*	3.37	4.02	2.19	1.83	0.0219	0.0301	0.04984316037735849
chr9	112555806	112556227	422	*	3.05	3.71	1.77	1.95	0.0222	0.0305	0.0502887323943662
chr9	33328586	33329124	539	*	4.12	4.86	2.54	2.32	0.0222	0.0305	0.0502887323943662
chr9	132186438	132190349	3912	*	3.76	4.41	2.56	1.84	0.0225	0.0308	0.05071860465116279
chr9	113374955	113377659	2705	*	8.71	9.48	6.91	2.57	0.0225	0.0308	0.05071860465116279
chr9	133485413	133486192	780	*	3.7	4.4	2.27	2.13	0.0226	0.0309	0.05071860465116279
chr9	4662239	4662869	631	*	5.38	6.08	3.96	2.11	0.0226	0.031	0.05071860465116279
chr9	122954585	122954877	293	*	2.31	2.95	1.12	1.83	0.0227	0.0311	0.05080114942528736
chr9	79355911	79356459	549	*	1.58	2.19	0.49	1.7	0.0228	0.0311	0.05080114942528736
chr9	133584045	133585505	1461	*	2.7	3.3	1.63	1.68	0.0228	0.0311	0.05080114942528736
chr9	125726454	125727701	1248	*	1.45	2.08	0.32	1.76	0.0229	0.0312	0.05080114942528736
chr9	34537176	34537743	568	*	1.74	2.39	0.53	1.86	0.0229	0.0312	0.05080114942528736
chr9	34637995	34638680	686	*	4.6	5.33	3.03	2.3	0.023	0.0313	0.050905963302752294
chr9	34647251	34648302	1052	*	3.84	4.52	2.53	1.98	0.0233	0.0316	0.05133447488584475
chr9	134630699	134634581	3883	*	3.91	4.53	2.77	1.76	0.0233	0.0316	0.05133447488584475
chr9	126327280	126327846	567	*	3.15	3.83	1.83	2.0	0.0236	0.032	0.05186054421768707
chr9	34834240	34835768	1529	*	2.27	1.19	2.88	-1.69	0.0237	0.0321	0.05186054421768707
chr9	134702117	134706912	4796	*	4.7	5.36	3.48	1.87	0.0237	0.0321	0.05186054421768707
chr9	134875307	134877281	1975	*	3.03	3.67	1.85	1.81	0.0238	0.0322	0.05196153846153847
chr9	5831008	5833789	2782	*	7.32	8.08	5.64	2.44	0.024	0.0325	0.05227990970654628
chr9	134329369	134330690	1322	*	5.63	6.35	4.12	2.22	0.0241	0.0325	0.05237950450450451
chr9	111958200	111958518	319	*	2.54	3.14	1.5	1.64	0.0242	0.0327	0.05247865168539326
chr9	4665872	4666494	623	*	3.79	4.52	2.28	2.23	0.0247	0.0333	0.05344282511210762
chr9	121598051	121599403	1353	*	5.76	6.44	4.42	2.02	0.0248	0.0335	0.05353914988814317
chr9	134083890	134085250	1361	*	2.5	3.12	1.38	1.74	0.0251	0.0338	0.054065848214285714
chr9	133642500	133647434	4935	*	4.09	4.75	2.85	1.9	0.0254	0.0342	0.0545902004454343
chr9	36316767	36319610	2844	*	7.59	8.32	6.02	2.3	0.0255	0.0343	0.054683333333333334
chr9	112554645	112555026	382	*	1.98	2.61	0.84	1.77	0.0256	0.0344	0.054747240618101545
chr9	129788423	129789441	1019	*	1.85	2.44	0.83	1.62	0.0257	0.0344	0.054747240618101545
chr9	126531607	126532815	1209	*	2.58	3.21	1.45	1.76	0.0257	0.0344	0.054747240618101545
chr9	32729665	32731860	2196	*	3.16	3.77	2.09	1.67	0.0259	0.0348	0.05505176211453744
chr9	110206359	110206804	446	*	2.69	3.33	1.5	1.83	0.026000000000000002	0.0349	0.055142857142857146
chr9	4488491	4491687	3197	*	6.36	6.97	5.28	1.69	0.0262	0.0351	0.05544517543859649
chr9	5335443	5338122	2680	*	2.92	3.46	2.03	1.43	0.0268	0.0358	0.056590809628008755
chr9	71762284	71763641	1358	*	5.25	5.94	3.88	2.06	0.027000000000000003	0.0361	0.05685108695652174
chr9	107557154	107557725	572	*	2.92	3.59	1.62	1.97	0.0271	0.0361	0.05685108695652174
chr9	126163298	126167273	3976	*	4.13	4.77	2.95	1.82	0.0271	0.0361	0.05685108695652174
chr9	126701805	126702648	844	*	2.97	3.62	1.77	1.85	0.0272	0.0362	0.056937093275488064
chr9	36487953	36488541	589	*	4.17	4.87	2.74	2.13	0.0274	0.0364	0.05723160173160173
chr9	133416412	133417384	973	*	4.12	4.79	2.83	1.96	0.027999999999999997	0.0372	0.05835853131749459
chr9	15073841	15076845	3005	*	3.03	3.67	1.85	1.82	0.0281	0.0373	0.05844073275862069
chr9	114081081	114081529	449	*	2.6	3.2	1.56	1.64	0.0282	0.0374	0.05852258064516129
chr9	4680235	4680945	711	*	3.6	4.32	2.09	2.22	0.0283	0.0375	0.05860407725321888
chr9	127557203	127558609	1407	*	4.04	4.69	2.8	1.89	0.0285	0.0377	0.05876602564102564
chr9	112322813	112323206	394	*	2.25	2.89	1.05	1.84	0.0285	0.0377	0.05876602564102564
chr9	138125995	138126499	505	*	2.52	3.17	1.29	1.87	0.0286	0.0378	0.058846481876332624
chr9	127564101	127565275	1175	*	4.12	4.8	2.8	2.0	0.0291	0.0384	0.059747872340425535
chr9	128297221	128298025	805	*	3.63	4.3	2.34	1.96	0.0293	0.0386	0.05990360169491525
chr9	125189101	125190923	1823	*	7.08	7.79	5.58	2.21	0.0293	0.0386	0.05990360169491525
chr9	978301	980184	1884	*	2.69	3.31	1.59	1.72	0.0294	0.0388	0.05998097251585623
chr9	130243152	130243767	616	*	3.5	4.17	2.23	1.94	0.0295	0.0388	0.06005801687763713
chr9	19001187	19001674	488	*	1.11	1.69	0.12	1.57	0.0296	0.0389	0.06013473684210527
chr9	135748152	135748867	716	*	2.03	2.64	0.92	1.72	0.0299	0.0393	0.06061659663865546
chr9	135208889	135215013	6125	*	4.13	4.74	3.05	1.7	0.03	0.0394	0.06069182389937106
chr9	132200240	132202147	1908	*	3.49	4.08	2.49	1.59	0.0301	0.0395	0.060766736401673634
chr9	26722614	26723528	915	*	1.42	1.99	0.47	1.52	0.0303	0.0397	0.060915625
chr9	4529539	4529912	374	*	2.49	3.16	1.2	1.96	0.0303	0.0397	0.060915625
chr9	32724347	32725208	862	*	1.65	2.25	0.62	1.63	0.0304	0.0398	0.06098960498960499
chr9	41289234	41291192	1959	*	2.65	1.6	3.25	-1.65	0.0305	0.0399	0.061063278008298756
chr9	69290202	69290716	515	*	0.84	1.4	-0.08	1.49	0.0308	0.0402	0.06140909090909091
chr9	69103274	69106065	2792	*	6.39	7.12	4.85	2.27	0.0308	0.0402	0.06140909090909091
chr9	35659112	35659667	556	*	2.8	3.41	1.72	1.69	0.0309	0.0404	0.06148144329896907
chr9	129822924	129823682	759	*	3.25	3.96	1.83	2.13	0.0311	0.0405	0.06175205761316873
chr9	134934765	134936892	2128	*	3.35	4.01	2.11	1.9	0.0314	0.0409	0.06209221311475409
chr9	131531381	131531802	422	*	3.43	4.11	2.09	2.02	0.0314	0.0409	0.06209221311475409
chr9	36320949	36321407	459	*	2.34	3.0	1.05	1.95	0.0316	0.0411	0.06235991820040901
chr9	138117096	138117670	575	*	1.83	2.42	0.82	1.6	0.0318	0.0413	0.062371951219512195
chr9	73152895	73153479	585	*	4.26	5.01	2.62	2.39	0.0318	0.0413	0.062371951219512195
chr9	419024	419496	473	*	2.35	2.99	1.15	1.84	0.0318	0.0413	0.062371951219512195
chr9	128129935	128130355	421	*	3.01	3.59	2.03	1.56	0.032	0.0415	0.0626369168356998
chr9	134964956	134967412	2457	*	3.18	3.79	2.1	1.69	0.0321	0.0416	0.06270546558704453
chr9	15423314	15423920	607	*	4.58	5.3	3.05	2.26	0.0323	0.0418	0.06296868686868687
chr9	133252580	133255530	2951	*	7.23	7.93	5.81	2.12	0.0324	0.0419	0.06297690763052209
chr9	75212076	75216316	4241	*	3.47	4.03	2.52	1.51	0.0325	0.0419	0.06297690763052209
chr9	77647817	77649224	1408	*	6.1	6.76	4.85	1.91	0.0325	0.042	0.06297690763052209
chr9	133632937	133635165	2229	*	2.79	3.4	1.72	1.68	0.0327	0.0421	0.063111
chr9	126224758	126228479	3722	*	4.43	5.06	3.27	1.79	0.0327	0.0421	0.063111
chr9	126513743	126519637	5895	*	4.23	4.87	3.07	1.8	0.0329	0.0423	0.0631845238095238
chr9	135224176	135224568	393	*	0.56	-0.39	1.12	-1.52	0.033	0.0424	0.0631845238095238
chr9	109118593	109120790	2198	*	6.8	7.52	5.31	2.21	0.033	0.0424	0.0631845238095238
chr9	126220333	126221706	1374	*	1.86	2.42	0.92	1.51	0.033	0.0424	0.0631845238095238
chr9	69671558	69673064	1507	*	5.62	6.25	4.47	1.78	0.0332	0.0426	0.06344158415841585
chr9	214708	216086	1379	*	6.2	6.86	4.94	1.93	0.0337	0.0432	0.0642697628458498
chr9	19048611	19049428	818	*	6.29	6.96	5.01	1.95	0.034	0.0436	0.06471400394477318
chr9	127022831	127023390	560	*	2.78	3.47	1.44	2.02	0.0345	0.0441	0.0654013671875
chr9	132157398	132157770	373	*	1.56	2.13	0.59	1.54	0.0346	0.0442	0.0654013671875
chr9	19208092	19208514	423	*	2.49	3.18	1.16	2.02	0.0346	0.0442	0.0654013671875
chr9	133273475	133276421	2947	*	8.25	8.96	6.76	2.2	0.0347	0.0442	0.0654013671875
chr9	128455217	128456028	812	*	4.88	5.6	3.39	2.2	0.0347	0.0442	0.0654013671875
chr9	72292264	72293997	1734	*	5.07	5.7	3.92	1.77	0.0349	0.0444	0.06565009746588693
chr9	36781268	36781642	375	*	2.35	2.91	1.41	1.5	0.0353	0.0449	0.06627334630350194
chr9	129460408	129461211	804	*	6.08	6.8	4.59	2.21	0.0358	0.0455	0.0669515503875969
chr9	70259840	70261121	1282	*	4.7	5.41	3.23	2.19	0.0358	0.0455	0.0669515503875969
chr9	109330948	109332280	1333	*	3.97	4.63	2.69	1.95	0.0362	0.046	0.06756866537717603
chr9	127074969	127075823	855	*	4.32	4.98	3.06	1.93	0.0363	0.0461	0.06762451737451737
chr9	129607330	129608904	1575	*	4.36	4.99	3.21	1.78	0.0365	0.0462	0.06786608863198458
chr9	33819220	33820190	971	*	4.44	5.14	3.02	2.12	0.0368	0.0466	0.0682923076923077
chr9	35079698	35080650	953	*	4.89	5.55	3.63	1.92	0.037000000000000005	0.0467	0.06840038314176246
chr9	33472751	33473543	793	*	3.89	4.58	2.54	2.03	0.037000000000000005	0.0467	0.06840038314176246
chr9	113387158	113388016	859	*	3.29	3.95	2.03	1.92	0.0371	0.0469	0.06845411089866157
chr9	72128755	72130893	2139	*	5.46	6.15	4.08	2.08	0.0376	0.0475	0.06924011299435029
chr9	37079514	37079965	452	*	4.47	5.13	3.19	1.94	0.0378	0.0476	0.06924011299435029
chr9	131762260	131762822	563	*	4.12	4.8	2.79	2.02	0.038	0.0478	0.06924011299435029
chr9	109319745	109320377	633	*	4.13	4.78	2.93	1.85	0.038	0.0478	0.06924011299435029
chr9	77588145	77589112	968	*	4.63	5.35	3.13	2.21	0.038	0.0478	0.06924011299435029
chr9	134065457	134065989	533	*	3.71	4.33	2.59	1.74	0.038	0.0478	0.06924011299435029
chr9	114974936	114979708	4773	*	3.86	4.5	2.71	1.79	0.0381	0.0478	0.06924011299435029
chr9	129549779	129550484	706	*	4.23	4.89	2.96	1.93	0.0381	0.0478	0.06924011299435029
chr9	38068641	38069244	604	*	5.65	6.33	4.3	2.03	0.0382	0.0479	0.06929135338345864
chr9	133612334	133613335	1002	*	1.56	2.14	0.59	1.55	0.0383	0.0479	0.0693424015009381
chr9	127560203	127562075	1873	*	5.17	5.83	3.94	1.89	0.0386	0.0484	0.06972439478584731
chr9	128097761	128098251	491	*	4.23	4.83	3.19	1.64	0.0387	0.0484	0.06972439478584731
chr9	35689939	35690935	997	*	4.9	5.57	3.58	1.99	0.0388	0.0485	0.06972439478584731
chr9	36258526	36259126	601	*	4.76	5.45	3.37	2.08	0.0388	0.0485	0.06972439478584731
chr9	130444787	130445722	936	*	5.28	5.97	3.91	2.05	0.0391	0.0488	0.0701328996282528
chr9	126122664	126123514	851	*	2.39	2.97	1.39	1.58	0.0393	0.049	0.070360853432282
chr9	122947334	122947727	394	*	2.87	3.53	1.64	1.89	0.0396	0.0494	0.07076666666666667
chr9	121640019	121640376	358	*	3.72	4.37	2.49	1.89	0.0401	0.05	0.07152772643253234
chr9	35646888	35647593	706	*	4.89	5.53	3.72	1.8	0.0408	0.0508	0.07264206642066422
chr9	127424646	127425716	1071	*	4.29	4.96	2.98	1.98	0.0414	0.0515	0.07343933823529412
chr9	69192908	69193365	458	*	2.86	3.48	1.75	1.73	0.0414	0.0515	0.07343933823529412
chr9	125241549	125242237	689	*	6.26	6.98	4.8	2.17	0.0416	0.0517	0.07365871559633028
chr9	132770335	132770870	536	*	3.42	4.07	2.24	1.83	0.0418	0.052000000000000005	0.07387728937728938
chr9	127802842	127804525	1684	*	5.9	6.58	4.59	1.99	0.042	0.052000000000000005	0.07409506398537477
chr9	109100684	109101438	755	*	3.96	4.67	2.52	2.15	0.0424	0.0525	0.07452823315118397
chr9	113339771	113340363	593	*	5.38	6.07	3.99	2.09	0.0424	0.0525	0.07452823315118397
chr9	133639168	133641237	2070	*	3.28	3.89	2.2	1.69	0.0426	0.0528	0.07474363636363636
chr9	132425467	132426133	667	*	1.43	2.0	0.46	1.55	0.0429	0.053	0.07499728260869565
chr9	124045096	124046167	1072	*	2.81	3.38	1.87	1.51	0.0429	0.053	0.07499728260869565
chr9	112334030	112334820	791	*	4.91	5.6	3.54	2.06	0.0431	0.0533	0.0752106690777577
chr9	132241374	132248659	7286	*	5.99	6.54	5.1	1.44	0.0438	0.054000000000000006	0.07609318996415772
chr9	135787029	135789616	2588	*	3.03	3.62	2.01	1.61	0.0438	0.054000000000000006	0.07609318996415772
chr9	129333186	129333639	454	*	1.45	2.09	0.27	1.82	0.044000000000000004	0.0542	0.07609318996415772
chr9	133459768	133461233	1466	*	6.74	7.43	5.34	2.09	0.044000000000000004	0.0542	0.07609318996415772
chr9	69036253	69036897	645	*	3.32	3.98	2.06	1.92	0.044000000000000004	0.0542	0.07609318996415772
chr9	72149332	72150911	1580	*	6.95	7.64	5.6	2.03	0.0441	0.0543	0.07612969588550984
chr9	15305518	15306125	608	*	4.95	5.66	3.48	2.18	0.0443	0.0545	0.07633839285714286
chr9	134068185	134069284	1100	*	6.47	7.13	5.24	1.88	0.0445	0.0546	0.07654634581105169
chr9	130045379	130046245	867	*	3.72	4.37	2.51	1.85	0.0448	0.0549	0.07678863232682061
chr9	128456783	128457399	617	*	3.24	3.92	1.91	2.01	0.0448	0.0549	0.07678863232682061
chr9	32523659	32526446	2788	*	7.31	8.0	5.95	2.06	0.0455	0.0557	0.07771238938053097
chr9	69758392	69760109	1718	*	6.14	6.81	4.85	1.96	0.0455	0.0557	0.07771238938053097
chr9	34611116	34612213	1098	*	5.7	6.37	4.4	1.97	0.0458	0.055999999999999994	0.07808657243816254
chr9	72574113	72574527	415	*	3.12	3.78	1.86	1.92	0.0462	0.0564	0.07862962962962963
chr9	104093197	104095488	2292	*	7.94	8.64	6.51	2.14	0.0466	0.0569	0.07917077464788733
chr9	33271990	33272306	317	*	2.38	2.99	1.3	1.69	0.0468	0.0571	0.0793708260105448
chr9	127572369	127576643	4275	*	8.14	8.86	6.68	2.18	0.0471	0.0575	0.07973947368421053
chr9	6247170	6248279	1110	*	4.4	5.02	3.29	1.73	0.0472	0.0575	0.07976882661996497
chr9	129642167	129642684	518	*	4.79	5.44	3.59	1.84	0.0478	0.0582	0.0806416083916084
chr9	129180674	129181328	655	*	2.76	3.41	1.56	1.85	0.0481	0.0585	0.08086498257839721
chr9	122130578	122132314	1737	*	3.19	3.7	2.4	1.31	0.0481	0.0585	0.08086498257839721
chr9	126583271	126585089	1819	*	2.04	2.62	1.07	1.55	0.0483	0.0587	0.08106000000000001
chr9	36257340	36258041	702	*	3.4	4.05	2.15	1.9	0.0484	0.0587	0.08108680555555556
chr9	33654070	33656035	1966	*	2.62	3.23	1.56	1.67	0.0489	0.0593	0.08178249566724437
chr9	109497636	109498112	477	*	3.93	4.58	2.72	1.86	0.0495	0.06	0.08254819277108434
chr9	109556452	109556951	500	*	1.96	2.54	0.98	1.56	0.0496	0.06	0.08254819277108434
chr9	6680458	6680964	507	*	3.73	4.39	2.48	1.91	0.0497	0.0601	0.08254819277108434
chr9	126524698	126525334	637	*	1.87	2.45	0.89	1.56	0.0497	0.0601	0.08254819277108434
chr9	16625028	16628508	3481	*	2.63	3.23	1.59	1.64	0.0501	0.0606	0.08306958762886597
chr9	6756725	6758917	2193	*	6.81	7.48	5.48	2.0	0.0502	0.0606	0.08309262435677531
chr9	4678307	4679551	1245	*	6.41	7.1	5.07	2.03	0.0503	0.0607	0.08311558219178082
chr9	127022012	127022490	479	*	2.02	2.64	0.88	1.76	0.0504	0.0608	0.08313846153846154
chr9	107465923	107466610	688	*	3.78	4.33	2.89	1.44	0.0511	0.0615	0.08414931740614334
chr9	4984280	4984775	496	*	5.08	5.75	3.81	1.95	0.0513	0.0617	0.08433475298126064
chr9	36190509	36194488	3980	*	7.78	8.43	6.56	1.87	0.0515	0.0619	0.08443749999999998
chr9	15295461	15297119	1659	*	5.2	5.83	4.04	1.79	0.0516	0.0619	0.08443749999999998
chr9	126326114	126326621	508	*	2.71	3.29	1.7	1.6	0.0517	0.0619	0.08443749999999998
chr9	1021436	1026049	4614	*	4.13	4.73	3.08	1.65	0.0518	0.0619	0.08443749999999998
chr9	4792055	4794158	2104	*	6.55	7.23	5.24	1.99	0.0518	0.0619	0.08443749999999998
chr9	108031518	108033091	1574	*	5.54	6.17	4.39	1.77	0.0519	0.062	0.08445784148397976
chr9	120869110	120869688	579	*	4.28	4.89	3.2	1.69	0.052000000000000005	0.0622	0.08447811447811449
chr9	130681638	130682315	678	*	4.36	5.01	3.14	1.87	0.0526	0.0628	0.085309243697479
chr9	35747266	35748418	1153	*	4.31	5.0	2.97	2.03	0.0528	0.063	0.08534673366834171
chr9	113385224	113386718	1495	*	4.05	4.7	2.86	1.83	0.0528	0.063	0.08534673366834171
chr9	112119198	112120306	1109	*	4.55	5.19	3.39	1.8	0.0533	0.0635	0.08601086956521739
chr9	35070390	35071510	1121	*	5.17	5.88	3.74	2.14	0.0539	0.0641	0.0868338898163606
chr9	6787918	6788232	315	*	2.99	3.6	1.88	1.72	0.0541	0.0643	0.08701083333333334
chr9	125199851	125201129	1279	*	6.58	7.27	5.24	2.03	0.0542	0.0643	0.08702662229617304
chr9	114806181	114807258	1078	*	5.14	5.78	3.93	1.86	0.055	0.0652	0.08816445182724253
chr9	1888738	1890840	2103	*	1.97	2.53	1.04	1.49	0.0551	0.0652	0.08817827529021559
chr9	26891014	26892500	1487	*	5.58	6.27	4.24	2.02	0.057	0.0673	0.091067880794702
chr9	37663468	37667034	3567	*	3.36	3.93	2.39	1.54	0.0572	0.0676	0.09123636363636364
chr9	133147668	133148496	829	*	5.32	5.95	4.18	1.77	0.0574	0.0677	0.0914042904290429
chr9	128504672	128505393	722	*	5.43	6.1	4.16	1.94	0.0577	0.068	0.09173064250411862
chr9	133935386	133936078	693	*	3.13	3.73	2.07	1.66	0.0583	0.0685	0.09207774140752864
chr9	113221694	113223311	1618	*	5.81	6.49	4.52	1.97	0.0583	0.0685	0.09207774140752864
chr9	35664377	35665834	1458	*	5.61	6.25	4.41	1.85	0.0583	0.0685	0.09207774140752864
chr9	125261163	125262606	1444	*	6.9	7.55	5.66	1.89	0.0583	0.0685	0.09207774140752864
chr9	70258491	70259383	893	*	4.18	4.78	3.11	1.67	0.0589	0.0692	0.09287336601307189
chr9	134645356	134648998	3643	*	3.63	4.2	2.67	1.52	0.059000000000000004	0.0692	0.09287928221859708
chr9	126939341	126939910	570	*	3.96	4.56	2.9	1.66	0.06	0.0703	0.09400565428109854
chr9	34048245	34048996	752	*	5.76	6.44	4.42	2.02	0.06	0.0704	0.09400565428109854
chr9	6681339	6683041	1703	*	6.82	7.48	5.58	1.9	0.0601	0.0704	0.09400565428109854
chr9	122913996	122914515	520	*	2.95	3.59	1.8	1.79	0.0602	0.0704	0.09400565428109854
chr9	132668947	132669667	721	*	3.42	4.03	2.33	1.7	0.0603	0.0705	0.09400565428109854
chr9	37465977	37467004	1028	*	5.54	6.2	4.3	1.9	0.0603	0.0705	0.09400565428109854
chr9	5826066	5826427	362	*	2.56	3.14	1.57	1.57	0.0606	0.0708	0.09432096774193549
chr9	130694504	130695089	586	*	2.73	3.35	1.59	1.76	0.0607	0.0709	0.09432447665056361
chr9	40991068	40993463	2396	*	6.72	7.36	5.52	1.84	0.0608	0.0709	0.09432797427652732
chr9	134133967	134135758	1792	*	5.58	6.23	4.39	1.84	0.0613	0.0714	0.09495104333868379
chr9	112167497	112170016	2520	*	6.04	6.68	4.86	1.82	0.0616	0.0717	0.0952628205128205
chr9	108092959	108093742	784	*	1.71	2.34	0.56	1.78	0.0618	0.0719	0.09541920000000001
chr9	122464774	122465246	473	*	3.59	4.21	2.45	1.76	0.0631	0.0734	0.09727076677316294
chr9	133133468	133135439	1972	*	6.75	7.43	5.44	1.99	0.0635	0.0737	0.09772929936305733
chr9	121687252	121688024	773	*	3.76	4.39	2.63	1.76	0.0636	0.0738	0.09772929936305733
chr9	5879848	5880555	708	*	3.0	3.61	1.93	1.69	0.0641	0.0743	0.0983410174880763
chr9	133012058	133016705	4648	*	4.24	4.77	3.38	1.39	0.0647	0.0749	0.09910396825396825
chr9	130287897	130288413	517	*	1.58	2.09	0.78	1.31	0.0654	0.0758	0.1000174326465927
chr9	114610672	114612311	1640	*	5.51	6.13	4.4	1.73	0.0658	0.0761	0.10046993670886076
chr9	35095645	35096854	1210	*	5.97	6.58	4.87	1.71	0.066	0.0763	0.10061611374407584
chr9	134163831	134165426	1596	*	6.65	7.29	5.46	1.83	0.0663	0.0766	0.10090708661417323
chr9	126914955	126915899	945	*	5.94	6.59	4.74	1.85	0.0664	0.0767	0.10090708661417323
chr9	76392654	76394504	1851	*	7.19	7.83	6.0	1.83	0.0666	0.0768	0.10105188679245283
chr9	108691277	108691665	389	*	2.69	3.28	1.7	1.58	0.0668	0.077	0.10119623233908948
chr9	5844003	5844786	784	*	4.79	5.48	3.43	2.05	0.0673	0.0775	0.10179388714733542
chr9	32384490	32385247	758	*	5.08	5.73	3.87	1.86	0.068	0.0783	0.10269170579029735
chr9	134385294	134385939	646	*	2.45	3.01	1.52	1.49	0.0684	0.0786	0.10296339563862929
chr9	15350332	15350577	246	*	2.34	2.9	1.41	1.49	0.0685	0.0787	0.10296339563862929
chr9	114588036	114589772	1737	*	5.46	6.13	4.14	2.0	0.0685	0.0787	0.10296339563862929
chr9	38651862	38654856	2995	*	3.46	4.01	2.59	1.42	0.0688	0.079	0.10325349922239503
chr9	34636239	34637336	1098	*	4.63	5.27	3.45	1.82	0.0693	0.0795	0.10384239130434783
chr9	126862560	126863168	609	*	3.47	4.1	2.32	1.78	0.0695	0.0797	0.10398062015503876
chr9	128113869	128115425	1557	*	6.91	7.58	5.63	1.95	0.0703	0.0805	0.10498842592592592
chr9	134066325	134067743	1419	*	7.4	8.07	6.12	1.95	0.0704	0.0806	0.10498842592592592
chr9	114885073	114885585	513	*	3.96	4.58	2.83	1.75	0.0705	0.0806	0.10498842592592592
chr9	122213575	122214165	591	*	3.29	3.89	2.22	1.67	0.0709	0.081	0.10542141756548537
chr9	116686670	116688440	1771	*	5.97	6.62	4.74	1.87	0.0716	0.0817	0.10629846153846154
chr9	35426900	35427203	304	*	1.86	2.42	0.93	1.49	0.0722	0.0824	0.10696030534351145
chr9	132162284	132164917	2634	*	4.51	5.08	3.53	1.55	0.0724	0.0824	0.10696030534351145
chr9	33609801	33615839	6039	*	4.81	5.35	3.95	1.4	0.0724	0.0824	0.10696030534351145
chr9	38392016	38393527	1512	*	6.46	7.06	5.39	1.68	0.0726	0.0826	0.10696030534351145
chr9	15352674	15354450	1777	*	4.88	5.52	3.71	1.82	0.0726	0.0826	0.10696030534351145
chr9	72364456	72365297	842	*	6.13	6.77	4.94	1.83	0.073	0.083	0.10736910197869103
chr9	33162791	33164000	1210	*	5.15	5.8	3.93	1.86	0.0731	0.083	0.10736910197869103
chr9	116547704	116548426	723	*	3.1	3.6	2.32	1.29	0.0736	0.0835	0.10777541729893778
chr9	36407015	36407720	706	*	3.17	3.76	2.14	1.62	0.0736	0.0836	0.10777541729893778
chr9	71737962	71745431	7470	*	8.41	9.06	7.2	1.86	0.0744	0.0843	0.10876323751891073
chr9	126363935	126364348	414	*	1.81	2.35	0.94	1.41	0.0745	0.0845	0.10876323751891073
chr9	35669666	35670188	523	*	2.87	3.44	1.95	1.49	0.0748	0.0847	0.10885316265060241
chr9	37036351	37038614	2264	*	4.56	5.07	3.77	1.31	0.0749	0.0848	0.10885316265060241
chr9	127565667	127571970	6304	*	9.07	9.74	7.79	1.95	0.0749	0.0848	0.10885316265060241
chr9	71726323	71727395	1073	*	3.05	3.6	2.13	1.47	0.0762	0.0861	0.11057593984962406
chr9	108056361	108056821	461	*	3.27	3.92	2.07	1.86	0.0766	0.0865	0.11096776611694154
chr9	6715196	6717929	2734	*	6.33	6.92	5.32	1.61	0.0767	0.0866	0.11096776611694154
chr9	125272932	125273539	608	*	4.35	4.99	3.18	1.81	0.0769	0.0867	0.11106875934230194
chr9	122912266	122913715	1450	*	6.07	6.71	4.89	1.83	0.077	0.0868	0.11106875934230194
chr9	109102449	109103324	876	*	4.5	5.14	3.32	1.82	0.0773	0.0871	0.11133507462686566
chr9	19376148	19376699	552	*	3.69	4.32	2.53	1.79	0.078	0.0879	0.1121758569299553
chr9	6135061	6135743	683	*	3.87	4.49	2.76	1.73	0.0782	0.0879	0.11222592592592592
chr9	128126587	128129200	2614	*	7.08	7.7	5.96	1.74	0.0784	0.0881	0.11222592592592592
chr9	19407796	19408736	941	*	5.1	5.75	3.87	1.88	0.0785	0.0881	0.11222592592592592
chr9	125143807	125144163	357	*	3.53	4.1	2.58	1.52	0.0785	0.0881	0.11222592592592592
chr9	112916142	112917659	1518	*	4.57	5.19	3.47	1.71	0.0787	0.0884	0.11234541420118345
chr9	128370731	128371341	611	*	5.43	6.07	4.27	1.8	0.0792	0.0888	0.11289217134416545
chr9	5827895	5828930	1036	*	3.84	4.41	2.88	1.53	0.0797	0.0893	0.11343731563421829
chr9	75088431	75088882	452	*	4.42	5.01	3.38	1.63	0.08	0.0896	0.11369661266568483
chr9	133355521	133356842	1322	*	6.06	6.69	4.93	1.76	0.0807	0.0904	0.11449632892804698
chr9	35114222	35115044	823	*	4.71	5.32	3.63	1.69	0.0808	0.0904	0.11449632892804698
chr9	6302961	6303452	492	*	2.42	3.0	1.43	1.57	0.0813	0.0909	0.11503592375366568
chr9	128276390	128277461	1072	*	4.64	5.27	3.49	1.78	0.0824	0.0921	0.11642166910688141
chr9	33764390	33764778	389	*	0.18	-0.72	0.73	-1.45	0.0832	0.0928	0.11708853410740201
chr9	122263709	122265324	1616	*	6.79	7.44	5.58	1.87	0.0833	0.0928	0.11708853410740201
chr9	37119532	37121607	2076	*	6.09	6.71	4.97	1.75	0.0833	0.0928	0.11708853410740201
chr9	19229487	19232842	3356	*	7.82	8.45	6.67	1.77	0.0834	0.0928	0.11708853410740201
chr9	107750301	107750780	480	*	2.04	2.63	1.03	1.6	0.0836	0.0929	0.11708853410740201
chr9	134375538	134381283	5746	*	8.35	8.98	7.22	1.76	0.0836	0.0929	0.11708853410740201
chr9	129202929	129203717	789	*	3.98	4.59	2.88	1.72	0.0844	0.0938	0.1180376811594203
chr9	108057555	108060043	2489	*	5.56	6.18	4.45	1.72	0.0846	0.094	0.11814616497829232
chr9	76314003	76314293	291	*	2.28	2.84	1.36	1.48	0.0848	0.0941	0.11825433526011561
chr9	107486835	107487710	876	*	5.8	6.45	4.57	1.88	0.0851	0.0943	0.11846974063400577
chr9	110254294	110256628	2335	*	6.94	7.58	5.79	1.79	0.0852	0.0944	0.11846974063400577
chr9	112378528	112379941	1414	*	6.21	6.84	5.07	1.77	0.0856	0.0947	0.11882255747126436
chr9	33023793	33026929	3137	*	8.05	8.7	6.83	1.88	0.0857	0.0949	0.11882255747126436
chr9	122940938	122941368	431	*	3.45	4.06	2.4	1.66	0.0862	0.0953	0.11910857142857142
chr9	2017794	2018568	775	*	4.18	4.78	3.12	1.67	0.0863	0.0954	0.11910857142857142
chr9	36328294	36328891	598	*	3.27	3.86	2.25	1.61	0.0863	0.0954	0.11910857142857142
chr9	4985139	4986133	995	*	6.15	6.78	5.0	1.78	0.0864	0.0954	0.11910857142857142
chr9	133374245	133376121	1877	*	6.05	6.69	4.9	1.79	0.0866	0.0955	0.11921398002853067
chr9	33000269	33002342	2074	*	6.58	7.21	5.44	1.77	0.0875	0.0965	0.1202475106685633
chr9	122931773	122932718	946	*	4.63	5.27	3.42	1.85	0.0876	0.0965	0.1202475106685633
chr9	35730885	35731418	534	*	2.9	3.47	1.93	1.54	0.0881	0.09699999999999999	0.12076207386363637
chr9	133143891	133144998	1108	*	5.34	5.92	4.32	1.6	0.0893	0.0982	0.12206019830028329
chr9	75086588	75087871	1284	*	5.9	6.52	4.78	1.74	0.0893	0.0983	0.12206019830028329
chr9	133329219	133329617	399	*	2.69	3.23	1.82	1.41	0.09	0.0989	0.12276868829337094
chr9	134356125	134357002	878	*	5.61	6.27	4.39	1.88	0.0901	0.0989	0.12276868829337094
chr9	127450069	127451431	1363	*	7.63	8.29	6.39	1.9	0.0902	0.099	0.12276868829337094
chr9	130054981	130055428	448	*	1.32	1.88	0.39	1.48	0.0909	0.0997	0.12354718309859156
chr9	21249778	21250347	570	*	0.93	1.41	0.19	1.22	0.0914	0.1	0.12405203938115329
chr9	134136199	134136988	790	*	5.21	5.86	4.03	1.82	0.0931	0.102	0.12600490883590462
chr9	1050408	1050914	507	*	1.63	0.89	2.11	-1.22	0.0931	0.102	0.12600490883590462
chr9	15351338	15351922	585	*	2.86	3.46	1.84	1.62	0.0952	0.10400000000000001	0.12866666666666668
chr9	135182180	135183931	1752	*	2.27	2.76	1.51	1.25	0.0955	0.10400000000000001	0.1288916083916084
chr9	33621207	33623409	2203	*	2.76	3.21	2.12	1.09	0.096	0.105	0.1293854748603352
chr9	129319990	129320797	808	*	3.44	3.98	2.57	1.41	0.0962	0.105	0.1294741980474198
chr9	36068752	36070363	1612	*	2.06	2.55	1.31	1.24	0.0966	0.105	0.12983147632311978
chr9	121973268	121974180	913	*	2.37	1.41	2.94	-1.53	0.0968	0.105	0.1299193324061196
chr9	114953364	114954350	987	*	0.93	1.4	0.23	1.16	0.10099999999999999	0.11	0.13536805555555556
chr9	107598221	107599234	1014	*	3.63	4.17	2.76	1.41	0.102	0.111	0.13632963988919666
chr9	26956278	26957057	780	*	5.03	5.65	3.93	1.72	0.102	0.111	0.13632963988919666
chr9	112324534	112326486	1953	*	5.58	6.16	4.59	1.57	0.10300000000000001	0.11199999999999999	0.13747579529737206
chr9	112332305	112333136	832	*	5.4	6.04	4.23	1.8	0.10400000000000001	0.113	0.13823691460055096
chr9	114510083	114510967	885	*	1.56	2.02	0.88	1.14	0.10400000000000001	0.113	0.13823691460055096
chr9	35103315	35103837	523	*	2.28	2.82	1.4	1.42	0.10400000000000001	0.113	0.13823691460055096
chr9	37590840	37592658	1819	*	6.5	7.11	5.41	1.7	0.105	0.114	0.13937414030261347
chr9	109012269	109014064	1796	*	6.8	7.41	5.73	1.67	0.106	0.115	0.14050824175824175
chr9	36273580	36276637	3058	*	6.8	7.45	5.57	1.87	0.107	0.11599999999999999	0.141639231824417
chr9	26946105	26947646	1542	*	6.81	7.44	5.66	1.79	0.10800000000000001	0.11699999999999999	0.14276712328767124
chr9	5829601	5830701	1101	*	5.01	5.62	3.94	1.68	0.11	0.11900000000000001	0.14521203830369359
chr9	1018882	1019645	764	*	1.76	2.22	1.09	1.14	0.11199999999999999	0.121	0.1474488403819918
chr9	75890256	75891118	863	*	4.54	5.06	3.72	1.34	0.11199999999999999	0.121	0.1474488403819918
chr9	21255047	21258647	3601	*	3.09	3.56	2.39	1.17	0.113	0.122	0.14815896739130435
chr9	69121353	69122344	992	*	6.82	7.46	5.63	1.83	0.113	0.122	0.14815896739130435
chr9	109498325	109499341	1017	*	5.08	5.67	4.06	1.6	0.113	0.122	0.14815896739130435
chr9	68492650	68493520	871	*	1.26	1.74	0.52	1.22	0.114	0.122	0.1486621621621622
chr9	124153162	124154855	1694	*	1.58	2.05	0.9	1.15	0.114	0.122	0.1486621621621622
chr9	124034790	124035820	1031	*	1.7	2.19	0.95	1.24	0.114	0.122	0.1486621621621622
chr9	124029785	124030295	511	*	1.16	1.58	0.55	1.02	0.114	0.12300000000000001	0.1486621621621622
chr9	121739118	121740101	984	*	4.0	4.59	3.01	1.58	0.115	0.12300000000000001	0.14956199460916442
chr9	1571070	1572633	1564	*	2.11	2.58	1.41	1.17	0.115	0.12300000000000001	0.14956199460916442
chr9	126718718	126720490	1773	*	2.15	2.66	1.36	1.3	0.12	0.129	0.15585464333781965
chr9	25676707	25679207	2501	*	7.68	8.27	6.66	1.6	0.121	0.13	0.15673154362416108
chr9	37611657	37612282	626	*	3.29	3.75	2.63	1.11	0.121	0.13	0.15673154362416108
chr9	112170538	112172475	1938	*	5.67	6.29	4.58	1.7	0.122	0.13	0.15781501340482573
chr9	21026219	21027685	1467	*	2.5	2.95	1.84	1.11	0.124	0.133	0.16018741633199465
chr9	5820731	5821156	426	*	2.19	2.72	1.36	1.36	0.125	0.134	0.1612633689839572
chr9	109316671	109317032	362	*	2.31	2.84	1.44	1.4	0.127	0.136	0.1636248331108144
chr9	68705420	68706367	948	*	4.99	5.57	4.0	1.56	0.128	0.13699999999999998	0.164474034620506
chr9	130537355	130538397	1043	*	2.33	2.82	1.61	1.21	0.128	0.13699999999999998	0.164474034620506
chr9	131049581	131053726	4146	*	4.49	5.01	3.68	1.33	0.129	0.13699999999999998	0.16553856382978724
chr9	135412560	135412848	289	*	3.15	3.71	2.22	1.5	0.133	0.141	0.1704448871181939
chr9	79569397	79570755	1359	*	2.47	2.87	1.92	0.95	0.139	0.14800000000000002	0.17742724867724868
chr9	4739336	4742052	2717	*	7.69	8.29	6.65	1.64	0.139	0.14800000000000002	0.17742724867724868
chr9	129496130	129497598	1469	*	6.26	6.84	5.26	1.58	0.139	0.14800000000000002	0.17742724867724868
chr9	132973806	132975198	1393	*	2.62	3.07	1.96	1.11	0.14	0.149	0.17846763540290622
chr9	36400982	36401568	587	*	2.8	3.28	2.09	1.18	0.151	0.16	0.19223614775725592
chr9	138163946	138165629	1684	*	0.82	0.24	1.23	-0.99	0.155	0.16399999999999998	0.197068511198946
chr9	127786774	127787403	630	*	3.05	3.59	2.19	1.4	0.156	0.166	0.19807894736842105
chr9	126577285	126579414	2130	*	3.1	3.56	2.44	1.11	0.157	0.16699999999999998	0.19908672798948754
chr9	127555197	127556090	894	*	2.51	2.98	1.8	1.18	0.158	0.168	0.20009186351706038
chr9	981383	982051	669	*	1.93	2.38	1.27	1.12	0.159	0.168	0.20109436435124511
chr9	135782606	135783384	779	*	1.34	1.77	0.73	1.04	0.16	0.16899999999999998	0.20209424083769634
chr9	109401580	109401863	284	*	2.64	3.15	1.83	1.32	0.165	0.174	0.20813725490196078
chr9	34179621	34180578	958	*	4.74	5.28	3.88	1.39	0.16699999999999998	0.177	0.21038511749347258
chr9	122127008	122128103	1096	*	1.88	2.27	1.34	0.93	0.172	0.182	0.21640156453715773
chr9	123998456	123998827	372	*	-0.16	-0.72	0.24	-0.96	0.179	0.188	0.22491536458333333
chr9	111897782	111899496	1715	*	4.09	3.27	4.61	-1.34	0.183	0.192	0.22934415584415585
chr9	111965864	111966197	334	*	1.05	0.41	1.5	-1.09	0.183	0.193	0.22934415584415585
chr9	128077253	128078782	1530	*	4.72	5.24	3.92	1.31	0.18600000000000003	0.196	0.2328015564202335
chr9	72361041	72364028	2988	*	6.46	7.0	5.59	1.41	0.195	0.205	0.24375
chr9	107751217	107752666	1450	*	4.23	4.72	3.5	1.22	0.198	0.20800000000000002	0.2471798188874515
chr9	68420724	68421162	439	*	0.94	1.32	0.43	0.89	0.205	0.21600000000000003	0.2555878552971576
chr9	111661060	111662872	1813	*	5.95	6.43	5.22	1.21	0.213	0.223	0.2648775773195876
chr9	69476779	69478245	1467	*	5.69	6.17	4.95	1.23	0.213	0.223	0.2648775773195876
chr9	5800555	5801383	829	*	2.7	3.13	2.08	1.05	0.21600000000000003	0.226	0.2682625482625483
chr9	126521829	126522385	557	*	1.8	2.22	1.22	1.0	0.22	0.231	0.272879177377892
chr9	126710955	126717102	6148	*	3.91	4.32	3.35	0.97	0.235	0.24600000000000002	0.2911103979460847
chr9	36729029	36729330	302	*	1.27	1.71	0.63	1.08	0.237	0.248	0.29321153846153847
chr9	21274045	21277692	3648	*	2.61	2.98	2.11	0.87	0.243	0.253	0.3002496798975672
chr9	135241487	135245255	3769	*	3.1	3.48	2.57	0.91	0.244	0.255	0.3010997442455243
chr9	34627524	34631362	3839	*	3.55	3.85	3.17	0.68	0.24600000000000002	0.257	0.3031800766283525
chr9	135779819	135781514	1696	*	3.16	3.54	2.66	0.88	0.251	0.262	0.3089477040816327
chr9	131765465	131766671	1207	*	2.34	2.7	1.87	0.83	0.261	0.272	0.3208471337579618
chr9	22662360	22664305	1946	*	2.26	2.62	1.78	0.85	0.276	0.287	0.3388549618320611
chr9	21241291	21242168	878	*	1.53	1.87	1.09	0.78	0.278	0.289	0.340876747141042
chr9	111891375	111892886	1512	*	5.1	5.53	4.49	1.03	0.28	0.29100000000000004	0.3428934010152284
chr9	108933099	108935405	2307	*	6.24	6.66	5.63	1.03	0.295	0.306	0.36080481622306715
chr9	71734333	71735157	825	*	3.24	2.76	3.6	-0.84	0.298	0.309	0.36401265822784806
chr9	37594702	37595127	426	*	2.83	3.23	2.29	0.94	0.303	0.314	0.36965233881163084
chr9	38781460	38782202	743	*	-0.43	-0.72	-0.19	-0.53	0.306	0.317	0.37284090909090906
chr9	124146653	124147251	599	*	0.57	0.86	0.22	0.63	0.31	0.321	0.3772383354350567
chr9	137604644	137605321	678	*	3.58	3.97	3.05	0.93	0.318	0.32899999999999996	0.386
chr9	38815206	38815786	581	*	0.11	-0.26	0.4	-0.67	0.318	0.32899999999999996	0.386
chr9	35905397	35906060	664	*	3.26	3.63	2.77	0.86	0.348	0.359	0.42188442211055277
chr9	4299179	4300105	927	*	3.94	4.26	3.53	0.73	0.353	0.363	0.4274090338770389
chr9	33130644	33132566	1923	*	4.06	3.61	4.4	-0.79	0.391	0.402	0.47282581453634087
chr9	71763953	71769563	5611	*	8.01	8.38	7.5	0.88	0.39899999999999997	0.41100000000000003	0.4818961201501877
chr9	21030567	21032025	1459	*	2.08	2.32	1.8	0.52	0.4	0.41100000000000003	0.48250000000000004
chr9	69506014	69507261	1248	*	4.01	3.59	4.34	-0.75	0.425	0.436	0.5120162297128589
chr9	17535547	17537128	1582	*	1.56	1.81	1.26	0.55	0.435	0.446	0.5234102244389027
chr9	21300705	21304855	4151	*	2.91	3.18	2.57	0.61	0.44299999999999995	0.45399999999999996	0.5323723536737235
chr9	19125230	19129002	3773	*	5.81	5.41	6.12	-0.71	0.462	0.473	0.5545149253731343
chr9	134382886	134383633	748	*	2.17	1.88	2.42	-0.53	0.495	0.506	0.5933850931677018
chr9	21306228	21307844	1617	*	1.3	1.51	1.05	0.46	0.529	0.541	0.6333560794044665
chr9	25602660	25603217	558	*	2.21	1.96	2.41	-0.45	0.56	0.5710000000000001	0.6688118811881189
chr9	110357820	110358296	477	*	2.19	2.4	1.93	0.47	0.56	0.5720000000000001	0.6688118811881189
chr9	21283492	21285036	1545	*	1.81	2.0	1.59	0.4	0.564	0.575	0.6727564894932013
chr9	114271553	114271994	442	*	2.29	2.48	2.06	0.43	0.612	0.623	0.7282120838471023
chr9	6664100	6666410	2311	*	4.28	4.44	4.1	0.34	0.612	0.623	0.7282120838471023
chr9	71737003	71737572	570	*	3.0	3.2	2.76	0.44	0.629	0.639	0.7475184729064039
chr9	21310499	21311844	1346	*	1.99	2.16	1.79	0.37	0.649	0.6579999999999999	0.7703382533825338
chr9	71735532	71736410	879	*	2.67	2.83	2.49	0.34	0.682	0.691	0.8085135135135136
chr9	113443082	113443592	511	*	2.73	2.53	2.9	-0.37	0.6859999999999999	0.6940000000000001	0.8122576687116564
chr9	39749556	39750728	1173	*	-0.31	-0.39	-0.23	-0.17	0.688	0.696	0.813627450980392
chr9	16726372	16727486	1115	*	1.56	1.68	1.43	0.26	0.7	0.708	0.8268053855569155
chr9	706196	707659	1464	*	3.64	3.79	3.48	0.31	0.722	0.7290000000000001	0.8517481662591686
chr9	33027528	33027920	393	*	1.72	1.84	1.58	0.26	0.785	0.79	0.92493894993895
chr9	131278144	131278713	570	*	2.5	2.59	2.39	0.2	0.809	0.8140000000000001	0.9520548780487805
chr9	34956913	34958796	1884	*	2.12	2.01	2.22	-0.21	0.826	0.83	0.9708769792935444
chr9	998398	999031	634	*	-0.52	-0.54	-0.49	-0.04	0.897	0.898	1.0
chr9	122414293	122414734	442	*	2.15	2.1	2.19	-0.1	0.907	0.9079999999999999	1.0
chr9	26893302	26893605	304	*	1.29	1.32	1.26	0.06	0.963	0.963	1.0
chr9	613502	614137	636	*	4.82	5.49	3.57	1.92	1.0	1.0	1.0
chr9	1009019	1009493	475	*	4.86	5.53	3.59	1.94	1.0	1.0	1.0
chr9	1605106	1605539	434	*	2.47	3.19	0.99	2.19	1.0	1.0	1.0
chr9	1915959	1916321	363	*	2.27	2.97	0.82	2.15	1.0	1.0	1.0
chr9	2843513	2844012	500	*	2.29	2.19	2.37	-0.18	1.0	1.0	1.0
chr9	4511222	4511518	297	*	2.23	2.9	0.9	2.0	1.0	1.0	1.0
chr9	4604392	4604902	511	*	4.01	4.69	2.67	2.02	1.0	1.0	1.0
chr9	4759502	4759856	355	*	2.36	3.14	0.56	2.58	1.0	1.0	1.0
chr9	5814147	5815106	960	*	4.49	5.09	3.44	1.65	1.0	1.0	1.0
chr9	5815617	5817897	2281	*	5.32	5.85	4.47	1.38	1.0	1.0	1.0
chr9	5840527	5840897	371	*	1.9	2.46	0.95	1.51	1.0	1.0	1.0
chr9	6006921	6007690	770	*	4.57	5.15	3.57	1.57	1.0	1.0	1.0
chr9	6132579	6133785	1207	*	4.59	5.26	3.31	1.95	1.0	1.0	1.0
chr9	6142451	6142991	541	*	3.23	3.88	2.02	1.86	1.0	1.0	1.0
chr9	6354054	6354301	248	*	0.38	-0.72	1.0	-1.72	1.0	1.0	1.0
chr9	7798633	7799417	785	*	4.18	4.82	3.0	1.81	1.0	1.0	1.0
chr9	9790228	9790592	365	*	3.34	4.1	1.67	2.43	1.0	1.0	1.0
chr9	14846775	14847309	535	*	4.21	4.91	2.76	2.15	1.0	1.0	1.0
chr9	15104847	15105148	302	*	2.75	3.34	1.73	1.62	1.0	1.0	1.0
chr9	16337596	16338185	590	*	3.97	4.73	2.29	2.44	1.0	1.0	1.0
chr9	17063367	17063833	467	*	3.57	4.27	2.14	2.13	1.0	1.0	1.0
chr9	17462825	17463154	330	*	3.18	3.88	1.74	2.14	1.0	1.0	1.0
chr9	17810822	17811384	563	*	4.31	4.97	3.08	1.89	1.0	1.0	1.0
chr9	18442587	18442867	281	*	2.76	3.36	1.73	1.63	1.0	1.0	1.0
chr9	19396868	19398080	1213	*	3.54	-0.72	4.5	-5.22	1.0	1.0	1.0
chr9	19402751	19403465	715	*	4.24	4.91	2.96	1.95	1.0	1.0	1.0
chr9	20620344	20622114	1771	*	5.19	5.88	3.84	2.04	1.0	1.0	1.0
chr9	20941136	20941499	364	*	4.08	4.67	3.05	1.62	1.0	1.0	1.0
chr9	21183100	21183647	548	*	3.27	3.78	2.47	1.32	1.0	1.0	1.0
chr9	21237219	21238638	1420	*	1.47	1.78	1.07	0.71	1.0	1.0	1.0
chr9	21286029	21286964	936	*	0.86	1.19	0.45	0.74	1.0	1.0	1.0
chr9	21318292	21318534	243	*	1.73	2.28	0.82	1.47	1.0	1.0	1.0
chr9	21434300	21435034	735	*	3.48	2.52	4.05	-1.53	1.0	1.0	1.0
chr9	27690482	27691385	904	*	5.16	6.05	2.39	3.66	1.0	1.0	1.0
chr9	32069158	32069819	662	*	3.45	3.99	2.58	1.42	1.0	1.0	1.0
chr9	32383646	32384141	496	*	2.38	3.25	-0.13	3.38	1.0	1.0	1.0
chr9	33129276	33130011	736	*	4.29	4.82	3.45	1.37	1.0	1.0	1.0
chr9	33211080	33211522	443	*	2.59	3.28	1.22	2.06	1.0	1.0	1.0
chr9	33230173	33231040	868	*	3.95	4.71	2.25	2.46	1.0	1.0	1.0
chr9	33233244	33233944	701	*	2.74	3.45	1.32	2.12	1.0	1.0	1.0
chr9	33403306	33403906	601	*	3.98	4.75	2.2	2.55	1.0	1.0	1.0
chr9	33763221	33763776	556	*	2.88	2.73	3.02	-0.3	1.0	1.0	1.0
chr9	33774881	33776217	1337	*	4.2	4.88	2.89	1.99	1.0	1.0	1.0
chr9	33925129	33925579	451	*	3.64	4.34	2.24	2.1	1.0	1.0	1.0
chr9	34252873	34253297	425	*	1.12	-0.54	1.87	-2.41	1.0	1.0	1.0
chr9	34458883	34459180	298	*	2.45	3.0	1.55	1.45	1.0	1.0	1.0
chr9	34500422	34501053	632	*	3.45	4.07	2.32	1.75	1.0	1.0	1.0
chr9	34547769	34548512	744	*	4.54	5.18	3.35	1.82	1.0	1.0	1.0
chr9	34666204	34666632	429	*	2.36	3.0	1.18	1.82	1.0	1.0	1.0
chr9	35069379	35069924	546	*	2.73	3.41	1.41	2.0	1.0	1.0	1.0
chr9	35490626	35491122	497	*	1.98	2.64	0.73	1.92	1.0	1.0	1.0
chr9	35945686	35946148	463	*	3.77	4.42	2.54	1.88	1.0	1.0	1.0
chr9	36039619	36040741	1123	*	2.44	3.13	1.07	2.06	1.0	1.0	1.0
chr9	36066169	36067367	1199	*	2.14	2.73	1.12	1.62	1.0	1.0	1.0
chr9	36081183	36081856	674	*	1.5	2.04	0.62	1.41	1.0	1.0	1.0
chr9	36102665	36103283	619	*	3.61	4.24	2.44	1.8	1.0	1.0	1.0
chr9	36296006	36299036	3031	*	6.56	7.26	5.16	2.1	1.0	1.0	1.0
chr9	37080308	37081563	1256	*	4.32	5.27	0.36	4.91	1.0	1.0	1.0
chr9	38432701	38433180	480	*	1.81	1.96	1.63	0.33	1.0	1.0	1.0
chr9	38641962	38642389	428	*	3.77	4.27	2.99	1.27	1.0	1.0	1.0
chr9	39791141	39791707	567	*	3.23	4.22	-2.69	6.91	1.0	1.0	1.0
chr9	41217422	41217870	449	*	0.43	-0.44	0.97	-1.4	1.0	1.0	1.0
chr9	41332404	41333045	642	*	2.1	-0.72	3.0	-3.72	1.0	1.0	1.0
chr9	42798345	42799094	750	*	2.95	3.28	2.52	0.76	1.0	1.0	1.0
chr9	69877701	69878314	614	*	3.93	4.58	2.7	1.88	1.0	1.0	1.0
chr9	70229653	70230050	398	*	2.08	2.81	0.54	2.27	1.0	1.0	1.0
chr9	71285090	71285550	461	*	4.19	4.84	2.96	1.88	1.0	1.0	1.0
chr9	71595464	71595984	521	*	1.69	2.57	-1.0	3.57	1.0	1.0	1.0
chr9	71681123	71681687	565	*	2.21	2.91	0.8	2.12	1.0	1.0	1.0
chr9	72127231	72127670	440	*	2.71	3.4	1.33	2.07	1.0	1.0	1.0
chr9	72271905	72272478	574	*	4.76	5.49	3.25	2.23	1.0	1.0	1.0
chr9	72461448	72461812	365	*	1.89	2.66	0.1	2.56	1.0	1.0	1.0
chr9	77150833	77151363	531	*	4.29	4.99	2.89	2.09	1.0	1.0	1.0
chr9	107754421	107755202	782	*	3.36	3.99	2.2	1.79	1.0	1.0	1.0
chr9	107794822	107795380	559	*	3.0	3.57	2.07	1.5	1.0	1.0	1.0
chr9	108038282	108038799	518	*	2.49	2.98	1.75	1.23	1.0	1.0	1.0
chr9	109183313	109183845	533	*	4.03	4.72	2.65	2.06	1.0	1.0	1.0
chr9	109903494	109903826	333	*	2.8	3.36	1.89	1.47	1.0	1.0	1.0
chr9	110623480	110623797	318	*	4.1	4.82	2.61	2.2	1.0	1.0	1.0
chr9	111621887	111622352	466	*	4.13	4.76	2.99	1.77	1.0	1.0	1.0
chr9	112118239	112118798	560	*	2.12	2.78	0.87	1.91	1.0	1.0	1.0
chr9	112361506	112362006	501	*	3.64	4.32	2.32	1.99	1.0	1.0	1.0
chr9	113056271	113057390	1120	*	3.25	-0.72	4.21	-4.93	1.0	1.0	1.0
chr9	113380469	113383584	3116	*	5.83	6.44	4.77	1.67	1.0	1.0	1.0
chr9	113388725	113389473	749	*	3.45	4.08	2.31	1.77	1.0	1.0	1.0
chr9	114107693	114108253	561	*	5.03	5.65	3.92	1.73	1.0	1.0	1.0
chr9	114118675	114119562	888	*	3.19	3.84	1.96	1.88	1.0	1.0	1.0
chr9	114504354	114506102	1749	*	6.43	7.12	5.07	2.05	1.0	1.0	1.0
chr9	116494856	116495444	589	*	4.25	4.96	2.78	2.18	1.0	1.0	1.0
chr9	116572132	116572624	493	*	4.63	5.33	3.22	2.12	1.0	1.0	1.0
chr9	116589208	116589799	592	*	4.51	5.07	3.58	1.5	1.0	1.0	1.0
chr9	118595839	118596057	219	*	3.1	3.76	1.88	1.88	1.0	1.0	1.0
chr9	121594270	121594804	535	*	3.83	4.8	-0.79	5.59	1.0	1.0	1.0
chr9	121599830	121600505	676	*	4.07	4.73	2.82	1.91	1.0	1.0	1.0
chr9	121719764	121720225	462	*	2.43	3.11	1.09	2.02	1.0	1.0	1.0
chr9	121971052	121972301	1250	*	3.36	4.05	1.95	2.1	1.0	1.0	1.0
chr9	122092173	122093344	1172	*	5.66	6.32	4.43	1.89	1.0	1.0	1.0
chr9	122230323	122231869	1547	*	2.21	2.74	1.36	1.38	1.0	1.0	1.0
chr9	123327894	123329124	1231	*	4.83	5.47	3.67	1.8	1.0	1.0	1.0
chr9	124002933	124006065	3133	*	3.05	3.6	2.15	1.46	1.0	1.0	1.0
chr9	124126604	124127500	897	*	5.28	5.97	3.93	2.04	1.0	1.0	1.0
chr9	126558101	126558590	490	*	4.68	5.37	3.31	2.06	1.0	1.0	1.0
chr9	126985286	126985952	667	*	4.68	5.35	3.39	1.97	1.0	1.0	1.0
chr9	126987976	126988820	845	*	3.05	3.8	1.42	2.38	1.0	1.0	1.0
chr9	127066187	127067577	1391	*	3.48	4.07	2.49	1.58	1.0	1.0	1.0
chr9	127073614	127074637	1024	*	3.63	4.21	2.63	1.58	1.0	1.0	1.0
chr9	127187862	127189046	1185	*	3.39	4.05	2.13	1.93	1.0	1.0	1.0
chr9	127503750	127504346	597	*	4.37	5.03	3.12	1.91	1.0	1.0	1.0
chr9	127716090	127716406	317	*	2.35	3.09	0.74	2.35	1.0	1.0	1.0
chr9	127764089	127764537	449	*	3.49	4.14	2.25	1.89	1.0	1.0	1.0
chr9	127987791	127988403	613	*	2.89	3.39	2.13	1.26	1.0	1.0	1.0
chr9	128079285	128080212	928	*	4.54	5.29	2.91	2.38	1.0	1.0	1.0
chr9	128116666	128117237	572	*	2.14	2.81	0.83	1.98	1.0	1.0	1.0
chr9	128922236	128922546	311	*	1.16	-0.72	1.95	-2.67	1.0	1.0	1.0
chr9	129783696	129784135	440	*	3.15	3.89	1.58	2.3	1.0	1.0	1.0
chr9	130099714	130100058	345	*	0.62	-0.18	1.13	-1.31	1.0	1.0	1.0
chr9	130411598	130412323	726	*	3.23	3.86	2.08	1.78	1.0	1.0	1.0
chr9	130414687	130415209	523	*	3.24	3.96	1.73	2.24	1.0	1.0	1.0
chr9	130415593	130415901	309	*	1.91	2.55	0.74	1.81	1.0	1.0	1.0
chr9	130461269	130461637	369	*	3.54	4.45	0.51	3.95	1.0	1.0	1.0
chr9	130771055	130771335	281	*	2.97	3.58	1.9	1.68	1.0	1.0	1.0
chr9	131740178	131740566	389	*	2.71	3.37	1.42	1.96	1.0	1.0	1.0
chr9	132169926	132170371	446	*	3.25	3.87	2.14	1.73	1.0	1.0	1.0
chr9	132236542	132236949	408	*	2.47	3.2	0.92	2.27	1.0	1.0	1.0
chr9	132405774	132406628	855	*	3.85	4.58	2.31	2.26	1.0	1.0	1.0
chr9	132574958	132575496	539	*	5.06	5.8	3.44	2.36	1.0	1.0	1.0
chr9	133019462	133020653	1192	*	1.07	1.34	0.73	0.61	1.0	1.0	1.0
chr9	133022371	133022922	552	*	5.24	5.87	4.07	1.8	1.0	1.0	1.0
chr9	133352008	133352332	325	*	3.47	4.17	2.09	2.07	1.0	1.0	1.0
chr9	133403692	133404014	323	*	1.89	2.66	0.14	2.52	1.0	1.0	1.0
chr9	133437767	133438230	464	*	4.1	5.06	-0.2	5.26	1.0	1.0	1.0
chr9	133620395	133624164	3770	*	2.47	2.4	2.53	-0.14	1.0	1.0	1.0
chr9	133994390	133994721	332	*	3.03	4.02	-2.69	6.71	1.0	1.0	1.0
chr9	134099145	134099480	336	*	4.19	4.91	2.71	2.2	1.0	1.0	1.0
chr9	134340614	134341243	630	*	2.78	3.31	1.94	1.38	1.0	1.0	1.0
chr9	134357961	134358826	866	*	3.97	4.58	2.89	1.68	1.0	1.0	1.0
chr9	134527331	134528743	1413	*	1.96	2.55	0.93	1.62	1.0	1.0	1.0
chr9	134544069	134545202	1134	*	0.46	-0.72	1.1	-1.82	1.0	1.0	1.0
chr9	134895027	134896315	1289	*	1.55	2.03	0.81	1.22	1.0	1.0	1.0
chr9	135504511	135505198	688	*	3.63	4.22	2.61	1.61	1.0	1.0	1.0
chr9	135797509	135797942	434	*	2.9	3.5	1.86	1.64	1.0	1.0	1.0
